GAME_ID,GAME_DATE,HOME_TEAM,AWAY_TEAM,PTS_HOME,PTS_AWAY,TOTAL_POINTS,IS_FINAL,PACE_HOME,OFFRTG_HOME,DEFRTG_HOME,NETRTG_HOME,TS_HOME,EFG_HOME,PACE_AWAY,OFFRTG_AWAY,DEFRTG_AWAY,NETRTG_AWAY,TS_AWAY,EFG_AWAY,PACE_DIFF,OFFRTG_DIFF,DEFRTG_DIFF,NETRTG_DIFF,TS_DIFF,EFG_DIFF,HOME_GAMES_LAST3,AWAY_GAMES_LAST3,HOME_GAMES_LAST5,AWAY_GAMES_LAST5,HOME_REST_DAYS,AWAY_REST_DAYS,HOME_B2B,AWAY_B2B,ROAD_TRIP_HOME,ROAD_TRIP_AWAY,ROAD_TRIP_LEN_HOME,ROAD_TRIP_LEN_AWAY,FORMA_HOME_3,FORMA_AWAY_3,DIFESA_HOME_3,DIFESA_AWAY_3,MATCHUP_HOME_3,MATCHUP_AWAY_3,FORMA_HOME_5,FORMA_AWAY_5,DIFESA_HOME_5,DIFESA_AWAY_5,MATCHUP_HOME_5,MATCHUP_AWAY_5,FORMA_HOME_10,FORMA_AWAY_10,DIFESA_HOME_10,DIFESA_AWAY_10,MATCHUP_HOME_10,MATCHUP_AWAY_10,STREAK_HOME,STREAK_AWAY,PDIFF_HOME,PDIFF_AWAY,3IN4_HOME,3IN4_AWAY,4IN6_HOME,4IN6_AWAY,GAMES_LAST4_HOME,GAMES_LAST4_AWAY,GAMES_LAST6_HOME,GAMES_LAST6_AWAY,REST_DIFF,FORMA_SUM_5,FORMA_DIFF_5,DIFESA_SUM_5,REST_ADV_FLAG,LAST_GAME_ROADTRIP_HOME,LAST_GAME_ROADTRIP_AWAY,SEASON_PHASE,COAST_TRAVEL,TREND_HOME,TREND_AWAY,AVG_PACE,H2H_AVG_TOTAL_LASTN,THREEPT_DIFF,REB_DIFF,TOV_DIFF,END_SEASON_FLAG,ALL_STAR_FLAG,PLAYOFF_RACE_FLAG,FATIGUE_HOME,FATIGUE_AWAY,KEY_PLAYERS_OUT_HOME,KEY_PLAYERS_OUT_AWAY,IMPACT_HOME,IMPACT_AWAY
22500001,2025-10-21,OKC,HOU,125.0,124.0,249.0,True,101.94,110.8,102.4,8.5,,0.525,102.57,114.5,110.3,4.2,,0.528,-0.6299999999999955,-3.700000000000003,-7.899999999999992,4.3,,-0.003,0,0,0,0,3.0,3.0,0,0,0,1,0,1,,,,,,,,,,,,,,,,,,,1,-1,1.0,-1.0,0,0,0,0,1,1,1,1,0,0,0,0,0,0,0,0,0,1.0,-1.0,102.255,,0,0,0,1,0,1,2,2,1.0,0.0,13.8,0.0
22500002,2025-10-21,LAL,GSW,109.0,119.0,228.0,True,100.88,110.6,110.1,0.5,,0.54,102.5,107.5,107.5,0.0,,0.526,-1.6200000000000043,3.0999999999999943,2.5999999999999943,0.5,,0.014,0,0,0,0,3.0,3.0,0,0,0,1,0,1,,,,,,,,,,,,,,,,,,,-1,1,-10.0,10.0,0,0,0,0,1,1,1,1,0,0,0,0,0,0,0,0,0,-10.0,10.0,101.69,,0,0,0,1,0,1,2,2,1.0,1.2,14.0,15.690000000000001
22500003,2025-10-22,NYK,CLE,119.0,111.0,230.0,True,101.59,112.5,111.9,0.6,,0.516,102.45,111.4,109.5,1.9,,0.517,-0.8599999999999994,1.0999999999999943,2.4000000000000057,-1.2999999999999998,,-0.001,0,0,0,0,3.0,3.0,0,0,0,1,0,1,,,,,,,,,,,,,,,,,,,1,-1,8.0,-8.0,0,0,0,0,1,1,1,1,0,0,0,0,0,0,0,0,0,8.0,-8.0,102.02,,0,0,0,1,0,1,2,2,0.35,0.25,7.005,4.525
22500004,2025-10-22,DAL,SAS,92.0,125.0,217.0,True,102.0,100.9,105.9,-5.0,,0.487,100.52,109.9,104.3,5.6,,0.539,1.480000000000004,-9.0,1.6000000000000083,-10.6,,-0.052,0,0,0,0,3.0,3.0,0,0,0,1,0,1,,,,,,,,,,,,,,,,,,,-1,1,-33.0,33.0,0,0,0,0,1,1,1,1,0,0,0,0,0,0,0,0,0,-33.0,33.0,101.26,,0,0,0,1,0,1,2,2,0.0,1.0,0.0,23.5
22500080,2025-10-22,CHA,BKN,136.0,117.0,253.0,True,103.62,115.6,109.0,6.6,,0.557,102.16,108.1,117.5,-9.5,,0.502,1.460000000000008,7.5,-8.5,16.1,,0.055,0,0,0,0,3.0,3.0,0,0,0,1,0,1,,,,,,,,,,,,,,,,,,,1,-1,19.0,-19.0,0,0,0,0,1,1,1,1,0,0,0,0,0,0,0,0,0,19.0,-19.0,102.89,,0,0,0,1,0,1,2,2,0.0,0.0,0.0,0.0
22500081,2025-10-22,ORL,MIA,125.0,121.0,246.0,True,103.6,105.4,110.7,-5.3,,0.505,106.33,108.3,108.0,0.3,,0.545,-2.730000000000004,-2.8999999999999915,2.700000000000003,-5.6,,-0.04,0,0,0,0,3.0,3.0,0,0,0,1,0,1,,,,,,,,,,,,,,,,,,,1,-1,4.0,-4.0,0,0,0,0,1,1,1,1,0,0,0,0,0,0,0,0,0,4.0,-4.0,104.965,,0,0,0,1,0,1,2,2,0.0,0.0,0.0,0.0
22500082,2025-10-22,ATL,TOR,118.0,138.0,256.0,True,103.41,112.4,112.0,0.5,,0.542,105.41,112.2,106.5,5.8,,0.548,-2.0,0.2000000000000028,5.5,-5.3,,-0.006,0,0,0,0,3.0,3.0,0,0,0,1,0,1,,,,,,,,,,,,,,,,,,,-1,1,-20.0,20.0,0,0,0,0,1,1,1,1,0,0,0,0,0,0,0,0,0,-20.0,20.0,104.41,,0,0,0,1,0,1,2,2,0.0,0.0,0.0,0.0
22500083,2025-10-22,BOS,PHI,116.0,117.0,233.0,True,100.03,113.1,106.4,6.8,,0.515,101.72,110.4,110.3,0.1,,0.514,-1.6899999999999975,2.6999999999999886,-3.899999999999991,6.7,,0.001,0,0,0,0,3.0,3.0,0,0,0,1,0,1,,,,,,,,,,,,,,,,,,,-1,1,-1.0,1.0,0,0,0,0,1,1,1,1,0,0,0,0,0,0,0,0,0,-1.0,1.0,100.875,,0,0,0,1,0,1,2,2,0.25,0.0,6.975,0.0
22500084,2025-10-22,CHI,DET,115.0,111.0,226.0,True,105.81,112.4,112.3,0.2,,0.552,102.25,111.9,107.1,4.8,,0.518,3.5600000000000023,0.5,5.200000000000003,-4.6,,0.034,0,0,0,0,3.0,3.0,0,0,0,1,0,1,,,,,,,,,,,,,,,,,,,1,-1,4.0,-4.0,0,0,0,0,1,1,1,1,0,0,0,0,0,0,0,0,0,4.0,-4.0,104.03,,0,0,0,1,0,1,2,2,1.0,0.0,24.0,0.0
22500085,2025-10-22,MEM,NOP,128.0,122.0,250.0,True,104.2,108.8,111.5,-2.7,,0.509,103.58,102.8,114.8,-12.0,,0.48,0.6200000000000045,6.0,-3.299999999999997,9.3,,0.029,0,0,0,0,3.0,3.0,0,0,0,1,0,1,,,,,,,,,,,,,,,,,,,1,-1,6.0,-6.0,0,0,0,0,1,1,1,1,0,0,0,0,0,0,0,0,0,6.0,-6.0,103.89,,0,0,0,1,0,1,2,2,1.0,0.0,12.3,0.0
22500086,2025-10-22,MIL,WAS,133.0,120.0,253.0,True,103.36,112.1,114.3,-2.3,,0.557,104.8,101.7,114.3,-12.6,,0.512,-1.4399999999999975,10.399999999999991,0.0,10.3,,0.045,0,0,0,0,3.0,3.0,0,0,0,1,0,1,,,,,,,,,,,,,,,,,,,1,-1,13.0,-13.0,0,0,0,0,1,1,1,1,0,0,0,0,0,0,0,0,0,13.0,-13.0,104.08,,0,0,0,1,0,1,2,2,0.1,0.0,3.12,0.0
22500087,2025-10-22,UTA,LAC,129.0,108.0,237.0,True,104.68,107.6,110.7,-3.0,,0.503,100.81,106.9,109.9,-3.0,,0.533,3.870000000000005,0.6999999999999886,0.7999999999999972,0.0,,-0.03,0,0,0,0,3.0,3.0,0,0,0,1,0,1,,,,,,,,,,,,,,,,,,,1,-1,21.0,-21.0,0,0,0,0,1,1,1,1,0,0,0,0,0,0,0,0,0,21.0,-21.0,102.745,,0,0,0,1,0,1,2,2,1.0,0.0,9.9,0.0
22500088,2025-10-22,PHX,SAC,120.0,116.0,236.0,True,103.38,109.5,110.7,-1.1,,0.539,102.31,112.3,110.4,1.9,,0.549,1.0699999999999932,-2.799999999999997,0.2999999999999971,-3.0,,-0.01,0,0,0,0,3.0,3.0,0,0,0,1,0,1,,,,,,,,,,,,,,,,,,,1,-1,4.0,-4.0,0,0,0,0,1,1,1,1,0,0,0,0,0,0,0,0,0,4.0,-4.0,102.845,,0,0,0,1,0,1,2,2,1.1,2.0,17.35,32.2
22500089,2025-10-22,POR,MIN,114.0,118.0,232.0,True,106.44,111.2,107.2,4.0,,0.519,102.16,112.9,111.2,1.7,,0.553,4.280000000000001,-1.7000000000000028,-4.0,2.3,,-0.034,0,0,0,0,3.0,3.0,0,0,0,1,0,1,,,,,,,,,,,,,,,,,,,-1,1,-4.0,4.0,0,0,0,0,1,1,1,1,0,0,0,0,0,0,0,0,0,-4.0,4.0,104.3,,0,0,0,1,0,1,2,2,0.0,0.25,0.0,6.625
22500006,2025-10-23,GSW,DEN,137.0,131.0,268.0,True,102.5,107.5,107.5,0.0,,0.526,102.17,115.4,107.6,7.7,,0.546,0.3299999999999983,-7.900000000000006,-0.0999999999999943,-7.7,,-0.02,0,0,0,0,2.0,3.0,0,0,0,1,0,1,119.0,,109.0,,,,119.0,,109.0,,,,119.0,,109.0,,,,2,-1,8.0,-6.0,0,0,0,0,2,1,2,1,0,0,0,0,0,0,0,0,0,8.0,-6.0,102.335,,0,0,0,1,0,1,1,2,1.0,0.0,12.3,0.0
22500005,2025-10-23,IND,OKC,135.0,141.0,276.0,True,104.24,108.4,115.2,-6.7,,0.501,101.94,110.8,102.4,8.5,,0.525,2.299999999999997,-2.3999999999999915,12.799999999999995,-15.2,,-0.024,0,0,0,0,3.0,2.0,0,0,0,1,0,1,,125.0,,124.0,,,,125.0,,124.0,,,,125.0,,124.0,,,-1,2,-6.0,3.5,0,0,0,0,1,2,1,2,0,0,0,0,0,0,0,0,1,-6.0,3.5,103.09,,0,0,0,1,0,1,2,1,0.0,1.0,0.0,13.8
22500018,2025-10-24,NYK,BOS,105.0,95.0,200.0,True,101.59,112.5,111.9,0.6,,0.516,100.03,113.1,106.4,6.8,,0.515,1.5600000000000025,-0.5999999999999943,5.5,-6.2,,0.001,1,0,1,0,2.0,2.0,0,0,0,1,0,1,119.0,116.0,111.0,117.0,2.0,5.0,119.0,116.0,111.0,117.0,2.0,5.0,119.0,116.0,111.0,117.0,2.0,5.0,2,-2,9.0,-5.5,0,0,0,0,2,2,2,2,0,0,0,0,0,0,0,0,0,9.0,-5.5,100.81,,0,0,0,1,0,1,1,1,0.35,0.0,7.005,0.0
22500019,2025-10-24,LAL,MIN,128.0,110.0,238.0,True,100.88,110.6,110.1,0.5,,0.54,102.16,112.9,111.2,1.7,,0.553,-1.2800000000000011,-2.3000000000000114,-1.1000000000000083,-1.2,,-0.013,1,1,1,1,3.0,2.0,0,0,0,1,0,2,109.0,118.0,119.0,114.0,-5.0,-1.0,109.0,118.0,119.0,114.0,-5.0,-1.0,109.0,118.0,119.0,114.0,-5.0,-1.0,1,-1,4.0,-7.0,0,0,0,0,2,2,2,2,0,0,0,0,0,0,0,0,0,4.0,-7.0,101.52,,0,0,0,1,0,1,2,1,1.0,0.0,14.0,0.0
22500090,2025-10-24,ORL,ATL,107.0,111.0,218.0,True,103.6,105.4,110.7,-5.3,,0.505,103.41,112.4,112.0,0.5,,0.542,0.1899999999999977,-7.0,-1.2999999999999972,-5.8,,-0.037,1,0,1,0,2.0,2.0,0,0,0,1,0,1,125.0,118.0,121.0,138.0,-13.0,-3.0,125.0,118.0,121.0,138.0,-13.0,-3.0,125.0,118.0,121.0,138.0,-13.0,-3.0,-1,1,0.0,-8.0,0,0,0,0,2,2,2,2,0,0,0,0,0,0,0,0,0,0.0,-8.0,103.505,,0,0,0,1,0,1,1,1,0.0,1.0,0.0,18.4
22500091,2025-10-24,BKN,CLE,124.0,131.0,255.0,True,102.16,108.1,117.5,-9.5,,0.502,102.45,111.4,109.5,1.9,,0.517,-0.2900000000000062,-3.3000000000000114,8.0,-11.4,,-0.015,0,1,0,1,2.0,2.0,0,0,0,1,0,2,117.0,111.0,136.0,119.0,-2.0,-25.0,117.0,111.0,136.0,119.0,-2.0,-25.0,117.0,111.0,136.0,119.0,-2.0,-25.0,-2,1,-13.0,-0.5,0,0,0,0,2,2,2,2,0,0,0,0,0,0,0,0,0,-13.0,-0.5,102.305,,0,0,0,1,0,1,1,1,0.0,0.25,0.0,4.525
22500092,2025-10-24,TOR,MIL,116.0,122.0,238.0,True,105.41,112.2,106.5,5.8,,0.548,103.36,112.1,114.3,-2.3,,0.557,2.049999999999997,0.1000000000000085,-7.799999999999997,8.1,,-0.009,0,0,0,0,2.0,2.0,0,0,0,1,0,1,138.0,133.0,118.0,120.0,18.0,15.0,138.0,133.0,118.0,120.0,18.0,15.0,138.0,133.0,118.0,120.0,18.0,15.0,-1,2,7.0,9.5,0,0,0,0,2,2,2,2,0,0,0,0,0,0,0,0,0,7.0,9.5,104.385,,0,0,0,1,0,1,1,1,0.0,0.0,0.0,0.0
22500093,2025-10-24,HOU,DET,111.0,115.0,226.0,True,102.57,114.5,110.3,4.2,,0.528,102.25,111.9,107.1,4.8,,0.518,0.3199999999999932,2.5999999999999943,3.200000000000003,-0.5999999999999996,,0.01,0,1,0,1,3.0,2.0,0,0,0,1,0,2,124.0,111.0,125.0,115.0,9.0,-14.0,124.0,111.0,125.0,115.0,9.0,-14.0,124.0,111.0,125.0,115.0,9.0,-14.0,-2,1,-2.5,0.0,0,0,0,0,2,2,2,2,0,0,0,0,0,0,0,0,1,-2.5,0.0,102.41,,0,0,0,1,0,1,2,1,0.0,0.0,0.0,0.0
22500094,2025-10-24,MEM,MIA,114.0,146.0,260.0,True,104.2,108.8,111.5,-2.7,,0.509,106.33,108.3,108.0,0.3,,0.545,-2.1299999999999955,0.5,3.5,-3.0,,-0.036,1,1,1,1,2.0,2.0,0,0,0,1,0,2,128.0,121.0,122.0,125.0,3.0,-1.0,128.0,121.0,122.0,125.0,3.0,-1.0,128.0,121.0,122.0,125.0,3.0,-1.0,-1,1,-13.0,14.0,0,0,0,0,2,2,2,2,0,0,0,0,0,0,0,0,1,-13.0,14.0,105.265,,0,0,0,1,0,1,1,1,1.25,0.0,16.775,0.0
22500095,2025-10-24,NOP,SAS,116.0,120.0,236.0,True,103.58,102.8,114.8,-12.0,,0.48,100.52,109.9,104.3,5.6,,0.539,3.0600000000000023,-7.1000000000000085,10.5,-17.6,,-0.059,0,1,0,1,2.0,2.0,0,0,0,1,0,2,122.0,125.0,128.0,92.0,30.0,-3.0,122.0,125.0,128.0,92.0,30.0,-3.0,122.0,125.0,128.0,92.0,30.0,-3.0,-2,2,-5.0,18.5,0,0,0,0,2,2,2,2,0,0,0,0,0,0,0,0,0,-5.0,18.5,102.05,,0,0,0,1,0,1,1,1,0.0,1.0,0.0,23.5
22500096,2025-10-24,DAL,WAS,107.0,117.0,224.0,True,102.0,100.9,105.9,-5.0,,0.487,104.8,101.7,114.3,-12.6,,0.512,-2.799999999999997,-0.7999999999999972,-8.399999999999991,7.6,,-0.025,1,1,1,1,2.0,2.0,0,0,0,1,0,2,92.0,120.0,125.0,133.0,-41.0,-5.0,92.0,120.0,125.0,133.0,-41.0,-5.0,92.0,120.0,125.0,133.0,-41.0,-5.0,-2,1,-21.5,-1.5,0,0,0,0,2,2,2,2,0,0,0,0,0,0,0,0,1,-21.5,-1.5,103.4,,0,0,0,1,0,1,1,1,0.0,0.0,0.0,0.0
22500097,2025-10-24,POR,GSW,139.0,119.0,258.0,True,106.44,111.2,107.2,4.0,,0.519,102.5,107.5,107.5,0.0,,0.526,3.9399999999999977,3.700000000000003,-0.2999999999999971,4.0,,-0.007,1,1,1,1,2.0,1.0,0,0,0,1,0,1,114.0,128.0,118.0,120.0,-6.0,10.0,114.0,128.0,118.0,120.0,-6.0,10.0,114.0,128.0,118.0,120.0,-6.0,10.0,1,-1,8.0,-1.3333333333333333,0,1,0,0,2,3,2,3,0,0,0,0,0,0,0,0,0,8.0,-1.3333333333333333,104.47,,0,0,0,1,0,1,1,-2,0.0,0.1,0.0,1.3800000000000001
22500098,2025-10-24,SAC,UTA,105.0,104.0,209.0,True,102.31,112.3,110.4,1.9,,0.549,104.68,107.6,110.7,-3.0,,0.503,-2.3700000000000045,4.700000000000003,-0.2999999999999971,4.9,,0.046,0,0,0,0,2.0,2.0,0,0,0,1,0,1,116.0,129.0,120.0,108.0,8.0,9.0,116.0,129.0,120.0,108.0,8.0,9.0,116.0,129.0,120.0,108.0,8.0,9.0,1,-1,-1.5,10.0,0,0,0,0,2,2,2,2,0,0,0,0,0,0,0,0,0,-1.5,10.0,103.495,,0,0,0,1,0,1,1,1,1.0,1.0,15.0,9.9
22500099,2025-10-24,LAC,PHX,129.0,102.0,231.0,True,100.81,106.9,109.9,-3.0,,0.533,103.38,109.5,110.7,-1.1,,0.539,-2.569999999999993,-2.5999999999999943,-0.7999999999999972,-1.9,,-0.006,0,0,0,0,2.0,2.0,0,0,0,1,0,1,108.0,120.0,129.0,116.0,-8.0,-9.0,108.0,120.0,129.0,116.0,-8.0,-9.0,108.0,120.0,129.0,116.0,-8.0,-9.0,1,-1,3.0,-11.5,0,0,0,0,2,2,2,2,0,0,0,0,0,0,0,0,0,3.0,-11.5,102.095,,0,0,0,1,0,1,1,1,0.0,1.0,0.0,15.5
22500104,2025-10-25,DEN,PHX,133.0,111.0,244.0,True,102.17,115.4,107.6,7.7,,0.546,103.38,109.5,110.7,-1.1,,0.539,-1.2099999999999935,5.900000000000006,-3.1000000000000085,8.8,,0.007,0,1,0,1,2.0,1.0,0,1,0,1,0,2,131.0,111.0,137.0,122.5,8.5,-26.0,131.0,111.0,137.0,122.5,8.5,-26.0,131.0,111.0,137.0,122.5,8.5,-26.0,1,-2,8.0,-15.0,0,1,0,0,2,3,2,3,0,0,0,0,0,0,0,0,0,8.0,-15.0,102.775,,0,0,0,1,0,1,1,-3,0.0,2.0,0.0,27.8
22500102,2025-10-25,PHI,CHA,125.0,121.0,246.0,True,101.72,110.4,110.3,0.1,,0.514,103.62,115.6,109.0,6.6,,0.557,-1.9000000000000057,-5.199999999999989,1.2999999999999972,-6.5,,-0.043,0,0,0,0,3.0,3.0,0,0,0,1,0,1,117.0,136.0,116.0,117.0,0.0,20.0,117.0,136.0,116.0,117.0,0.0,20.0,117.0,136.0,116.0,117.0,0.0,20.0,2,-1,2.5,7.5,0,0,0,0,2,2,2,2,0,0,0,0,0,0,0,0,0,2.5,7.5,102.67,,0,0,0,1,0,1,2,2,0.0,0.0,0.0,0.0
22500103,2025-10-25,MEM,IND,128.0,103.0,231.0,True,104.2,108.8,111.5,-2.7,,0.509,104.24,108.4,115.2,-6.7,,0.501,-0.039999999999992,0.3999999999999915,-3.700000000000003,4.0,,0.008,2,0,2,0,1.0,2.0,1,0,0,1,0,1,121.0,135.0,134.0,141.0,-20.0,1.0,121.0,135.0,134.0,141.0,-20.0,1.0,121.0,135.0,134.0,141.0,-20.0,1.0,1,-2,-0.3333333333333333,-15.5,1,0,0,0,3,2,3,2,0,0,0,0,0,0,0,0,1,-0.3333333333333333,-15.5,104.22,,0,0,0,1,0,1,-3,1,1.25,1.0,15.775,19.0
22500100,2025-10-25,ORL,CHI,98.0,110.0,208.0,True,103.6,105.4,110.7,-5.3,,0.505,105.81,112.4,112.3,0.2,,0.552,-2.210000000000008,-7.0,-1.5999999999999943,-5.5,,-0.047,2,0,2,0,1.0,3.0,1,0,0,1,0,1,116.0,115.0,116.0,111.0,5.0,-1.0,116.0,115.0,116.0,111.0,5.0,-1.0,116.0,115.0,116.0,111.0,5.0,-1.0,-2,2,-4.0,8.0,1,0,0,0,3,2,3,2,0,0,0,0,0,0,0,0,0,-4.0,8.0,104.705,,0,0,0,1,0,1,-3,2,1.0,1.0,14.4,24.0
22500101,2025-10-25,ATL,OKC,100.0,117.0,217.0,True,103.41,112.4,112.0,0.5,,0.542,101.94,110.8,102.4,8.5,,0.525,1.4699999999999989,1.6000000000000083,9.599999999999994,-8.0,,0.017,1,1,1,1,1.0,2.0,0,0,0,1,0,2,114.5,133.0,122.5,129.5,-15.0,10.5,114.5,133.0,122.5,129.5,-15.0,10.5,114.5,133.0,122.5,129.5,-15.0,10.5,-1,3,-11.0,8.0,1,0,0,0,3,2,3,3,0,0,0,0,0,0,0,0,1,-11.0,8.0,102.675,,0,0,0,1,0,1,-2,1,2.0,1.0,40.8,13.8
22500111,2025-10-26,DAL,TOR,139.0,129.0,268.0,True,102.0,100.9,105.9,-5.0,,0.487,105.41,112.2,106.5,5.8,,0.548,-3.4099999999999966,-11.299999999999995,-0.5999999999999943,-10.8,,-0.061,1,0,2,1,2.0,2.0,0,0,0,1,0,1,99.5,127.0,121.0,120.0,-20.5,6.0,99.5,127.0,121.0,120.0,-20.5,6.0,99.5,127.0,121.0,120.0,-20.5,6.0,1,-2,-11.0,1.3333333333333333,0,0,0,0,2,2,3,3,0,0,0,0,0,0,0,0,1,-11.0,1.3333333333333333,103.705,,0,0,0,1,0,1,1,1,0.0,0.0,0.0,0.0
22500105,2025-10-26,SAS,BKN,118.0,107.0,225.0,True,100.52,109.9,104.3,5.6,,0.539,102.16,108.1,117.5,-9.5,,0.502,-1.6400000000000006,1.8000000000000114,-13.200000000000005,15.1,,0.037,0,0,0,1,2.0,2.0,0,0,0,1,0,1,122.5,120.5,104.0,133.5,-11.0,16.5,122.5,120.5,104.0,133.5,-11.0,16.5,122.5,120.5,104.0,133.5,-11.0,16.5,3,-3,16.0,-12.333333333333334,0,0,0,0,2,2,3,3,0,0,0,0,0,0,0,0,1,16.0,-12.333333333333334,101.34,,0,0,0,1,0,1,1,1,1.0,0.0,23.5,0.0
22500106,2025-10-26,DET,BOS,119.0,113.0,232.0,True,102.25,111.9,107.1,4.8,,0.518,100.03,113.1,106.4,6.8,,0.515,2.219999999999999,-1.1999999999999886,0.6999999999999886,-2.0,,0.003,0,1,0,1,2.0,2.0,0,0,0,1,0,2,113.0,105.5,113.0,111.0,2.0,-7.5,113.0,105.5,113.0,111.0,2.0,-7.5,113.0,105.5,113.0,111.0,2.0,-7.5,2,-3,2.0,-5.666666666666667,0,0,0,0,2,2,3,3,0,0,0,0,0,0,0,0,0,2.0,-5.666666666666667,101.14,,0,0,0,1,0,1,1,1,0.0,0.0,0.0,0.0
22500107,2025-10-26,CLE,MIL,118.0,113.0,231.0,True,102.45,111.4,109.5,1.9,,0.517,103.36,112.1,114.3,-2.3,,0.557,-0.9099999999999966,-0.6999999999999886,-4.799999999999997,4.199999999999999,,-0.04,0,1,0,1,2.0,2.0,0,0,0,1,0,2,121.0,127.5,121.5,118.0,3.0,6.0,121.0,127.5,121.5,118.0,3.0,6.0,121.0,127.5,121.5,118.0,3.0,6.0,2,-1,1.3333333333333333,4.666666666666667,0,0,0,0,2,2,3,3,0,0,0,0,0,0,0,0,0,1.3333333333333333,4.666666666666667,102.905,,0,0,0,1,0,1,1,1,0.0,1.0,0.0,13.5
22500108,2025-10-26,MIA,NYK,115.0,107.0,222.0,True,106.33,108.3,108.0,0.3,,0.545,101.59,112.5,111.9,0.6,,0.516,4.739999999999995,-4.200000000000003,-3.9000000000000057,-0.3,,0.029,0,0,0,0,2.0,2.0,0,0,0,1,0,1,133.5,112.0,119.5,103.0,30.5,-7.5,133.5,112.0,119.5,103.0,30.5,-7.5,133.5,112.0,119.5,103.0,30.5,-7.5,2,-1,12.0,3.3333333333333335,0,0,0,0,2,2,3,3,0,0,0,0,0,0,0,0,0,12.0,3.3333333333333335,103.96,,0,0,0,1,0,1,1,1,0.0,0.25,0.0,5.425
22500109,2025-10-26,WAS,CHA,113.0,139.0,252.0,True,104.8,101.7,114.3,-12.6,,0.512,103.62,115.6,109.0,6.6,,0.557,1.1799999999999926,-13.899999999999991,5.299999999999997,-19.2,,-0.045,0,1,0,1,2.0,1.0,0,1,0,1,0,2,118.5,128.5,120.0,121.0,-2.5,8.5,118.5,128.5,120.0,121.0,-2.5,8.5,118.5,128.5,120.0,121.0,-2.5,8.5,-1,1,-9.666666666666666,13.666666666666666,0,0,0,0,2,2,3,3,0,0,0,0,0,0,0,0,0,-9.666666666666666,13.666666666666666,104.21,,0,0,0,1,0,1,1,-1,0.0,1.0,0.0,16.7
22500110,2025-10-26,MIN,IND,114.0,110.0,224.0,True,102.16,112.9,111.2,1.7,,0.553,104.24,108.4,115.2,-6.7,,0.501,-2.0799999999999983,4.5,-4.0,8.4,,0.052,0,1,0,1,2.0,1.0,0,1,0,1,0,2,114.0,119.0,121.0,134.5,-20.5,-2.0,114.0,119.0,121.0,134.5,-20.5,-2.0,114.0,119.0,121.0,134.5,-20.5,-2.0,1,-3,-3.3333333333333335,-11.666666666666666,0,1,0,0,2,3,3,3,0,0,0,0,0,0,0,0,1,-3.3333333333333335,-11.666666666666666,103.2,,0,0,0,1,0,1,1,-3,0.0,2.0,0.0,45.4
22500112,2025-10-26,LAC,POR,114.0,107.0,221.0,True,100.81,106.9,109.9,-3.0,,0.533,106.44,111.2,107.2,4.0,,0.519,-5.6299999999999955,-4.299999999999997,2.700000000000003,-7.0,,0.014,1,0,1,0,2.0,2.0,0,0,0,1,0,1,118.5,126.5,115.5,118.5,0.0,11.0,118.5,126.5,115.5,118.5,0.0,11.0,118.5,126.5,115.5,118.5,0.0,11.0,2,-1,4.333333333333333,3.0,0,0,0,0,2,2,3,3,0,0,0,0,0,0,0,0,0,4.333333333333333,3.0,103.625,,0,0,0,1,0,1,1,1,0.0,0.0,0.0,0.0
22500113,2025-10-26,SAC,LAL,120.0,127.0,247.0,True,102.31,112.3,110.4,1.9,,0.549,100.88,110.6,110.1,0.5,,0.54,1.4300000000000068,1.7000000000000028,0.3000000000000113,1.4,,0.009,1,0,1,0,2.0,2.0,0,0,0,1,0,1,110.5,118.5,112.0,114.5,-4.0,6.5,110.5,118.5,112.0,114.5,-4.0,6.5,110.5,118.5,112.0,114.5,-4.0,6.5,-1,2,-3.3333333333333335,5.0,0,0,0,0,2,2,3,3,0,0,0,0,0,0,0,0,0,-3.3333333333333335,5.0,101.595,,0,0,0,1,0,1,1,1,1.25,2.0,20.35,48.5
22500119,2025-10-27,DAL,OKC,94.0,101.0,195.0,True,102.0,100.9,105.9,-5.0,,0.487,101.94,110.8,102.4,8.5,,0.525,0.0600000000000022,-9.899999999999991,3.5,-13.5,,-0.038,2,1,3,2,1.0,2.0,1,0,0,1,0,3,112.66666666666669,127.66666666666669,123.66666666666669,119.66666666666669,-7.0,4.0,112.66666666666669,127.66666666666669,123.66666666666669,119.66666666666669,-7.0,4.0,112.66666666666669,127.66666666666669,123.66666666666669,119.66666666666669,-7.0,4.0,-1,4,-10.0,7.75,1,0,1,1,3,2,4,4,0,0,0,0,0,0,0,0,0,-10.0,7.75,101.97,,0,0,0,1,0,1,-6,-3,0.0,1.0,0.0,13.8
22500120,2025-10-27,UTA,PHX,138.0,134.0,272.0,True,104.68,107.6,110.7,-3.0,,0.503,103.38,109.5,110.7,-1.1,,0.539,1.3000000000000114,-1.9000000000000057,0.0,-1.9,,-0.036,0,2,1,2,3.0,2.0,0,0,0,1,0,3,116.5,111.0,106.5,126.0,-9.5,4.5,116.5,111.0,106.5,126.0,-9.5,4.5,116.5,111.0,106.5,126.0,-9.5,4.5,1,-3,8.0,-12.25,0,1,0,1,2,3,3,4,0,0,0,0,0,0,0,0,0,8.0,-12.25,104.03,,0,0,0,1,0,1,2,-5,1.0,1.25,9.9,20.85
22500116,2025-10-27,HOU,BKN,137.0,109.0,246.0,True,102.57,114.5,110.3,4.2,,0.528,102.16,108.1,117.5,-9.5,,0.502,0.4099999999999966,6.400000000000006,-7.200000000000003,13.7,,0.026,1,1,1,2,3.0,1.0,0,1,0,1,0,2,117.5,116.0,120.0,128.33333333333334,-10.833333333333345,-4.0,117.5,116.0,120.0,128.33333333333334,-10.833333333333345,-4.0,117.5,116.0,120.0,128.33333333333334,-10.833333333333345,-4.0,1,-4,7.666666666666667,-16.25,0,1,0,1,2,3,3,4,0,0,0,0,0,0,0,0,1,7.666666666666667,-16.25,102.365,,0,0,0,1,0,1,2,-6,0.0,1.0,0.0,9.2
22500122,2025-10-27,LAL,POR,108.0,122.0,230.0,True,100.88,110.6,110.1,0.5,,0.54,106.44,111.2,107.2,4.0,,0.519,-5.560000000000002,-0.6000000000000085,2.8999999999999915,-3.5,,0.021,1,1,1,1,1.0,1.0,0,1,0,1,0,2,121.33333333333331,120.0,116.33333333333331,117.0,4.333333333333329,3.6666666666666714,121.33333333333331,120.0,116.33333333333331,117.0,4.333333333333329,3.6666666666666714,121.33333333333331,120.0,116.33333333333331,117.0,4.333333333333329,3.6666666666666714,-1,1,0.25,5.75,1,1,1,1,3,3,4,4,0,0,0,0,0,0,0,0,0,0.25,5.75,103.66,,0,0,0,1,0,1,-5,-6,2.0,0.0,48.5,0.0
22500121,2025-10-27,GSW,MEM,131.0,118.0,249.0,True,102.5,107.5,107.5,0.0,,0.526,104.2,108.8,111.5,-2.7,,0.509,-1.7000000000000028,-1.2999999999999972,-4.0,2.7,,0.017,0,0,1,0,3.0,2.0,0,0,0,1,0,1,125.0,123.33333333333331,126.33333333333331,123.66666666666669,1.3333333333333286,-3.0,125.0,123.33333333333331,126.33333333333331,123.66666666666669,1.3333333333333286,-3.0,125.0,123.33333333333331,126.33333333333331,123.66666666666669,1.3333333333333286,-3.0,1,-1,2.25,-3.5,0,1,1,1,2,3,4,4,0,0,0,0,0,0,0,0,0,2.25,-3.5,103.35,,0,0,0,1,0,1,-1,-4,0.0,1.0,0.0,12.3
22500118,2025-10-27,SAS,TOR,121.0,103.0,224.0,True,100.52,109.9,104.3,5.6,,0.539,105.41,112.2,106.5,5.8,,0.548,-4.890000000000001,-2.299999999999997,-2.200000000000003,-0.2000000000000001,,-0.009,1,1,1,2,1.0,1.0,1,1,0,1,0,2,121.0,127.66666666666669,105.0,126.33333333333331,-5.333333333333329,22.66666666666667,121.0,127.66666666666669,105.0,126.33333333333331,-5.333333333333329,22.66666666666667,121.0,127.66666666666669,105.0,126.33333333333331,-5.333333333333329,22.66666666666667,4,-3,16.5,-3.5,1,1,1,1,3,3,4,4,0,0,0,0,0,0,0,0,1,16.5,-3.5,102.965,,0,0,0,1,0,1,-6,-6,1.0,0.0,23.5,0.0
22500114,2025-10-27,PHI,ORL,136.0,124.0,260.0,True,101.72,110.4,110.3,0.1,,0.514,103.6,105.4,110.7,-5.3,,0.505,-1.8799999999999957,5.0,-0.4000000000000057,5.3999999999999995,,0.009,1,0,1,0,2.0,2.0,0,0,0,1,0,1,121.0,110.0,118.5,114.0,7.0,-8.5,121.0,110.0,118.5,114.0,7.0,-8.5,121.0,110.0,118.5,114.0,7.0,-8.5,3,-3,5.666666666666667,-6.0,0,1,0,1,2,3,3,4,0,0,0,0,0,0,0,0,0,5.666666666666667,-6.0,102.66,,0,0,0,1,0,1,1,-4,1.0,0.0,19.7,0.0
22500115,2025-10-27,CHI,ATL,128.0,123.0,251.0,True,105.81,112.4,112.3,0.2,,0.552,103.41,112.4,112.0,0.5,,0.542,2.4000000000000057,0.0,0.2999999999999971,-0.3,,0.01,0,1,1,1,2.0,2.0,0,0,0,1,0,1,112.5,109.66666666666669,104.5,120.66666666666669,-8.166666666666671,5.166666666666671,112.5,109.66666666666669,104.5,120.66666666666669,-8.166666666666671,5.166666666666671,112.5,109.66666666666669,104.5,120.66666666666669,-8.166666666666671,5.166666666666671,3,-2,7.0,-9.5,0,1,0,1,2,3,3,4,0,0,0,0,0,0,0,0,0,7.0,-9.5,104.61,,0,0,0,1,0,1,1,-4,1.25,0.5,29.1,10.2
22500008,2025-10-27,MIN,DEN,114.0,127.0,241.0,True,102.16,112.9,111.2,1.7,,0.553,102.17,115.4,107.6,7.7,,0.546,-0.0100000000000051,-2.5,3.6000000000000085,-6.0,,0.007,1,0,1,1,1.0,2.0,1,0,0,1,0,1,114.0,132.0,117.33333333333331,124.0,-10.0,14.666666666666671,114.0,132.0,117.33333333333331,124.0,-10.0,14.666666666666671,114.0,132.0,117.33333333333331,124.0,-10.0,14.666666666666671,-1,2,-5.75,9.666666666666666,1,0,1,0,3,2,4,3,0,0,0,0,0,0,0,0,0,-5.75,9.666666666666666,102.165,,0,0,0,1,0,1,-6,1,1.0,0.0,26.5,0.0
22500007,2025-10-27,DET,CLE,95.0,116.0,211.0,True,102.25,111.9,107.1,4.8,,0.518,102.45,111.4,109.5,1.9,,0.517,-0.2000000000000028,0.5,-2.4000000000000057,2.9,,0.001,1,1,1,2,1.0,1.0,1,0,0,1,0,1,115.0,120.0,113.0,118.66666666666669,-3.6666666666666714,7.0,115.0,120.0,113.0,118.66666666666669,-3.6666666666666714,7.0,115.0,120.0,113.0,118.66666666666669,-3.6666666666666714,7.0,-1,3,-3.75,6.25,1,1,1,1,3,3,4,4,0,0,0,0,0,0,0,0,0,-3.75,6.25,102.35,,0,0,0,1,0,1,-6,-5,0.1,0.0,2.74,0.0
22500117,2025-10-27,NOP,BOS,90.0,122.0,212.0,True,103.58,102.8,114.8,-12.0,,0.48,100.03,113.1,106.4,6.8,,0.515,3.549999999999997,-10.299999999999995,8.399999999999991,-18.8,,-0.035,1,2,1,2,3.0,1.0,0,1,0,1,0,3,119.0,108.0,124.0,113.66666666666669,5.333333333333329,-16.0,119.0,108.0,124.0,113.66666666666669,5.333333333333329,-16.0,119.0,108.0,124.0,113.66666666666669,5.333333333333329,-16.0,-3,1,-14.0,3.75,0,1,0,1,2,3,3,4,0,0,0,0,0,0,0,0,1,-14.0,3.75,101.805,,0,0,0,1,0,1,2,-7,0.25,0.25,5.35,6.975
22500127,2025-10-28,GSW,LAC,98.0,79.0,177.0,True,102.5,107.5,107.5,0.0,,0.526,100.81,106.9,109.9,-3.0,,0.533,1.6899999999999975,0.5999999999999943,-2.4000000000000057,3.0,,-0.007,1,0,2,0,1.0,2.0,1,0,0,1,0,1,129.0,117.0,129.33333333333334,112.66666666666669,16.33333333333333,-12.333333333333345,126.5,117.0,124.25,112.66666666666669,13.833333333333329,-7.25,126.5,117.0,124.25,112.66666666666669,13.833333333333329,-7.25,2,-1,5.6,-1.5,0,0,1,1,2,2,4,4,0,0,0,0,0,0,0,0,0,5.6,-1.5,101.655,,0,0,0,1,0,1,-4,-2,0.0,0.0,0.0,0.0
22500123,2025-10-28,WAS,PHI,134.0,139.0,273.0,True,104.8,101.7,114.3,-12.6,,0.512,101.72,110.4,110.3,0.1,,0.514,3.0799999999999983,-8.700000000000003,4.0,-12.7,,-0.002,1,0,1,0,2.0,1.0,0,0,0,1,0,1,116.66666666666669,126.0,126.33333333333331,120.33333333333331,-3.666666666666657,-0.3333333333333286,116.66666666666669,126.0,126.33333333333331,120.33333333333331,-3.666666666666657,-0.3333333333333286,116.66666666666669,126.0,126.33333333333331,120.33333333333331,-3.666666666666657,-0.3333333333333286,-2,4,-8.5,5.5,0,1,1,1,2,3,4,4,0,0,0,0,0,0,0,0,0,-8.5,5.5,103.26,,0,0,0,1,0,1,-2,-5,0.0,0.0,0.0,0.0
22500124,2025-10-28,MIA,CHA,144.0,117.0,261.0,True,106.33,108.3,108.0,0.3,,0.545,103.62,115.6,109.0,6.6,,0.557,2.7099999999999937,-7.299999999999997,-1.0,-6.3,,-0.012,1,2,1,2,2.0,2.0,0,0,0,1,0,3,127.33333333333331,132.0,115.33333333333331,118.33333333333331,9.0,16.66666666666667,127.33333333333331,132.0,115.33333333333331,118.33333333333331,9.0,16.66666666666667,127.33333333333331,132.0,115.33333333333331,118.33333333333331,9.0,16.66666666666667,3,-1,15.75,3.5,0,1,1,1,2,3,4,4,0,0,0,0,0,0,0,0,0,15.75,3.5,104.975,,0,0,0,1,0,1,-2,-5,0.25,1.0,6.35,16.7
22500125,2025-10-28,MIL,NYK,121.0,111.0,232.0,True,103.36,112.1,114.3,-2.3,,0.557,101.59,112.5,111.9,0.6,,0.516,1.769999999999996,-0.4000000000000057,2.3999999999999915,-2.9,,0.041,0,1,0,1,2.0,2.0,0,0,0,1,0,2,122.66666666666669,110.33333333333331,118.0,107.0,15.666666666666671,-7.666666666666671,122.66666666666669,110.33333333333331,118.0,107.0,15.666666666666671,-7.666666666666671,122.66666666666669,110.33333333333331,118.0,107.0,15.666666666666671,-7.666666666666671,1,-2,6.0,0.0,0,0,1,1,2,2,4,4,0,0,0,0,0,0,0,0,0,6.0,0.0,102.475,,0,0,0,1,0,1,-2,-2,0.0,0.1,0.0,2.17
22500126,2025-10-28,OKC,SAC,107.0,101.0,208.0,True,101.94,110.8,102.4,8.5,,0.525,102.31,112.3,110.4,1.9,,0.549,-0.3700000000000045,-1.5,-8.0,6.6,,-0.024,0,0,0,0,1.0,2.0,0,0,0,1,0,1,119.66666666666669,113.66666666666669,109.66666666666669,117.0,2.6666666666666714,4.0,121.0,113.66666666666669,113.25,117.0,4.0,0.4166666666666714,121.0,113.66666666666669,113.25,117.0,4.0,0.4166666666666714,5,-2,7.4,-4.0,1,0,1,1,3,2,4,4,0,0,0,0,0,0,0,0,0,7.4,-4.0,102.125,,0,0,0,1,0,1,-5,-2,2.0,1.0,32.1,15.0
22500135,2025-10-29,UTA,POR,134.0,136.0,270.0,True,104.68,107.6,110.7,-3.0,,0.503,106.44,111.2,107.2,4.0,,0.519,-1.759999999999991,-3.6000000000000085,3.5,-7.0,,-0.016,1,2,1,2,2.0,2.0,0,0,0,1,0,3,123.66666666666669,122.66666666666669,115.66666666666669,113.66666666666669,10.0,7.0,123.66666666666669,120.5,115.66666666666669,114.75,8.916666666666671,4.833333333333329,123.66666666666669,120.5,115.66666666666669,114.75,8.916666666666671,4.833333333333329,-1,2,5.5,5.0,0,1,0,1,2,3,3,4,0,0,0,0,0,0,0,0,0,5.5,5.0,105.56,,0,0,0,1,0,1,1,-5,1.0,0.0,9.9,0.0
22500134,2025-10-29,DEN,NOP,122.0,88.0,210.0,True,102.17,115.4,107.6,7.7,,0.546,103.58,102.8,114.8,-12.0,,0.48,-1.4099999999999966,12.600000000000009,-7.200000000000003,19.7,,0.066,0,0,1,0,2.0,2.0,0,0,0,1,0,1,130.33333333333334,109.33333333333331,120.66666666666669,123.33333333333331,7.000000000000014,-11.333333333333345,130.33333333333334,109.33333333333331,120.66666666666669,123.33333333333331,7.000000000000014,-11.333333333333345,130.33333333333334,109.33333333333331,120.66666666666669,123.33333333333331,7.000000000000014,-11.333333333333345,3,-4,15.75,-19.0,0,0,1,0,2,2,4,3,0,0,0,0,0,0,0,0,0,15.75,-19.0,102.875,,0,0,0,1,0,1,-2,1,0.0,0.25,0.0,5.35
22500137,2025-10-29,PHX,MEM,113.0,114.0,227.0,True,103.38,109.5,110.7,-1.1,,0.539,104.2,108.8,111.5,-2.7,,0.509,-0.8200000000000074,0.7000000000000028,-0.7999999999999972,1.6,,0.03,0,1,0,1,2.0,2.0,0,0,0,1,0,2,115.66666666666669,120.0,133.33333333333334,126.66666666666669,-11.0,-13.333333333333345,116.75,122.0,129.0,125.5,-8.75,-7.0,116.75,122.0,129.0,125.5,-8.75,-7.0,-4,1,-10.0,-2.6,0,0,1,1,2,2,4,4,0,0,0,0,0,0,0,0,0,-10.0,-2.6,103.79,,0,0,0,1,0,1,-2,-2,1.25,1.25,25.275,15.775
22500136,2025-10-29,MIN,LAL,115.0,116.0,231.0,True,102.16,112.9,111.2,1.7,,0.553,100.88,110.6,110.1,0.5,,0.54,1.2800000000000011,2.3000000000000114,1.1000000000000083,1.2,,0.013,2,1,2,1,2.0,2.0,0,0,0,1,0,1,112.66666666666669,121.0,121.66666666666669,117.33333333333331,-4.666666666666657,-0.6666666666666714,114.0,118.0,119.75,117.75,-3.75,-1.75,114.0,118.0,119.75,117.75,-3.75,-1.75,-2,1,-4.8,0.4,1,1,1,1,3,3,4,4,0,0,0,0,0,0,0,0,0,-4.8,0.4,101.52,238.0,0,0,0,1,0,1,-4,-4,1.0,2.0,26.5,48.5
22500133,2025-10-29,DAL,IND,107.0,105.0,212.0,True,102.0,100.9,105.9,-5.0,,0.487,104.24,108.4,115.2,-6.7,,0.501,-2.239999999999995,-7.5,-9.299999999999995,1.7000000000000002,,-0.014,2,1,3,2,2.0,3.0,0,0,0,1,0,3,113.33333333333331,116.0,115.66666666666669,127.66666666666669,-14.333333333333345,0.3333333333333286,108.0,116.0,118.0,127.66666666666669,-19.66666666666667,-2.0,108.0,116.0,118.0,127.66666666666669,-19.66666666666667,-2.0,1,-4,-7.6,-9.25,1,0,1,1,3,2,4,4,0,0,0,0,0,0,0,0,1,-7.6,-9.25,103.12,,0,0,0,1,0,1,-4,-2,0.1,3.0,2.08,59.4
22500132,2025-10-29,CHI,SAC,126.0,113.0,239.0,True,105.81,112.4,112.3,0.2,,0.552,102.31,112.3,110.4,1.9,,0.549,3.5,0.1000000000000085,1.8999999999999917,-1.7,,0.003,1,1,1,1,2.0,1.0,0,1,0,1,0,2,117.66666666666669,108.66666666666669,110.66666666666669,112.66666666666669,5.0,-2.0,117.66666666666669,110.5,110.66666666666669,114.5,3.1666666666666714,-0.1666666666666714,117.66666666666669,110.5,110.66666666666669,114.5,3.1666666666666714,-0.1666666666666714,4,-3,8.5,-5.8,0,1,0,1,2,3,3,4,0,0,0,0,0,0,0,0,1,8.5,-5.8,104.06,,0,0,0,1,0,1,1,-6,1.0,1.0,24.0,15.0
22500131,2025-10-29,TOR,HOU,121.0,139.0,260.0,True,105.41,112.2,106.5,5.8,,0.548,102.57,114.5,110.3,4.2,,0.528,2.8400000000000034,-2.299999999999997,-3.799999999999997,1.5999999999999996,,0.02,0,0,1,0,2.0,2.0,0,0,0,1,0,1,116.0,124.0,127.33333333333331,116.33333333333331,-0.3333333333333286,-3.3333333333333286,121.5,124.0,125.0,116.33333333333331,5.166666666666671,-1.0,121.5,124.0,125.0,116.33333333333331,5.166666666666671,-1.0,-4,2,-6.4,10.25,1,0,1,0,3,2,4,3,0,0,0,0,0,0,0,0,1,-6.4,10.25,103.99,,0,0,0,1,0,1,-4,1,1.0,0.0,11.3,0.0
22500130,2025-10-29,BKN,ATL,112.0,117.0,229.0,True,102.16,108.1,117.5,-9.5,,0.502,103.41,112.4,112.0,0.5,,0.542,-1.25,-4.300000000000011,5.5,-10.0,,-0.04,0,1,1,2,2.0,2.0,0,0,0,1,0,2,113.33333333333331,111.33333333333331,128.66666666666666,117.33333333333331,-4.0,-17.33333333333333,114.25,113.0,130.5,122.5,-8.25,-17.5,114.25,113.0,130.5,122.5,-8.25,-17.5,-5,1,-14.0,-6.6,1,0,1,1,3,2,4,4,0,0,0,0,0,0,0,0,0,-14.0,-6.6,102.785,,0,0,0,1,0,1,-4,-2,1.0,0.1,9.2,2.2399999999999998
22500129,2025-10-29,DET,ORL,135.0,116.0,251.0,True,102.25,111.9,107.1,4.8,,0.518,103.6,105.4,110.7,-5.3,,0.505,-1.3499999999999943,6.5,-3.6000000000000085,10.1,,0.013,2,1,2,1,2.0,2.0,0,0,0,1,0,2,109.66666666666669,109.66666666666669,113.33333333333331,119.0,-9.333333333333329,-3.666666666666657,110.0,113.5,113.75,119.5,-9.5,-0.25,110.0,113.5,113.75,119.5,-9.5,-0.25,1,-4,0.8,-8.6,1,0,1,1,3,2,4,4,0,0,0,0,0,0,0,0,0,0.8,-8.6,102.925,,0,0,0,1,0,1,-4,-2,0.25,0.0,3.15,0.0
22500128,2025-10-29,BOS,CLE,125.0,105.0,230.0,True,100.03,113.1,106.4,6.8,,0.515,102.45,111.4,109.5,1.9,,0.517,-2.4200000000000017,1.6999999999999886,-3.0999999999999943,4.9,,-0.002,0,1,0,2,2.0,2.0,0,0,0,1,0,2,110.0,121.66666666666669,104.66666666666669,110.66666666666669,-0.6666666666666714,17.0,111.5,119.0,107.75,112.75,-1.25,11.25,111.5,119.0,107.75,112.75,-1.25,11.25,2,-1,7.0,1.0,1,1,1,1,3,3,4,4,0,0,0,0,0,0,0,0,0,7.0,1.0,101.24,,0,0,0,1,0,1,-4,-4,0.1,1.25,2.79,21.6
22500138,2025-10-30,CHA,ORL,107.0,123.0,230.0,True,103.62,115.6,109.0,6.6,,0.557,103.6,105.4,110.7,-5.3,,0.505,0.0200000000000102,10.199999999999989,-1.7000000000000028,11.9,,0.052,0,2,0,2,2.0,1.0,0,1,0,1,0,3,125.66666666666669,112.66666666666669,127.33333333333331,127.0,-1.3333333333333286,-14.666666666666655,128.25,114.0,124.75,122.6,5.650000000000006,-10.75,128.25,114.0,124.75,122.6,5.650000000000006,-10.75,-2,1,-0.4,-6.2,0,1,1,1,2,3,4,5,0,0,0,0,0,0,0,0,0,-0.4,-4.5,103.61,,0,0,0,1,0,1,-2,-7,1.0,1.25,16.7,20.15
22500139,2025-10-30,MIL,GSW,120.0,110.0,230.0,True,103.36,112.1,114.3,-2.3,,0.557,102.5,107.5,107.5,0.0,,0.526,0.8599999999999994,4.599999999999994,6.799999999999997,-2.3,,0.031,1,0,1,0,2.0,2.0,0,0,0,1,0,1,118.66666666666669,116.0,115.0,112.0,6.666666666666671,1.0,122.25,120.8,116.25,115.2,7.049999999999997,4.549999999999997,122.25,120.8,116.25,115.2,7.049999999999997,4.549999999999997,2,-1,6.8,1.6,0,1,1,1,2,3,4,4,0,0,0,0,0,0,0,0,1,6.8,3.0,102.93,,0,0,0,1,0,1,-2,-4,0.1,0.0,3.12,0.0
22500140,2025-10-30,OKC,WAS,127.0,108.0,235.0,True,101.94,110.8,102.4,8.5,,0.525,104.8,101.7,114.3,-12.6,,0.512,-2.859999999999999,9.099999999999994,-11.899999999999991,21.1,,0.013,1,0,1,0,2.0,2.0,0,0,0,1,0,1,108.33333333333331,121.33333333333331,98.33333333333331,128.33333333333334,-20.000000000000018,23.0,118.2,121.0,110.8,129.5,-11.299999999999995,10.200000000000005,118.2,121.0,110.8,129.5,-11.299999999999995,10.200000000000005,6,-3,11.0,-10.6,1,0,1,1,3,2,4,4,0,0,0,0,0,0,0,0,1,9.333333333333334,-10.6,103.37,,0,0,0,1,0,1,-4,-2,1.0,0.0,18.3,0.0
22500141,2025-10-30,SAS,MIA,107.0,101.0,208.0,True,100.52,109.9,104.3,5.6,,0.539,106.33,108.3,108.0,0.3,,0.545,-5.810000000000002,1.6000000000000083,-3.700000000000003,5.3,,-0.006,1,0,2,0,3.0,2.0,0,0,0,1,0,1,119.66666666666669,135.0,108.66666666666669,112.66666666666669,7.0,26.33333333333333,121.0,131.5,104.5,115.75,5.25,27.0,121.0,131.5,104.5,115.75,5.25,27.0,5,-1,14.4,11.4,0,0,1,1,2,2,4,4,0,0,0,0,0,0,0,0,1,14.4,11.4,103.425,,0,0,0,1,0,1,-1,-2,1.0,0.5,23.5,12.7
22500027,2025-10-31,LAC,NOP,126.0,124.0,250.0,True,100.81,106.9,109.9,-3.0,,0.533,103.58,102.8,114.8,-12.0,,0.48,-2.769999999999996,4.1000000000000085,-4.8999999999999915,9.0,,0.053,0,1,1,1,3.0,2.0,0,0,0,1,0,2,107.33333333333331,98.0,102.33333333333331,121.33333333333331,-14.0,-4.333333333333329,107.5,104.0,109.0,123.0,-15.5,-5.0,107.5,104.0,109.0,123.0,-15.5,-5.0,1,-5,-0.8,-15.6,0,0,0,0,2,2,3,3,0,0,0,0,0,0,0,0,0,-0.8,-15.6,102.195,,0,0,0,1,0,1,2,1,0.0,0.0,0.0,0.0
22500026,2025-10-31,POR,DEN,109.0,107.0,216.0,True,106.44,111.2,107.2,4.0,,0.519,102.17,115.4,107.6,7.7,,0.546,4.269999999999996,-4.200000000000003,-0.3999999999999915,-3.7,,-0.027,0,0,0,1,2.0,2.0,0,0,0,1,0,1,121.66666666666669,127.33333333333331,118.66666666666669,104.33333333333331,17.333333333333343,8.666666666666657,123.6,128.25,118.6,112.5,11.099999999999994,9.650000000000006,123.6,128.25,118.6,112.5,11.099999999999994,9.650000000000006,3,-1,6.2,12.2,0,0,1,1,2,2,4,4,0,0,0,0,0,0,0,0,0,4.5,12.2,104.305,,0,0,0,1,0,1,-2,-2,0.1,0.25,2.2600000000000002,5.7
22500025,2025-10-31,PHX,UTA,118.0,96.0,214.0,True,103.38,109.5,110.7,-1.1,,0.539,104.68,107.6,110.7,-3.0,,0.503,-1.3000000000000114,1.9000000000000057,0.0,1.9,,0.036,1,0,1,0,2.0,2.0,0,0,0,1,0,1,119.33333333333331,125.33333333333331,128.33333333333334,125.0,-5.666666666666671,-3.000000000000014,116.0,126.25,126.0,120.75,-4.75,0.25,116.0,126.25,126.0,120.75,-4.75,0.25,1,-2,-6.4,0.0,0,0,1,0,2,2,4,3,0,0,0,0,0,0,0,0,0,-4.666666666666667,0.0,104.03,272.0,0,0,0,1,0,1,-2,1,2.0,1.0,36.9,9.9
22500024,2025-10-31,MEM,LAL,112.0,117.0,229.0,True,104.2,108.8,111.5,-2.7,,0.509,100.88,110.6,110.1,0.5,,0.54,3.3200000000000074,-1.7999999999999972,1.4000000000000057,-3.2,,-0.031,0,1,0,2,2.0,2.0,0,0,0,1,0,2,120.0,117.0,115.66666666666669,119.0,1.0,1.3333333333333286,120.4,117.6,123.0,117.2,3.200000000000003,-5.400000000000006,120.4,117.6,123.0,117.2,3.200000000000003,-5.400000000000006,-1,2,-4.8,3.4,0,0,1,1,2,2,4,4,0,0,0,0,0,0,0,0,0,-3.0,1.1666666666666667,102.54,,0,0,0,1,0,1,-2,-2,1.0,1.1,12.3,17.45
22500021,2025-10-31,PHI,BOS,108.0,109.0,217.0,True,101.72,110.4,110.3,0.1,,0.514,100.03,113.1,106.4,6.8,,0.515,1.6899999999999975,-2.6999999999999886,3.899999999999991,-6.7,,-0.001,0,0,1,2,3.0,2.0,0,0,0,1,0,1,133.33333333333334,120.0,126.33333333333331,104.66666666666669,28.66666666666667,-6.333333333333329,129.25,114.2,123.75,107.2,22.049999999999997,-9.549999999999995,129.25,114.2,123.75,107.2,22.049999999999997,-9.549999999999995,-1,3,4.2,7.4,0,0,1,1,2,2,4,4,0,0,0,0,0,0,0,0,0,4.2,6.0,100.875,233.0,0,0,0,1,0,1,-1,-2,0.0,0.0,0.0,0.0
22500022,2025-10-31,CLE,TOR,101.0,112.0,213.0,True,102.45,111.4,109.5,1.9,,0.517,105.41,112.2,106.5,5.8,,0.548,-2.9599999999999937,-0.7999999999999972,3.0,-3.9,,-0.031,0,0,1,2,2.0,2.0,0,0,0,1,0,1,113.0,117.66666666666669,111.0,133.0,-20.0,6.666666666666671,116.2,121.4,115.2,127.8,-11.599999999999994,6.200000000000003,116.2,121.4,115.2,127.8,-11.599999999999994,6.200000000000003,-2,1,0.4,-8.2,0,0,1,1,2,2,4,4,0,0,0,0,0,0,0,0,0,-1.0,-3.5,103.93,,0,0,0,1,0,1,-2,-2,1.5,1.0,25.3,11.3
22500020,2025-10-31,IND,ATL,108.0,128.0,236.0,True,104.24,108.4,115.2,-6.7,,0.501,103.41,112.4,112.0,0.5,,0.542,0.8299999999999983,-4.0,3.200000000000003,-7.2,,-0.041,0,1,0,2,2.0,2.0,0,0,0,1,0,3,106.0,113.33333333333331,116.33333333333331,119.0,-13.0,-3.0,113.25,113.8,122.5,120.4,-7.150000000000006,-8.700000000000003,113.25,113.8,122.5,120.4,-7.150000000000006,-8.700000000000003,-5,2,-11.4,1.4,0,0,1,1,2,2,4,4,0,0,0,0,0,0,0,0,0,-11.4,-2.1666666666666665,103.825,,0,0,0,1,0,1,-2,-3,3.0,1.0,59.4,17.8
22500023,2025-10-31,CHI,NYK,135.0,125.0,260.0,True,105.81,112.4,112.3,0.2,,0.552,101.59,112.5,111.9,0.6,,0.516,4.219999999999999,-0.0999999999999943,0.3999999999999915,-0.3999999999999999,,0.036,1,1,2,2,2.0,3.0,0,0,0,1,0,3,121.33333333333331,107.66666666666669,111.33333333333331,110.33333333333331,11.0,-3.666666666666657,119.75,110.5,111.25,110.5,9.25,-0.75,119.75,110.5,111.25,110.5,9.25,-0.75,5,-3,8.8,-2.0,0,0,1,0,2,2,4,3,0,0,0,0,0,0,0,0,0,8.8,-2.0,103.7,,0,0,0,1,0,1,-2,1,1.0,0.1,24.0,2.17
22500146,2025-11-01,BOS,HOU,101.0,128.0,229.0,True,100.03,113.1,106.4,6.8,,0.515,102.57,114.5,110.3,4.2,,0.528,-2.539999999999992,-1.4000000000000057,-3.899999999999991,2.5999999999999996,,-0.013,1,1,1,1,1.0,3.0,0,0,0,1,0,2,118.66666666666669,129.0,101.0,115.0,3.6666666666666714,28.0,112.8,127.75,105.4,117.5,-4.700000000000003,22.34999999999999,113.33333333333331,127.75,107.33333333333331,117.5,-4.166666666666671,20.41666666666667,-1,3,4.0,13.6,1,0,1,0,3,2,5,3,0,0,0,0,0,0,0,0,1,1.2857142857142858,13.6,101.3,,0,0,0,1,0,1,-5,2,0.0,0.0,0.0,0.0
22500147,2025-11-01,DET,DAL,122.0,110.0,232.0,True,102.25,111.9,107.1,4.8,,0.518,102.0,100.9,105.9,-5.0,,0.487,0.25,11.0,1.1999999999999886,9.8,,0.031,1,0,2,0,3.0,3.0,0,0,0,1,0,1,116.33333333333331,113.33333333333331,115.0,111.66666666666669,4.666666666666657,-1.6666666666666714,115.0,107.8,114.2,115.4,-0.4000000000000057,-6.400000000000006,115.0,107.8,114.2,115.4,-0.4000000000000057,-6.400000000000006,2,-1,4.0,-3.4,0,0,1,1,2,2,4,4,0,0,0,0,0,0,0,0,1,2.6666666666666665,-8.333333333333334,102.125,,0,0,0,1,0,1,-1,-1,0.0,1.25,0.0,23.95
22500145,2025-11-01,WAS,ORL,94.0,125.0,219.0,True,104.8,101.7,114.3,-12.6,,0.512,103.6,105.4,110.7,-5.3,,0.505,1.2000000000000028,-3.700000000000003,3.5999999999999943,-7.3,,0.007,0,2,1,3,2.0,2.0,0,0,0,1,0,4,118.33333333333331,121.0,135.0,126.0,-7.666666666666671,-14.0,118.4,113.6,129.0,119.8,-1.3999999999999917,-15.400000000000006,118.4,115.5,129.0,120.0,-1.5999999999999943,-13.5,-4,2,-14.2,0.8,0,1,1,1,2,3,4,4,0,0,0,0,0,0,0,0,0,-14.0,0.5714285714285714,104.2,,0,0,0,1,0,1,-2,-5,0.0,0.0,0.0,0.0
22500142,2025-11-01,MIL,SAC,133.0,135.0,268.0,True,103.36,112.1,114.3,-2.3,,0.557,102.31,112.3,110.4,1.9,,0.549,1.0499999999999972,-0.2000000000000028,3.899999999999991,-4.199999999999999,,0.008,1,1,2,2,2.0,3.0,0,0,0,1,0,3,118.0,111.33333333333331,113.0,120.0,-2.0,-1.6666666666666714,121.8,111.0,115.0,116.8,5.0,-4.0,121.8,111.0,115.0,116.8,5.0,-4.0,-1,1,3.8,-4.6,0,0,1,1,2,2,4,4,0,0,0,0,0,0,0,0,1,5.333333333333333,-4.5,102.835,,0,0,0,1,0,1,-2,-2,0.25,1.0,7.8,15.0
22500143,2025-11-01,CHA,MIN,105.0,122.0,227.0,True,103.62,115.6,109.0,6.6,,0.557,102.16,112.9,111.2,1.7,,0.553,1.460000000000008,2.6999999999999886,-2.200000000000003,4.8999999999999995,,0.004,1,0,1,0,2.0,3.0,0,0,0,1,0,1,121.0,114.33333333333331,126.66666666666669,117.66666666666669,3.3333333333333286,-12.333333333333345,124.0,114.2,124.4,119.0,5.0,-10.200000000000005,124.0,114.2,124.4,119.0,5.0,-10.200000000000005,-3,1,-7.6,-2.2,0,0,1,1,2,2,4,4,0,0,0,0,0,0,0,0,1,-3.1666666666666665,-1.1666666666666667,102.89,,0,0,0,1,0,1,-2,-1,1.25,1.0,22.0,26.5
22500144,2025-11-01,IND,GSW,114.0,109.0,223.0,True,104.24,108.4,115.2,-6.7,,0.501,102.5,107.5,107.5,0.0,,0.526,1.7399999999999949,0.9000000000000057,7.700000000000003,-6.7,,-0.025,1,1,1,1,1.0,2.0,1,0,0,1,0,2,107.66666666666669,113.0,116.33333333333331,105.66666666666669,2.0,-3.3333333333333286,112.2,119.0,123.6,117.4,-5.200000000000003,-4.599999999999994,112.2,119.0,123.6,116.0,-3.799999999999997,-4.599999999999994,1,-2,-9.2,-0.6,1,0,1,1,3,2,4,4,0,0,0,0,0,0,0,0,1,-8.666666666666666,1.8571428571428572,103.37,,0,0,0,1,0,1,-6,-2,3.0,0.0,59.4,0.0
22500148,2025-11-02,OKC,NOP,137.0,106.0,243.0,True,101.94,110.8,102.4,8.5,,0.525,103.58,102.8,114.8,-12.0,,0.48,-1.6400000000000006,8.0,-12.399999999999991,20.5,,0.045,1,1,2,2,3.0,2.0,0,0,0,1,0,3,111.66666666666669,100.66666666666669,101.0,123.33333333333331,-11.666666666666655,-0.3333333333333286,118.6,108.0,107.6,123.6,-5.0,0.4000000000000057,119.66666666666669,108.0,110.33333333333331,123.6,-3.933333333333323,-2.3333333333333286,7,-6,16.0,-20.6,0,0,1,1,2,2,4,4,0,0,0,0,0,0,0,0,0,12.428571428571429,-18.166666666666668,102.76,,0,0,0,1,0,1,-1,-3,1.0,0.0,18.3,0.0
22500149,2025-11-02,BKN,PHI,105.0,129.0,234.0,True,102.16,108.1,117.5,-9.5,,0.502,101.72,110.4,110.3,0.1,,0.514,0.4399999999999977,-2.3000000000000114,7.200000000000003,-9.6,,-0.012,0,0,1,1,4.0,2.0,0,0,0,1,0,1,109.33333333333331,127.66666666666669,124.0,122.33333333333331,-13.0,3.6666666666666714,113.8,125.0,127.8,120.8,-7.0,-2.799999999999997,113.8,125.0,127.8,120.8,-7.0,-2.799999999999997,-6,1,-15.0,8.8,0,0,0,1,1,2,3,4,0,0,0,0,0,0,0,0,0,-15.666666666666666,7.5,101.94,,0,0,0,1,0,1,2,-2,0.0,1.0,0.0,19.7
22500150,2025-11-02,CHA,UTA,126.0,103.0,229.0,True,103.62,115.6,109.0,6.6,,0.557,104.68,107.6,110.7,-3.0,,0.503,-1.0600000000000025,8.0,-1.7000000000000028,9.6,,0.054,2,1,2,1,1.0,2.0,1,0,0,1,0,2,109.66666666666669,122.66666666666669,129.66666666666666,129.33333333333334,-19.66666666666667,-6.999999999999986,117.8,120.2,125.4,120.2,-2.4000000000000057,-5.200000000000003,120.83333333333331,120.2,124.0,120.2,0.6333333333333258,-3.799999999999997,1,-3,-2.2,-8.8,1,0,1,1,3,2,4,4,0,0,0,0,0,0,0,0,1,0.5714285714285714,-3.8333333333333335,104.15,,0,0,0,1,0,1,-6,-2,2.0,2.0,37.9,24.3
22500151,2025-11-02,CLE,ATL,117.0,109.0,226.0,True,102.45,111.4,109.5,1.9,,0.517,103.41,112.4,112.0,0.5,,0.542,-0.9599999999999936,-1.0,-2.5,1.4,,-0.025,1,1,1,2,2.0,2.0,0,0,0,1,0,4,107.33333333333331,122.66666666666669,110.66666666666669,116.0,-8.666666666666671,12.0,114.2,115.8,113.8,114.4,-0.2000000000000028,2.0,113.66666666666669,116.16666666666669,114.66666666666669,118.33333333333331,-4.666666666666657,1.5,1,-1,0.6,-1.0,0,0,1,1,2,2,4,4,0,0,0,0,0,0,0,0,0,0.2857142857142857,-3.0,102.93,,0,0,0,1,0,1,-2,-3,2.0,1.0,28.700000000000003,17.8
22500152,2025-11-02,TOR,MEM,117.0,104.0,221.0,True,105.41,112.2,106.5,5.8,,0.548,104.2,108.8,111.5,-2.7,,0.509,1.2099999999999935,3.4000000000000057,-5.0,8.5,,0.039,0,0,1,1,2.0,2.0,0,0,0,1,0,1,112.0,114.66666666666669,120.33333333333331,120.33333333333331,-8.333333333333329,-5.666666666666657,116.2,117.2,124.4,122.0,-5.799999999999997,-7.200000000000003,119.83333333333331,119.0,123.33333333333331,122.0,-2.1666666666666714,-4.333333333333329,2,-2,-4.4,-1.0,0,0,1,1,2,2,4,4,0,0,0,0,0,0,0,0,1,-1.1428571428571428,-4.428571428571429,104.805,,0,0,0,1,0,1,-2,-2,1.0,2.0,11.3,30.2
22500153,2025-11-02,NYK,CHI,128.0,116.0,244.0,True,101.59,112.5,111.9,0.6,,0.516,105.81,112.4,112.3,0.2,,0.552,-4.219999999999999,0.0999999999999943,-0.3999999999999915,0.3999999999999999,,-0.036,0,0,0,0,2.0,2.0,0,0,0,1,0,1,114.33333333333331,129.66666666666666,123.66666666666669,120.33333333333331,-6.0,5.999999999999986,113.4,122.8,115.4,114.0,-0.5999999999999943,7.399999999999992,113.4,122.8,115.4,114.0,-0.5999999999999943,7.399999999999992,1,-1,-1.2,5.6,0,0,0,1,2,2,3,4,0,0,0,0,0,0,0,0,0,0.3333333333333333,5.333333333333333,103.7,260.0,0,0,0,1,0,1,1,-2,0.0,2.0,0.0,39.6
22500154,2025-11-02,PHX,SAS,130.0,118.0,248.0,True,103.38,109.5,110.7,-1.1,,0.539,100.52,109.9,104.3,5.6,,0.539,2.859999999999999,-0.4000000000000057,6.400000000000006,-6.699999999999999,,0.0,1,0,2,0,2.0,3.0,0,0,0,1,0,1,121.66666666666669,115.33333333333331,116.0,103.66666666666669,18.0,-0.6666666666666714,115.6,118.2,122.0,103.8,11.799999999999995,-3.799999999999997,116.33333333333331,118.2,121.0,103.8,12.533333333333331,-2.799999999999997,2,-1,1.4,5.4,0,0,1,0,2,2,4,3,0,0,0,0,0,0,0,0,0,-2.2857142857142856,10.0,101.95,,0,0,0,1,0,1,-2,2,2.0,1.0,36.9,23.5
22500155,2025-11-02,LAL,MIA,130.0,120.0,250.0,True,100.88,110.6,110.1,0.5,,0.54,106.33,108.3,108.0,0.3,,0.545,-5.450000000000003,2.299999999999997,2.0999999999999943,0.2,,-0.005,0,1,0,1,2.0,3.0,0,0,0,1,0,2,113.66666666666669,120.0,116.33333333333331,110.33333333333331,3.333333333333343,3.6666666666666714,119.2,125.4,115.8,114.0,5.200000000000003,9.600000000000009,117.5,125.4,116.33333333333331,114.0,3.5,9.066666666666675,3,-2,1.8,10.2,0,0,1,0,2,2,4,3,0,0,0,0,0,0,0,0,1,2.4285714285714284,7.833333333333333,103.605,,0,0,0,1,0,1,-2,2,1.1,0.25,15.55,6.35
22500162,2025-11-03,DEN,SAC,130.0,124.0,254.0,True,102.17,115.4,107.6,7.7,,0.546,102.31,112.3,110.4,1.9,,0.549,-0.1400000000000005,3.1000000000000085,-2.8000000000000114,5.800000000000001,,-0.003,0,1,1,2,3.0,2.0,0,0,0,1,0,4,118.66666666666669,116.33333333333331,103.66666666666669,122.0,-3.3333333333333286,12.666666666666655,124.0,114.8,111.8,119.4,4.599999999999994,3.0,124.0,115.0,111.8,119.5,4.5,3.200000000000003,1,-1,14.6,-6.0,0,0,0,1,2,2,3,4,0,0,0,0,0,0,0,0,0,11.166666666666666,-4.714285714285714,102.24,,0,0,0,1,0,1,2,-3,0.1,1.25,2.2800000000000002,20.35
22500164,2025-11-03,LAC,MIA,119.0,120.0,239.0,True,100.81,106.9,109.9,-3.0,,0.533,106.33,108.3,108.0,0.3,,0.545,-5.519999999999996,-1.3999999999999917,1.9000000000000057,-3.3,,-0.012,1,1,1,2,3.0,1.0,0,1,0,1,0,3,106.33333333333331,121.66666666666669,109.66666666666669,118.0,-11.666666666666671,12.0,111.2,125.2,112.0,115.0,-3.799999999999997,13.200000000000005,111.2,124.5,112.0,116.66666666666669,-5.466666666666669,12.5,-1,1,3.2,4.0,0,0,0,1,2,2,3,4,0,0,0,0,0,0,0,0,1,-0.8333333333333334,6.857142857142857,103.57,,0,0,0,1,0,1,2,-5,0.0,0.0,0.0,0.0
22500163,2025-11-03,POR,LAL,115.0,123.0,238.0,True,106.44,111.2,107.2,4.0,,0.519,100.88,110.6,110.1,0.5,,0.54,5.560000000000002,0.6000000000000085,-2.8999999999999915,3.5,,-0.021,1,1,1,2,3.0,1.0,0,0,0,1,0,1,122.33333333333331,121.0,116.33333333333331,115.66666666666669,6.666666666666657,4.666666666666671,122.6,119.6,116.4,117.8,4.799999999999997,3.1999999999999886,121.16666666666669,119.28571428571428,116.66666666666669,116.85714285714286,4.30952380952381,2.6190476190476204,-1,4,0.6,2.0,0,1,0,1,2,3,3,4,0,0,0,0,0,0,0,0,0,2.7142857142857144,3.125,103.66,230.0,0,0,0,1,0,1,2,-5,0.1,0.0,2.2600000000000002,0.0
22500161,2025-11-03,MEM,DET,106.0,114.0,220.0,True,104.2,108.8,111.5,-2.7,,0.509,102.25,111.9,107.1,4.8,,0.518,1.9500000000000028,-3.1000000000000085,4.400000000000006,-7.5,,-0.009,1,0,1,0,1.0,2.0,0,0,0,1,0,1,110.0,117.33333333333331,115.66666666666669,114.0,-4.0,1.6666666666666572,115.2,117.2,116.2,113.2,2.0,1.0,116.85714285714286,116.16666666666669,121.28571428571428,113.5,3.357142857142861,-5.11904761904762,-3,3,-7.6,4.8,1,0,1,0,3,2,4,3,0,0,0,0,0,0,0,0,1,-4.875,3.4285714285714284,103.225,,0,0,0,1,0,1,-5,1,0.0,0.25,0.0,3.525
22500156,2025-11-03,BKN,MIN,109.0,125.0,234.0,True,102.16,108.1,117.5,-9.5,,0.502,102.16,112.9,111.2,1.7,,0.553,0.0,-4.800000000000011,6.299999999999997,-11.2,,-0.051,1,1,2,1,1.0,2.0,1,0,0,1,0,2,108.66666666666669,117.0,127.66666666666669,116.0,-7.333333333333329,-10.666666666666671,111.4,115.0,126.4,117.2,-5.799999999999997,-11.400000000000006,112.33333333333331,115.5,128.0,116.66666666666669,-4.333333333333343,-12.5,-7,2,-16.8,4.6,0,0,0,0,2,2,3,3,0,0,0,0,0,0,0,0,1,-15.714285714285714,1.2857142857142858,102.16,,0,0,0,1,0,1,-1,1,0.0,1.0,0.0,26.5
22500159,2025-11-03,NYK,WAS,119.0,102.0,221.0,True,101.59,112.5,111.9,0.6,,0.516,104.8,101.7,114.3,-12.6,,0.512,-3.2099999999999937,10.799999999999995,-2.3999999999999915,13.2,,0.004,1,0,1,1,1.0,2.0,1,0,0,1,0,1,121.33333333333331,112.0,124.0,130.33333333333334,-9.000000000000014,-12.0,115.2,113.2,116.4,127.4,-12.200000000000005,-3.200000000000003,115.83333333333331,114.33333333333331,115.5,128.33333333333334,-12.500000000000014,-1.1666666666666714,2,-5,0.2,-19.6,1,0,1,1,3,2,4,4,0,0,0,0,0,0,0,0,0,2.7142857142857144,-14.428571428571429,103.195,,0,0,0,1,0,1,-6,-2,0.0,0.0,0.0,0.0
22500158,2025-11-03,BOS,UTA,103.0,105.0,208.0,True,100.03,113.1,106.4,6.8,,0.515,104.68,107.6,110.7,-3.0,,0.503,-4.650000000000006,5.5,-4.299999999999997,9.8,,0.012,1,2,2,2,2.0,1.0,0,1,0,1,0,3,111.66666666666669,111.0,113.66666666666669,126.66666666666669,-15.0,-2.6666666666666714,114.0,115.0,110.0,123.8,-9.799999999999995,5.0,111.57142857142856,117.33333333333331,110.28571428571428,121.16666666666669,-9.595238095238102,7.047619047619037,-2,1,4.8,-8.2,1,1,1,1,3,3,4,4,0,0,0,0,0,0,0,0,1,0.875,-3.0,102.355,,0,0,0,1,0,1,-4,-7,0.0,0.0,0.0,0.0
22500157,2025-11-03,IND,MIL,115.0,117.0,232.0,True,104.24,108.4,115.2,-6.7,,0.501,103.36,112.1,114.3,-2.3,,0.557,0.8799999999999955,-3.6999999999999886,0.9000000000000057,-4.4,,-0.056,2,0,2,0,2.0,2.0,0,0,0,1,0,1,109.0,124.66666666666669,114.66666666666669,118.66666666666669,-9.666666666666671,10.0,108.0,121.8,117.2,118.0,-10.0,4.599999999999994,112.5,123.66666666666669,121.16666666666669,118.33333333333331,-5.833333333333329,2.5,-1,1,-4.6,3.0,1,0,1,1,3,2,4,4,0,0,0,0,0,0,0,0,0,-7.714285714285714,4.857142857142857,103.8,,0,0,0,1,0,1,-4,-2,3.0,0.1,59.4,3.12
22500160,2025-11-03,HOU,DAL,110.0,102.0,212.0,True,102.57,114.5,110.3,4.2,,0.528,102.0,100.9,105.9,-5.0,,0.487,0.5699999999999932,13.599999999999994,4.3999999999999915,9.2,,0.041,0,1,0,1,2.0,2.0,0,0,0,1,0,2,134.66666666666666,103.66666666666669,110.33333333333331,109.33333333333331,25.33333333333333,-6.666666666666657,127.8,111.4,114.2,114.8,13.0,-2.799999999999997,127.8,108.16666666666669,114.2,116.5,11.299999999999995,-6.033333333333331,4,-2,15.4,-3.0,0,0,0,0,2,2,3,3,0,0,0,0,0,0,0,0,0,12.666666666666666,-8.285714285714286,102.285,,0,0,0,1,0,1,1,1,0.25,1.0,3.725,20.8
22500165,2025-11-04,TOR,MIL,128.0,100.0,228.0,True,105.41,112.2,106.5,5.8,,0.548,103.36,112.1,114.3,-2.3,,0.557,2.049999999999997,0.1000000000000085,-7.799999999999997,8.1,,-0.009,1,1,1,1,2.0,1.0,0,1,0,1,0,2,116.66666666666669,123.33333333333331,114.66666666666669,120.0,-3.3333333333333286,8.666666666666657,116.4,120.8,120.8,117.8,-1.3999999999999917,0.0,119.42857142857144,122.71428571428572,120.57142857142856,117.85714285714286,1.5714285714285694,2.142857142857139,3,-1,3.2,-1.6,0,1,1,1,2,3,4,4,0,0,0,0,0,0,0,0,0,2.5,0.75,104.385,238.0,0,0,0,1,0,1,-2,-6,0.25,0.1,2.825,3.12
22500166,2025-11-04,ATL,ORL,127.0,112.0,239.0,True,103.41,112.4,112.0,0.5,,0.542,103.6,105.4,110.7,-5.3,,0.505,-0.1899999999999977,7.0,1.2999999999999972,5.8,,0.037,0,1,0,2,2.0,3.0,0,0,0,1,0,5,118.0,121.33333333333331,112.33333333333331,112.0,6.0,9.0,115.4,117.2,116.4,116.4,-1.0,0.7999999999999972,115.14285714285714,116.85714285714286,118.14285714285714,116.28571428571428,-1.142857142857153,-1.2857142857142776,1,-1,5.4,0.2,0,0,1,1,2,2,4,4,0,0,0,0,0,0,0,0,0,-0.75,-1.375,103.505,218.0,0,0,0,1,0,1,-2,-3,1.0,0.0,17.8,0.0
22500167,2025-11-04,CHI,PHI,113.0,111.0,224.0,True,105.81,112.4,112.3,0.2,,0.552,101.72,110.4,110.3,0.1,,0.514,4.090000000000003,2.0,2.0,0.1,,0.038,0,1,1,1,2.0,2.0,0,0,0,1,0,2,125.66666666666669,125.33333333333331,122.0,116.0,9.666666666666671,3.3333333333333286,123.0,127.4,117.4,118.6,4.400000000000006,10.0,121.66666666666669,125.66666666666669,116.33333333333331,118.16666666666669,3.5,9.333333333333345,1,-1,3.6,7.6,0,0,1,0,2,2,4,3,0,0,0,0,0,0,0,0,0,4.857142857142857,6.142857142857143,103.765,,0,0,0,1,0,1,-2,1,1.25,0.0,27.9,0.0
22500168,2025-11-04,NOP,CHA,116.0,112.0,228.0,True,103.58,102.8,114.8,-12.0,,0.48,103.62,115.6,109.0,6.6,,0.557,-0.0400000000000062,-12.799999999999995,5.799999999999997,-18.6,,-0.077,0,0,0,0,2.0,2.0,0,0,0,1,0,1,106.0,112.66666666666669,128.33333333333334,116.0,-10.0,-15.666666666666671,104.8,118.8,125.4,121.0,-16.200000000000003,-6.6000000000000085,107.66666666666669,121.57142857142856,125.83333333333331,121.0,-13.333333333333329,-4.261904761904759,1,-1,-19.0,-8.2,0,1,1,1,2,3,4,4,0,0,0,0,0,0,0,0,1,-15.0,0.0,103.6,,0,0,0,1,0,1,-2,-4,1.0,2.0,21.4,37.9
22500169,2025-11-04,GSW,PHX,118.0,107.0,225.0,True,102.5,107.5,107.5,0.0,,0.526,103.38,109.5,110.7,-1.1,,0.539,-0.8799999999999955,-2.0,-3.200000000000003,1.1,,-0.013,0,0,0,0,3.0,2.0,0,0,0,1,0,1,105.66666666666669,120.33333333333331,104.33333333333331,109.33333333333331,-3.666666666666657,16.0,113.4,121.2,114.0,119.8,-6.3999999999999915,7.200000000000003,117.57142857142856,118.28571428571428,115.71428571428572,120.57142857142856,-3.0,2.5714285714285836,1,-1,5.6,3.6,0,0,0,1,2,2,3,4,0,0,0,0,0,0,0,0,0,3.0,-3.375,102.94,,0,0,0,1,0,1,2,-2,0.25,2.0,5.025,36.9
22500170,2025-11-04,LAC,OKC,107.0,126.0,233.0,True,100.81,106.9,109.9,-3.0,,0.533,101.94,110.8,102.4,8.5,,0.525,-1.1299999999999957,-3.899999999999991,7.5,-11.5,,0.008,1,0,2,0,1.0,2.0,1,0,0,1,0,1,108.0,123.66666666666669,114.0,105.0,3.0,9.666666666666671,113.4,117.8,110.2,101.8,11.600000000000009,7.599999999999994,112.5,122.14285714285714,113.33333333333331,109.71428571428572,2.785714285714292,8.80952380952381,-2,8,-6.0,16.4,0,0,0,0,2,2,3,3,0,0,0,0,0,0,0,0,0,-3.4285714285714284,13.25,101.375,,0,0,0,1,0,1,-1,1,1.0,0.25,23.7,4.025
22500181,2025-11-05,SAC,GSW,121.0,116.0,237.0,True,102.31,112.3,110.4,1.9,,0.549,102.5,107.5,107.5,0.0,,0.526,-0.1899999999999977,4.799999999999997,2.9000000000000057,1.9,,0.023,0,0,0,1,2.0,1.0,0,0,0,1,0,1,124.0,112.33333333333331,129.66666666666666,113.66666666666669,10.333333333333329,-17.33333333333333,118.6,113.2,124.6,107.6,11.0,-11.399999999999991,116.28571428571428,117.625,121.0,114.625,1.6607142857142918,-3.375,1,-1,-3.6,2.0,0,0,0,1,2,2,3,4,0,0,0,0,0,0,0,0,0,-3.5,2.111111111111111,102.405,,0,0,0,1,0,1,1,-3,1.5,0.0,24.65,0.0
22500180,2025-11-05,POR,OKC,121.0,119.0,240.0,True,106.44,111.2,107.2,4.0,,0.519,101.94,110.8,102.4,8.5,,0.525,4.5,0.4000000000000057,4.799999999999997,-4.5,,-0.006,1,1,2,1,2.0,1.0,0,1,0,1,0,2,120.0,130.0,121.33333333333331,107.0,13.0,8.666666666666671,117.8,119.6,117.2,103.2,14.599999999999994,2.3999999999999915,120.28571428571428,122.625,117.57142857142856,109.375,10.910714285714292,5.053571428571431,1,-1,2.4,14.6,0,1,0,1,2,3,3,4,0,0,0,0,0,0,0,0,0,2.625,11.555555555555555,104.19,,0,0,0,1,0,1,1,-6,0.1,0.0,2.2600000000000002,0.0
22500179,2025-11-05,LAL,SAS,118.0,116.0,234.0,True,100.88,110.6,110.1,0.5,,0.54,100.52,109.9,104.3,5.6,,0.539,0.3599999999999994,0.6999999999999886,5.799999999999997,-5.1,,0.001,1,1,1,1,2.0,3.0,0,0,0,1,0,2,123.33333333333331,115.33333333333331,115.66666666666669,111.33333333333331,12.0,-0.3333333333333428,118.8,116.8,116.8,111.4,7.399999999999992,0.0,119.75,118.16666666666669,116.625,108.16666666666669,11.583333333333329,1.5416666666666714,5,-2,5.2,4.2,1,0,1,0,3,2,4,3,0,0,0,0,0,0,0,0,0,3.0,8.285714285714286,100.7,,0,0,0,1,0,1,-4,2,1.25,2.0,20.9,37.5
22500178,2025-11-05,DEN,MIA,122.0,112.0,234.0,True,102.17,115.4,107.6,7.7,,0.546,106.33,108.3,108.0,0.3,,0.545,-4.159999999999997,7.1000000000000085,-0.4000000000000057,7.4,,0.001,1,2,1,2,2.0,2.0,0,0,0,1,0,4,119.66666666666669,113.66666666666669,107.0,118.66666666666669,1.0,6.666666666666671,123.8,120.0,109.2,116.0,7.799999999999997,10.799999999999995,125.0,123.85714285714286,113.83333333333331,117.0,8.0,10.023809523809533,2,-1,12.2,0.4,0,1,0,1,2,3,3,4,0,0,0,0,0,0,0,0,1,11.0,4.75,104.25,,0,0,0,1,0,1,1,-5,0.1,0.0,2.2800000000000002,0.0
22500177,2025-11-05,DAL,NOP,99.0,101.0,200.0,True,102.0,100.9,105.9,-5.0,,0.487,103.58,102.8,114.8,-12.0,,0.48,-1.5799999999999983,-1.8999999999999917,-8.899999999999991,7.0,,0.007,0,1,0,2,2.0,1.0,0,0,0,1,0,1,106.33333333333331,115.33333333333331,112.33333333333331,125.0,-18.66666666666667,3.0,110.4,104.8,113.4,123.8,-13.399999999999991,-8.600000000000009,107.28571428571428,108.85714285714286,115.57142857142856,123.85714285714286,-16.57142857142857,-6.714285714285708,-3,2,-5.4,-12.2,0,1,0,1,2,3,3,4,0,0,0,0,0,0,0,0,0,-7.5,-12.875,102.79,,0,0,0,1,0,1,1,-5,1.0,1.25,20.8,25.724999999999998
22500174,2025-11-05,BOS,WAS,136.0,107.0,243.0,True,100.03,113.1,106.4,6.8,,0.515,104.8,101.7,114.3,-12.6,,0.512,-4.769999999999996,11.399999999999991,-7.899999999999992,19.4,,0.003,1,1,2,1,2.0,2.0,0,0,0,1,0,2,104.33333333333331,101.33333333333331,113.66666666666669,123.66666666666669,-19.333333333333343,-12.333333333333345,112.0,110.2,107.2,129.8,-17.80000000000001,3.0,110.5,112.57142857142856,109.625,127.0,-16.5,2.9464285714285694,1,-6,4.2,-20.2,0,0,1,1,2,2,4,4,0,0,0,0,0,0,0,0,0,4.0,-16.25,102.415,,0,0,0,1,0,1,-2,-2,0.0,0.0,0.0,0.0
22500175,2025-11-05,NYK,MIN,137.0,114.0,251.0,True,101.59,112.5,111.9,0.6,,0.516,102.16,112.9,111.2,1.7,,0.553,-0.5699999999999932,-0.4000000000000057,0.7000000000000028,-1.1,,-0.037,2,1,2,2,2.0,2.0,0,0,0,1,0,3,124.0,120.66666666666669,117.66666666666669,110.0,14.0,3.0,118.0,118.0,117.8,113.4,4.599999999999994,0.2000000000000028,116.28571428571428,116.85714285714286,113.57142857142856,115.57142857142856,0.7142857142857224,3.285714285714292,3,-1,6.4,-0.8,1,0,1,0,3,2,4,3,0,0,0,0,0,0,0,0,1,5.25,-1.75,101.875,,0,0,0,1,0,1,-4,0,0.25,0.25,5.425,6.625
22500173,2025-11-05,IND,BKN,103.0,112.0,215.0,True,104.24,108.4,115.2,-6.7,,0.501,102.16,108.1,117.5,-9.5,,0.502,2.0799999999999983,0.3000000000000113,-2.299999999999997,2.8,,-0.001,1,0,3,0,2.0,2.0,0,0,0,1,0,1,112.33333333333331,108.66666666666669,118.0,123.66666666666669,-11.333333333333345,-9.333333333333329,110.4,108.4,115.0,125.2,-14.799999999999995,-6.599999999999994,112.85714285714286,111.85714285714286,120.57142857142856,127.57142857142856,-14.714285714285708,-8.714285714285708,-2,1,-5.6,-12.8,0,1,1,0,2,3,4,3,0,0,0,0,0,0,0,0,0,-7.875,-12.625,103.2,,0,0,0,1,0,1,-2,-1,3.0,0.0,59.4,0.0
22500172,2025-11-05,DET,UTA,114.0,103.0,217.0,True,102.25,111.9,107.1,4.8,,0.518,104.68,107.6,110.7,-3.0,,0.503,-2.430000000000007,4.300000000000011,-3.6000000000000085,7.8,,0.015,0,2,1,3,2.0,2.0,0,0,0,1,0,4,123.66666666666669,101.33333333333331,110.66666666666669,115.66666666666669,8.0,-9.333333333333345,117.0,115.2,112.2,123.4,-6.400000000000006,3.0,115.85714285714286,115.57142857142856,112.42857142857144,118.57142857142856,-2.714285714285708,3.142857142857139,4,-1,5.8,-11.2,0,1,0,1,2,3,3,4,0,0,0,0,0,0,0,0,1,4.375,-4.0,103.465,,0,0,0,1,0,1,1,-5,1.0,1.0,14.1,14.4
22500171,2025-11-05,CLE,PHI,132.0,121.0,253.0,True,102.45,111.4,109.5,1.9,,0.517,101.72,110.4,110.3,0.1,,0.514,0.730000000000004,1.0,-0.7999999999999972,1.7999999999999998,,0.003,1,2,2,2,3.0,1.0,0,1,0,1,0,3,107.66666666666669,116.0,115.33333333333331,109.0,-1.3333333333333286,0.6666666666666714,111.4,124.6,110.8,117.0,-5.599999999999994,13.799999999999995,114.14285714285714,123.57142857142856,113.85714285714286,117.42857142857144,-3.285714285714292,9.714285714285708,2,-2,1.8,3.0,0,1,0,1,2,3,3,4,0,0,0,0,0,0,0,0,0,1.625,4.0,102.085,,0,0,0,1,0,1,2,-7,0.75,0.0,11.700000000000001,0.0
22500176,2025-11-05,MEM,HOU,109.0,124.0,233.0,True,104.2,108.8,111.5,-2.7,,0.509,102.57,114.5,110.3,4.2,,0.528,1.6300000000000097,-5.700000000000003,1.2000000000000028,-6.9,,-0.019,1,0,2,1,2.0,2.0,0,0,0,1,0,1,107.33333333333331,125.66666666666669,116.0,108.0,-0.6666666666666714,9.666666666666671,110.8,125.0,118.4,109.6,1.2000000000000028,6.599999999999994,115.5,124.83333333333331,120.375,112.16666666666669,3.3333333333333286,4.458333333333329,-4,5,-8.0,19.2,1,0,1,0,3,2,4,3,0,0,0,0,0,0,0,0,0,-6.0,13.0,103.385,,0,0,0,1,0,1,-4,1,1.0,0.25,12.3,3.725
22500182,2025-11-06,PHX,LAC,115.0,102.0,217.0,True,103.38,109.5,110.7,-1.1,,0.539,100.81,106.9,109.9,-3.0,,0.533,2.569999999999993,2.5999999999999943,0.7999999999999972,1.9,,0.006,0,0,1,0,2.0,2.0,0,0,0,1,0,1,118.33333333333331,117.33333333333331,110.66666666666669,123.33333333333331,-5.0,6.666666666666657,120.4,109.0,116.8,115.0,5.400000000000006,-7.799999999999997,116.875,111.71428571428572,120.25,115.14285714285714,1.7321428571428612,-8.535714285714292,1,-3,7.0,-10.0,0,1,1,1,2,3,4,4,0,0,0,0,0,0,0,0,0,-1.5555555555555556,-4.625,102.095,231.0,0,0,0,1,0,1,-2,-4,1.35,2.0,27.575,51.5
22500034,2025-11-07,MEM,DAL,118.0,104.0,222.0,True,104.2,108.8,111.5,-2.7,,0.509,102.0,100.9,105.9,-5.0,,0.487,2.200000000000003,7.899999999999992,5.599999999999994,2.3,,0.022,1,0,2,1,2.0,2.0,0,0,0,1,0,1,106.33333333333331,103.66666666666669,118.33333333333331,111.0,-4.666666666666671,-14.666666666666655,109.0,102.4,117.0,107.8,1.2000000000000028,-14.599999999999994,114.77777777777776,106.25,120.77777777777776,113.75,1.0277777777777717,-14.527777777777771,1,-4,-5.4,-6.8,0,0,1,1,2,2,4,4,0,0,0,0,0,0,0,0,0,-4.0,-8.222222222222221,103.1,,0,0,0,1,0,1,-2,-2,1.0,0.5,12.3,10.4
22500038,2025-11-07,SAC,OKC,101.0,132.0,233.0,True,102.31,112.3,110.4,1.9,,0.549,101.94,110.8,102.4,8.5,,0.525,0.3700000000000045,1.5,8.0,-6.6,,0.024,1,2,1,2,2.0,2.0,0,0,0,1,0,3,126.66666666666669,127.33333333333331,126.33333333333331,111.33333333333331,15.333333333333345,1.0,118.8,123.2,122.4,108.6,10.200000000000005,0.7999999999999972,116.875,122.22222222222224,120.375,110.66666666666669,6.208333333333329,1.8472222222222283,-1,1,-8.6,19.6,0,1,1,1,2,3,4,4,0,0,0,0,0,0,0,0,0,-6.555555555555555,13.5,102.125,208.0,0,0,0,1,0,1,-2,-5,1.25,1.0,19.3,14.8
22500037,2025-11-07,DEN,GSW,129.0,104.0,233.0,True,102.17,115.4,107.6,7.7,,0.546,102.5,107.5,107.5,0.0,,0.526,-0.3299999999999983,7.900000000000006,0.0999999999999943,7.7,,0.02,1,1,2,1,2.0,2.0,0,0,0,1,0,2,119.66666666666669,114.33333333333331,115.0,114.0,5.666666666666671,-0.6666666666666714,121.6,110.2,109.4,108.2,13.399999999999991,0.7999999999999972,124.57142857142856,117.44444444444444,113.57142857142856,115.33333333333331,9.23809523809524,3.8730158730158735,3,-2,14.6,-6.8,0,1,0,1,2,3,3,4,0,0,0,0,0,0,0,0,0,12.75,-0.6,102.335,268.0,0,0,0,1,0,1,1,-4,0.0,1.25,0.0,33.625
22500035,2025-11-07,MIL,CHI,126.0,110.0,236.0,True,103.36,112.1,114.3,-2.3,,0.557,105.81,112.4,112.3,0.2,,0.552,-2.450000000000003,-0.3000000000000113,2.0,-2.5,,0.005,0,0,0,1,3.0,3.0,0,0,0,1,0,1,116.66666666666669,121.33333333333331,126.0,121.33333333333331,-4.666666666666657,-4.666666666666671,118.2,123.6,119.8,120.0,-1.7999999999999972,3.799999999999997,119.875,120.42857142857144,119.125,115.57142857142856,4.303571428571431,1.3035714285714306,1,-1,-0.4,-0.6,0,0,1,0,2,2,4,3,0,0,0,0,0,0,0,0,0,2.4444444444444446,2.25,104.585,,0,0,0,1,0,1,-1,2,0.0,1.25,0.0,27.9
22500033,2025-11-07,MIA,CHA,126.0,108.0,234.0,True,106.33,108.3,108.0,0.3,,0.545,103.62,115.6,109.0,6.6,,0.557,2.7099999999999937,-7.299999999999997,-1.0,-6.3,,-0.012,0,1,0,1,2.0,3.0,0,0,0,1,0,2,117.33333333333331,114.33333333333331,123.66666666666669,113.66666666666669,3.666666666666657,-9.333333333333345,119.4,113.4,119.0,121.6,-2.1999999999999886,-5.599999999999994,122.375,120.375,117.625,120.375,2.0,2.75,1,-2,-1.4,-6.4,0,0,1,1,2,2,4,4,0,0,0,0,0,0,0,0,0,6.222222222222222,-2.0,104.975,261.0,0,0,0,1,0,1,-2,-1,1.0,1.35,19.5,23.58
22500036,2025-11-07,MIN,UTA,137.0,97.0,234.0,True,102.16,112.9,111.2,1.7,,0.553,104.68,107.6,110.7,-3.0,,0.503,-2.5200000000000102,5.300000000000011,0.5,4.7,,0.05,0,1,0,3,2.0,2.0,0,0,0,1,0,5,120.33333333333331,103.66666666666669,117.0,114.33333333333331,6.0,-13.333333333333329,118.0,108.2,118.8,119.4,-1.4000000000000057,-10.599999999999994,116.5,114.0,118.25,118.0,-1.5,-4.25,1,-2,9.8,-18.8,0,0,1,1,2,2,4,4,0,0,0,0,0,0,0,0,0,2.888888888888889,-8.0,103.42,,0,0,0,1,0,1,-2,-4,0.25,1.0,6.625,14.4
22500031,2025-11-07,BKN,DET,107.0,125.0,232.0,True,102.16,108.1,117.5,-9.5,,0.502,102.25,111.9,107.1,4.8,,0.518,-0.0900000000000034,-3.8000000000000114,10.400000000000006,-14.3,,-0.016,0,0,2,1,2.0,2.0,0,0,0,1,0,1,108.66666666666669,116.66666666666669,119.0,106.33333333333331,2.333333333333343,-2.3333333333333286,109.4,116.0,122.2,110.2,-0.7999999999999972,-6.200000000000003,111.875,115.625,124.5,111.25,0.625,-8.875,-1,5,-10.8,13.6,0,0,1,1,2,2,4,4,0,0,0,0,0,0,0,0,0,-13.22222222222222,5.888888888888889,102.205,,0,0,0,1,0,1,-2,-2,1.0,1.0,21.4,14.1
22500030,2025-11-07,ATL,TOR,97.0,109.0,206.0,True,103.41,112.4,112.0,0.5,,0.542,105.41,112.2,106.5,5.8,,0.548,-2.0,0.2000000000000028,5.5,-5.3,,-0.006,1,0,1,0,3.0,3.0,0,0,0,1,0,1,121.33333333333331,119.0,112.33333333333331,101.66666666666669,19.666666666666657,6.666666666666671,120.8,116.2,115.4,113.0,7.799999999999997,0.7999999999999972,116.625,120.5,117.375,118.0,-1.375,3.125,-1,4,4.0,9.2,0,0,0,0,2,2,3,3,0,0,0,0,0,0,0,0,0,-2.0,3.5555555555555554,104.41,256.0,0,0,0,1,0,1,2,2,1.0,0.0,17.8,0.0
22500029,2025-11-07,WAS,CLE,114.0,148.0,262.0,True,104.8,101.7,114.3,-12.6,,0.512,102.45,111.4,109.5,1.9,,0.517,2.3499999999999943,-9.700000000000005,4.799999999999997,-14.5,,-0.005,0,0,0,0,2.0,2.0,0,0,0,1,0,1,101.0,116.66666666666669,126.66666666666669,114.0,-13.0,-10.0,109.0,114.2,129.2,112.4,-3.4000000000000057,-14.999999999999986,111.875,116.375,128.125,114.75,-2.875,-11.75,-7,3,-26.0,4.4,0,0,1,0,2,2,4,3,0,0,0,0,0,0,0,0,0,-18.22222222222222,5.222222222222222,103.625,,0,0,0,1,0,1,-2,1,0.25,0.1,4.125,1.8100000000000003
22500028,2025-11-07,ORL,BOS,123.0,110.0,233.0,True,103.6,105.4,110.7,-5.3,,0.505,100.03,113.1,106.4,6.8,,0.515,3.569999999999993,-7.699999999999989,4.299999999999997,-12.1,,-0.01,0,0,0,0,3.0,2.0,0,0,0,1,0,1,120.0,113.33333333333331,109.33333333333331,113.33333333333331,6.666666666666671,4.0,120.0,114.8,119.8,110.6,9.400000000000006,-5.0,116.25,113.33333333333331,117.625,109.33333333333331,6.916666666666671,-4.291666666666671,1,-1,5.2,-2.4,0,0,0,1,2,2,3,4,0,0,0,0,0,0,0,0,0,0.2222222222222222,2.3,101.815,,0,0,0,1,0,1,2,-2,0.0,0.0,0.0,0.0
22500032,2025-11-07,SAS,HOU,121.0,110.0,231.0,True,100.52,109.9,104.3,5.6,,0.539,102.57,114.5,110.3,4.2,,0.528,-2.049999999999997,-4.599999999999994,-6.0,1.3999999999999997,,0.011,0,1,0,1,2.0,2.0,0,0,0,1,0,2,113.66666666666669,120.66666666666669,116.33333333333331,104.0,9.666666666666671,4.333333333333343,116.0,127.6,111.8,108.4,7.599999999999994,15.799999999999995,117.85714285714286,124.71428571428572,109.57142857142856,111.71428571428572,6.142857142857153,15.14285714285714,1,-1,4.2,11.4,0,0,0,1,2,2,3,4,0,0,0,0,0,0,0,0,0,8.625,10.0,101.545,,0,0,0,1,0,1,1,-2,2.0,0.0,37.5,0.0
22500183,2025-11-08,WAS,DAL,105.0,111.0,216.0,True,104.8,101.7,114.3,-12.6,,0.512,102.0,100.9,105.9,-5.0,,0.487,2.799999999999997,0.7999999999999972,8.399999999999991,-7.6,,0.025,1,1,1,2,1.0,1.0,1,1,0,1,0,2,107.66666666666669,101.66666666666669,134.33333333333334,109.66666666666669,-2.0,-32.66666666666667,105.0,104.4,131.0,111.2,-6.200000000000003,-26.59999999999999,112.11111111111111,106.0,130.33333333333334,114.22222222222224,-2.1111111111111143,-24.333333333333343,-8,1,-23.4,-6.0,1,1,1,1,3,3,4,4,0,0,0,0,0,0,0,0,1,-17.0,-6.8,103.4,224.0,0,0,0,1,0,1,-6,-6,0.25,0.25,4.125,5.2
22500184,2025-11-08,PHI,TOR,130.0,120.0,250.0,True,101.72,110.4,110.3,0.1,,0.514,105.41,112.2,106.5,5.8,,0.548,-3.6899999999999977,-1.7999999999999972,3.799999999999997,-5.7,,-0.034,0,1,0,1,3.0,1.0,0,1,0,1,0,2,120.33333333333331,118.0,116.66666666666669,100.33333333333331,20.0,1.3333333333333286,121.6,117.4,118.6,108.2,13.399999999999991,-1.1999999999999886,123.25,119.22222222222224,119.25,115.66666666666669,7.583333333333329,-0.0277777777777714,1,-1,4.0,10.8,0,0,1,1,2,2,4,4,0,0,0,0,0,0,0,0,0,4.666666666666667,2.2,103.565,,0,0,0,1,0,1,-1,-4,0.0,1.0,0.0,11.3
22500185,2025-11-08,ATL,LAL,122.0,102.0,224.0,True,103.41,112.4,112.0,0.5,,0.542,100.88,110.6,110.1,0.5,,0.54,2.530000000000001,1.8000000000000114,1.9000000000000057,0.0,,0.002,1,0,2,1,1.0,3.0,1,0,0,1,0,1,111.0,123.66666666666669,112.66666666666669,117.0,-6.0,11.0,115.6,120.8,111.6,115.6,0.0,9.200000000000005,114.44444444444444,119.55555555555556,116.44444444444444,116.55555555555556,-2.1111111111111143,3.1111111111111143,1,-1,7.0,1.0,0,0,1,1,2,2,4,4,0,0,0,0,0,0,0,0,1,0.2,0.7,102.145,,0,0,0,1,0,1,-4,-1,2.5,2.0,46.625,41.6
22500186,2025-11-08,CLE,CHI,128.0,122.0,250.0,True,102.45,111.4,109.5,1.9,,0.517,105.81,112.4,112.3,0.2,,0.552,-3.359999999999999,-1.0,-2.799999999999997,1.7,,-0.035,1,1,1,1,1.0,1.0,0,1,0,1,0,2,132.33333333333334,113.0,114.66666666666669,121.66666666666669,10.666666666666671,-1.6666666666666714,120.6,120.0,116.2,120.6,0.0,3.799999999999997,119.88888888888889,119.125,114.66666666666669,116.875,3.0138888888888857,4.458333333333329,4,-2,9.6,-4.4,1,0,1,1,3,2,4,4,0,0,0,0,0,0,0,0,0,5.3,1.3333333333333333,104.13,,0,0,0,1,0,1,-5,-4,0.0,1.1,0.0,25.56
22500187,2025-11-08,MIA,POR,136.0,131.0,267.0,True,106.33,108.3,108.0,0.3,,0.545,106.44,111.2,107.2,4.0,,0.519,-0.1099999999999994,-2.9000000000000057,0.7999999999999972,-3.7,,0.026,1,0,1,0,1.0,3.0,1,0,0,1,0,1,119.33333333333331,115.0,116.33333333333331,116.33333333333331,3.0,-1.3333333333333286,115.8,120.6,117.2,118.2,-2.4000000000000057,3.3999999999999915,122.77777777777776,120.375,116.55555555555556,117.75,5.0277777777777715,3.819444444444443,2,-1,0.8,-1.4,1,0,1,0,3,2,5,3,0,0,0,0,0,0,0,0,1,6.1,1.7777777777777777,106.385,,0,0,0,1,0,1,-6,2,1.35,0.1,26.215,2.2600000000000002
22500188,2025-11-08,SAS,NOP,126.0,119.0,245.0,True,100.52,109.9,104.3,5.6,,0.539,103.58,102.8,114.8,-12.0,,0.48,-3.0600000000000023,7.1000000000000085,-10.5,17.6,,0.059,1,1,1,1,1.0,3.0,1,0,0,1,0,2,118.33333333333331,107.66666666666669,119.33333333333331,116.0,2.3333333333333286,-11.666666666666655,116.6,107.0,112.4,119.2,-2.6000000000000085,-5.400000000000006,118.25,107.875,109.625,120.75,-2.5,-1.75,2,-1,2.0,-6.8,1,0,1,1,3,2,4,4,0,0,0,0,0,0,0,0,0,8.444444444444445,-12.22222222222222,102.05,236.0,0,0,0,1,0,1,-6,-1,1.0,2.0,14.0,38.7
22500189,2025-11-08,DEN,IND,117.0,100.0,217.0,True,102.17,115.4,107.6,7.7,,0.546,104.24,108.4,115.2,-6.7,,0.501,-2.069999999999993,7.0,-7.600000000000008,14.4,,0.045,2,0,3,0,1.0,3.0,1,0,0,1,0,1,127.0,110.66666666666669,113.33333333333331,112.66666666666669,14.333333333333329,-2.666666666666657,122.0,109.0,107.4,114.6,7.400000000000006,1.5999999999999943,125.125,111.625,112.375,119.5,5.625,-0.75,4,-3,11.2,-8.6,1,0,1,0,3,2,4,3,0,0,0,0,0,0,0,0,1,13.22222222222222,-8.88888888888889,103.205,,0,0,0,1,0,1,-6,2,0.5,2.25,10.4,45.15
22500190,2025-11-08,LAC,PHX,103.0,114.0,217.0,True,100.81,106.9,109.9,-3.0,,0.533,103.38,109.5,110.7,-1.1,,0.539,-2.569999999999993,-2.5999999999999943,-0.7999999999999972,-1.9,,-0.006,0,0,2,1,2.0,2.0,0,0,0,1,0,1,109.33333333333331,117.33333333333331,120.33333333333331,112.66666666666669,-3.333333333333343,-3.0,106.6,116.6,116.6,109.6,-3.0,0.0,110.5,116.66666666666669,115.125,118.22222222222224,-7.7222222222222285,1.5416666666666714,-4,2,-8.4,9.4,0,0,1,1,2,2,4,4,0,0,0,0,0,0,0,0,0,-5.333333333333333,-0.3,102.095,224.0,0,0,0,1,0,1,-2,-2,1.0,0.5,23.7,8.425
22500197,2025-11-09,SAC,MIN,117.0,144.0,261.0,True,102.31,112.3,110.4,1.9,,0.549,102.16,112.9,111.2,1.7,,0.553,0.1500000000000056,-0.6000000000000085,-0.7999999999999972,0.1999999999999999,,-0.004,1,0,2,1,2.0,2.0,0,0,0,1,0,1,115.33333333333331,125.33333333333331,126.0,114.33333333333331,1.0,-0.6666666666666714,118.8,122.6,127.4,112.8,6.0,-4.800000000000011,115.11111111111111,118.77777777777776,121.66666666666669,115.88888888888889,-0.7777777777777715,-2.8888888888889,-2,2,-11.4,15.4,0,0,1,1,2,2,4,4,0,0,0,0,0,0,0,0,0,-8.6,5.3,102.235,,0,0,0,1,0,1,-2,-2,1.25,0.0,19.3,0.0
22500196,2025-11-09,GSW,IND,114.0,83.0,197.0,True,102.5,107.5,107.5,0.0,,0.526,104.24,108.4,115.2,-6.7,,0.501,-1.7399999999999949,-0.9000000000000057,-7.700000000000003,6.7,,0.025,0,1,1,1,2.0,1.0,0,1,0,1,0,2,112.66666666666669,106.0,119.0,115.33333333333331,-2.666666666666657,-13.0,111.4,108.0,118.2,116.6,-5.199999999999989,-10.200000000000005,116.1,110.33333333333331,116.7,119.22222222222224,-3.1222222222222342,-6.366666666666674,1,-4,1.4,-10.8,0,0,1,1,2,2,4,4,0,0,0,0,0,0,0,0,1,1.5,-11.1,103.37,223.0,0,0,0,1,0,1,-2,-4,0.25,4.0,7.15,80.7
22500195,2025-11-09,PHI,DET,108.0,111.0,219.0,True,101.72,110.4,110.3,0.1,,0.514,102.25,111.9,107.1,4.8,,0.518,-0.5300000000000011,-1.5,3.200000000000003,-4.7,,-0.004,1,1,1,1,1.0,2.0,1,0,0,1,0,2,120.66666666666669,117.66666666666669,121.66666666666669,105.33333333333331,15.333333333333345,-4.0,119.8,122.0,115.8,108.4,11.399999999999991,6.200000000000003,124.0,116.66666666666669,119.33333333333331,110.77777777777776,13.222222222222229,-2.666666666666657,-1,6,3.6,10.4,0,0,1,1,2,2,4,4,0,0,0,0,0,0,0,0,0,3.9,5.6,101.985,,0,0,0,1,0,1,-4,-2,1.0,1.0,19.7,14.1
22500193,2025-11-09,ORL,BOS,107.0,111.0,218.0,True,103.6,105.4,110.7,-5.3,,0.505,100.03,113.1,106.4,6.8,,0.515,3.569999999999993,-7.699999999999989,4.299999999999997,-12.1,,-0.01,1,1,1,1,2.0,2.0,0,0,0,1,0,2,120.0,116.33333333333331,110.33333333333331,111.66666666666669,8.333333333333329,6.0,119.8,111.8,114.6,114.2,5.599999999999994,-2.799999999999997,117.0,113.0,116.77777777777776,110.7,6.299999999999997,-3.777777777777771,-1,1,8.2,-1.8,0,0,0,1,2,2,3,4,0,0,0,0,0,0,0,0,0,-0.2,2.8,101.815,233.0,0,0,0,1,0,1,1,-2,0.0,0.0,0.0,0.0
22500192,2025-11-09,NYK,BKN,134.0,98.0,232.0,True,101.59,112.5,111.9,0.6,,0.516,102.16,108.1,117.5,-9.5,,0.502,-0.5699999999999932,4.400000000000006,-5.599999999999994,10.1,,0.014,0,0,1,1,4.0,2.0,0,0,0,1,0,1,128.0,109.33333333333331,110.66666666666669,117.66666666666669,10.333333333333329,-1.3333333333333428,124.0,109.0,117.6,119.8,4.200000000000003,-8.599999999999994,118.875,111.33333333333331,113.625,124.55555555555556,-5.680555555555557,-2.2916666666666714,4,-2,15.6,-17.0,0,0,0,1,1,2,3,4,0,0,0,0,0,0,0,0,0,8.666666666666666,-15.5,101.875,,0,0,0,1,0,1,2,-2,0.0,1.0,0.0,21.4
22500191,2025-11-09,MIL,HOU,115.0,122.0,237.0,True,103.36,112.1,114.3,-2.3,,0.557,102.57,114.5,110.3,4.2,,0.528,0.7900000000000063,-2.4000000000000057,4.0,-6.5,,0.029,1,1,1,2,2.0,2.0,0,0,0,1,0,3,114.33333333333331,114.66666666666669,117.66666666666669,110.66666666666669,3.666666666666657,-3.0,119.2,122.2,119.6,110.8,8.400000000000006,2.6000000000000085,120.55555555555556,122.875,118.11111111111111,112.875,7.680555555555557,4.763888888888886,-1,1,-3.8,9.2,0,0,1,1,2,2,4,4,0,0,0,0,0,0,0,0,1,1.5,9.666666666666666,102.965,,0,0,0,1,0,1,-2,-3,0.0,0.0,0.0,0.0
22500194,2025-11-09,MEM,OKC,100.0,114.0,214.0,True,104.2,108.8,111.5,-2.7,,0.509,101.94,110.8,102.4,8.5,,0.525,2.260000000000005,-2.0,9.099999999999994,-11.2,,-0.016,1,1,2,3,2.0,2.0,0,0,0,1,0,4,111.0,125.66666666666669,114.0,109.66666666666669,1.3333333333333286,11.666666666666671,109.8,128.2,115.2,108.6,1.2000000000000028,12.999999999999986,115.1,123.2,119.1,109.7,5.3999999999999915,4.1000000000000085,-1,2,-7.2,18.6,0,0,1,1,2,2,4,4,0,0,0,0,0,0,0,0,0,-6.0,14.8,103.07,,0,0,0,1,0,1,-2,-3,1.0,1.0,12.3,14.8
22500198,2025-11-10,CHA,LAL,111.0,121.0,232.0,True,103.62,115.6,109.0,6.6,,0.557,100.88,110.6,110.1,0.5,,0.54,2.740000000000009,5.0,-1.0999999999999943,6.1,,0.017,0,1,0,1,3.0,2.0,0,0,0,1,0,2,115.33333333333331,114.33333333333331,115.0,117.66666666666669,-2.333333333333343,-0.6666666666666714,111.6,118.0,118.0,117.0,-5.400000000000006,0.0,119.0,117.8,121.0,117.1,1.9000000000000057,-3.200000000000003,-3,1,-5.2,2.0,0,0,0,0,2,2,3,3,0,0,0,0,0,0,0,0,1,-2.8,2.7,102.25,,0,0,0,1,0,1,2,1,2.1,1.0,40.099999999999994,14.0
22500199,2025-11-10,DET,WAS,137.0,135.0,272.0,True,102.25,111.9,107.1,4.8,,0.518,104.8,101.7,114.3,-12.6,,0.512,-2.549999999999997,10.200000000000005,-7.200000000000003,17.4,,0.006,0,0,1,1,1.0,2.0,0,0,0,1,0,1,116.66666666666669,108.66666666666669,106.0,131.66666666666666,-14.999999999999986,2.6666666666666714,117.2,104.4,106.8,127.8,-10.599999999999994,-2.3999999999999915,116.1,111.4,110.5,128.4,-12.300000000000011,0.9000000000000057,7,-9,8.4,-17.6,1,1,1,1,3,3,4,4,0,0,0,0,0,0,0,0,0,6.2,-15.9,103.525,,0,0,0,1,0,1,-5,-4,1.25,0.0,17.25,0.0
22500200,2025-11-10,ORL,POR,115.0,112.0,227.0,True,103.6,105.4,110.7,-5.3,,0.505,106.44,111.2,107.2,4.0,,0.519,-2.8400000000000034,-5.799999999999997,3.5,-9.3,,-0.014,2,1,2,1,1.0,2.0,1,0,0,1,0,2,114.0,122.33333333333331,116.0,126.0,-12.0,6.333333333333329,118.0,122.4,109.8,123.8,-5.799999999999997,12.600000000000009,116.0,121.55555555555556,116.2,119.77777777777776,-3.777777777777771,5.355555555555554,1,-2,5.6,-2.4,1,0,1,0,3,2,4,3,0,0,0,0,0,0,0,0,1,-0.3,1.3,105.02,,0,0,0,1,0,1,-6,1,1.0,0.0,14.4,0.0
22500201,2025-11-10,MIA,CLE,140.0,138.0,278.0,True,106.33,108.3,108.0,0.3,,0.545,102.45,111.4,109.5,1.9,,0.517,3.879999999999995,-3.1000000000000085,-1.5,-1.6,,0.028,2,1,2,1,2.0,2.0,0,0,0,1,0,1,124.66666666666669,136.0,120.33333333333331,119.0,5.666666666666671,15.666666666666671,122.8,125.2,122.0,115.6,7.200000000000003,3.200000000000003,124.1,120.7,118.0,115.4,8.699999999999989,2.700000000000003,3,-1,3.2,11.4,1,1,1,1,3,3,4,4,0,0,0,0,0,0,0,0,0,6.7,5.9,104.39,,0,0,0,1,0,1,-4,-4,1.0,0.0,19.5,0.0
22500202,2025-11-10,CHI,SAS,117.0,121.0,238.0,True,105.81,112.4,112.3,0.2,,0.552,100.52,109.9,104.3,5.6,,0.539,5.290000000000006,2.5,8.0,-5.3999999999999995,,0.013,0,0,0,1,2.0,2.0,0,0,0,1,0,1,115.0,121.0,121.66666666666669,115.66666666666669,-0.6666666666666714,-0.6666666666666714,119.2,117.6,123.6,115.6,3.6000000000000085,-6.0,119.44444444444444,119.11111111111111,118.11111111111111,110.66666666666669,8.777777777777771,1.0,-3,3,-7.2,1.6,1,1,1,1,3,3,4,4,0,0,0,0,0,0,0,0,1,0.8,8.0,103.165,,0,0,0,1,0,1,-4,-4,1.25,1.0,29.1,14.0
22500203,2025-11-10,DAL,MIL,114.0,116.0,230.0,True,102.0,100.9,105.9,-5.0,,0.487,103.36,112.1,114.3,-2.3,,0.557,-1.3599999999999994,-11.199999999999989,-8.399999999999991,-2.7,,-0.07,0,0,1,0,2.0,1.0,0,0,0,1,0,1,104.66666666666669,113.66666666666669,108.0,120.0,-15.333333333333329,5.666666666666671,105.2,118.2,111.2,122.0,-16.799999999999997,7.0,106.5,120.0,113.3,118.5,-12.0,6.700000000000003,-1,1,-4.0,-3.0,1,1,1,1,3,3,4,4,0,0,0,0,0,0,0,0,1,-3.7,0.4,102.68,,0,0,0,1,0,1,-4,-5,0.25,0.1,5.2,3.12
22500204,2025-11-10,PHX,NOP,121.0,98.0,219.0,True,103.38,109.5,110.7,-1.1,,0.539,103.58,102.8,114.8,-12.0,,0.48,-0.2000000000000028,6.700000000000003,-4.099999999999994,10.9,,0.059,0,1,1,2,2.0,2.0,0,0,0,1,0,3,112.0,112.0,107.66666666666669,112.33333333333331,-0.3333333333333286,4.333333333333329,116.8,113.2,107.4,120.0,-3.200000000000003,5.799999999999997,116.4,109.11111111111111,116.7,121.33333333333331,-4.933333333333323,-7.588888888888889,3,-2,9.6,-11.0,0,0,1,1,2,2,4,4,0,0,0,0,0,0,0,0,0,1.6,-13.3,103.48,,0,0,0,1,0,1,-2,-3,1.0,2.0,15.5,38.7
22500205,2025-11-10,UTA,MIN,113.0,120.0,233.0,True,104.68,107.6,110.7,-3.0,,0.503,102.16,112.9,111.2,1.7,,0.553,2.5200000000000102,-5.300000000000011,-0.5,-4.7,,-0.05,0,1,0,2,3.0,1.0,0,1,0,1,0,2,101.66666666666669,131.66666666666666,118.0,117.0,-15.333333333333329,13.666666666666655,100.8,128.4,119.6,113.0,-12.200000000000005,8.800000000000011,112.11111111111111,121.3,120.11111111111111,116.0,-3.8888888888888857,1.1888888888888829,-3,3,-15.8,13.4,0,1,0,1,2,3,3,4,0,0,0,0,0,0,0,0,0,-7.9,5.6,103.42,234.0,0,0,0,1,0,1,2,-6,1.0,0.0,14.4,0.0
22500206,2025-11-10,LAC,ATL,102.0,105.0,207.0,True,100.81,106.9,109.9,-3.0,,0.533,103.41,112.4,112.0,0.5,,0.542,-2.5999999999999943,-5.5,-2.0999999999999943,-3.5,,-0.009,1,0,1,0,2.0,2.0,0,0,0,1,0,1,104.0,115.33333333333331,118.33333333333331,107.66666666666669,-3.6666666666666714,-3.0,111.4,116.6,119.8,109.6,1.8000000000000114,-3.200000000000003,109.66666666666669,115.2,115.0,115.0,-5.333333333333329,0.2000000000000028,-5,2,-9.4,3.6,0,1,1,1,2,3,4,4,0,0,0,0,0,0,0,0,1,-5.1,2.5,102.11,,0,0,0,1,0,1,-2,-4,1.0,1.5,23.7,28.225
22500212,2025-11-11,SAC,DEN,108.0,122.0,230.0,True,102.31,112.3,110.4,1.9,,0.549,102.17,115.4,107.6,7.7,,0.546,0.1400000000000005,-3.1000000000000085,2.8000000000000114,-5.800000000000001,,0.003,1,0,2,0,2.0,3.0,0,0,0,1,0,1,113.0,122.66666666666669,130.66666666666666,105.33333333333331,7.666666666666671,-7.999999999999986,119.6,121.0,131.0,109.8,9.799999999999995,-10.0,115.3,124.22222222222224,123.9,111.0,4.299999999999997,0.3222222222222228,-3,5,-14.6,14.4,0,0,1,1,2,2,4,4,0,0,0,0,0,0,0,0,0,-9.6,13.3,102.24,254.0,0,0,0,1,0,1,-2,-1,1.0,0.2,15.0,4.16
22500210,2025-11-11,OKC,GSW,126.0,102.0,228.0,True,101.94,110.8,102.4,8.5,,0.525,102.5,107.5,107.5,0.0,,0.526,-0.5600000000000023,3.299999999999997,-5.099999999999994,8.5,,-0.001,0,0,0,1,2.0,2.0,0,0,0,1,0,1,121.66666666666669,111.33333333333331,107.33333333333331,111.0,10.666666666666671,4.0,125.6,112.2,107.0,110.8,14.799999999999995,5.200000000000003,122.1,115.6,107.3,114.1,8.0,8.299999999999997,3,-1,17.2,-2.4,0,0,1,1,2,2,4,4,0,0,0,0,0,0,0,0,0,16.6,-1.5,102.22,,0,0,0,1,0,1,-2,-2,1.0,0.0,14.8,0.0
22500211,2025-11-11,UTA,IND,152.0,128.0,280.0,True,104.68,107.6,110.7,-3.0,,0.503,104.24,108.4,115.2,-6.7,,0.501,0.4400000000000119,-0.8000000000000114,-4.5,3.7,,0.002,1,2,1,2,1.0,2.0,1,0,0,1,0,3,104.33333333333331,95.33333333333331,123.66666666666669,114.33333333333331,-10.0,-28.333333333333343,104.2,103.0,120.0,113.8,-9.599999999999994,-17.0,112.2,107.6,120.1,118.7,-6.5,-12.5,1,-5,-6.4,-16.6,0,1,1,1,2,3,4,4,0,0,0,0,0,0,0,0,1,-7.6,-12.9,104.46,,0,0,0,1,0,1,-4,-5,1.0,2.0,14.4,40.4
22500208,2025-11-11,NYK,MEM,133.0,120.0,253.0,True,101.59,112.5,111.9,0.6,,0.516,104.2,108.8,111.5,-2.7,,0.509,-2.609999999999999,3.700000000000003,0.4000000000000057,3.3000000000000003,,0.007,1,0,1,0,2.0,2.0,0,0,0,1,0,1,130.0,109.0,104.66666666666669,114.0,16.0,4.333333333333329,128.6,107.4,113.0,114.6,14.0,-5.599999999999994,120.55555555555556,112.3,111.88888888888889,118.3,2.25555555555556,0.4111111111111114,5,-2,20.2,-7.2,0,0,0,1,2,2,3,4,0,0,0,0,0,0,0,0,1,9.1,-4.1,102.895,,0,0,0,1,0,1,1,-2,0.0,1.0,0.0,12.3
22500207,2025-11-11,BKN,TOR,109.0,119.0,228.0,True,102.16,108.1,117.5,-9.5,,0.502,105.41,112.2,106.5,5.8,,0.548,-3.25,-4.1000000000000085,11.0,-15.3,,-0.046,0,1,1,2,2.0,3.0,0,0,0,1,0,3,105.66666666666669,119.0,120.66666666666669,109.0,-3.3333333333333286,-1.6666666666666714,106.2,117.2,123.2,106.4,-0.2000000000000028,-6.0,110.0,119.3,125.5,117.1,-7.099999999999994,-6.200000000000003,-3,1,-14.2,10.6,0,0,1,0,2,2,4,3,0,0,0,0,0,0,0,0,0,-14.6,1.2,103.785,,0,0,0,1,0,1,-2,1,1.0,0.0,21.4,0.0
22500209,2025-11-11,PHI,BOS,102.0,100.0,202.0,True,101.72,110.4,110.3,0.1,,0.514,100.03,113.1,106.4,6.8,,0.515,1.6899999999999975,-2.6999999999999886,3.899999999999991,-6.7,,-0.001,2,1,2,2,2.0,2.0,0,0,0,1,0,3,119.66666666666669,119.0,121.0,112.33333333333331,7.333333333333343,-2.0,119.8,112.2,116.2,114.0,5.799999999999997,-4.0,122.4,112.5,118.5,109.7,12.700000000000005,-6.0,1,-1,-0.8,3.2,1,0,1,1,3,2,4,4,0,0,0,0,0,0,0,0,0,4.0,3.6,100.875,225.0,0,0,0,1,0,1,-4,-3,1.0,0.0,19.7,0.0
22500213,2025-11-12,CHA,MIL,111.0,100.0,211.0,True,103.62,115.6,109.0,6.6,,0.557,103.36,112.1,114.3,-2.3,,0.557,0.2600000000000051,3.5,-5.299999999999997,8.899999999999999,,0.0,1,1,1,1,2.0,2.0,0,0,0,1,0,2,110.33333333333331,119.0,121.0,115.33333333333331,-5.0,-2.0,112.4,114.8,117.6,117.8,-5.3999999999999915,-2.799999999999997,118.2,118.3,121.0,117.9,0.2999999999999971,-2.700000000000003,1,-1,0.4,-5.6,0,1,0,1,2,3,3,4,0,0,0,0,0,0,0,0,0,-3.6,-1.3,103.49,,0,0,0,1,0,1,1,-4,2.0,1.0,37.9,31.2
22500214,2025-11-12,DET,CHI,124.0,113.0,237.0,True,102.25,111.9,107.1,4.8,,0.518,105.81,112.4,112.3,0.2,,0.552,-3.5600000000000023,-0.5,-5.200000000000003,4.6,,-0.034,1,0,1,2,2.0,2.0,0,0,0,1,0,1,124.33333333333331,116.33333333333331,116.66666666666669,125.0,-0.6666666666666714,-0.3333333333333428,120.2,115.6,111.8,122.8,-2.5999999999999943,3.799999999999997,118.7,119.2,112.5,118.4,0.2999999999999971,6.700000000000003,8,-4,9.0,-7.0,1,0,1,1,3,2,4,4,0,0,0,0,0,0,0,0,0,6.9,-0.7,104.03,226.0,0,0,0,1,0,1,-4,-2,2.5,2.0,38.675,44.4
22500215,2025-11-12,NYK,ORL,107.0,124.0,231.0,True,101.59,112.5,111.9,0.6,,0.516,103.6,105.4,110.7,-5.3,,0.505,-2.009999999999991,7.099999999999994,1.2000000000000028,5.8999999999999995,,0.011,2,0,2,0,1.0,2.0,1,0,0,1,0,1,134.66666666666666,115.0,110.66666666666669,111.0,23.666666666666657,4.333333333333329,130.2,116.4,110.0,110.8,19.39999999999999,6.400000000000006,121.8,115.0,112.7,115.3,6.5,2.299999999999997,-1,2,14.4,2.8,1,1,0,1,3,3,3,4,0,0,0,0,0,0,0,0,0,6.6,1.8,102.595,,0,0,0,1,0,1,-3,-4,0.0,0.0,0.0,0.0
22500216,2025-11-12,BOS,MEM,131.0,95.0,226.0,True,100.03,113.1,106.4,6.8,,0.515,104.2,108.8,111.5,-2.7,,0.509,-4.170000000000002,4.299999999999997,-5.099999999999994,9.5,,0.006,0,1,0,1,1.0,1.0,0,1,0,1,0,2,107.0,112.66666666666669,110.66666666666669,117.0,-10.0,2.0,112.0,110.6,108.8,117.8,-5.799999999999997,1.7999999999999972,113.0,112.9,109.4,117.0,-4.0,3.5,1,-3,10.8,-12.8,1,1,1,1,3,3,4,4,0,0,0,0,0,0,0,0,1,7.8,-10.2,102.115,,0,0,0,1,0,1,-5,-6,0.0,0.75,0.0,10.625
22500217,2025-11-12,MIA,CLE,116.0,130.0,246.0,True,106.33,108.3,108.0,0.3,,0.545,102.45,111.4,109.5,1.9,,0.517,3.879999999999995,-3.1000000000000085,-1.5,-1.6,,0.028,1,1,3,2,2.0,2.0,0,0,0,1,0,2,134.0,138.0,125.66666666666669,125.33333333333331,8.666666666666671,12.333333333333329,126.8,132.6,123.6,121.2,5.599999999999994,9.0,126.0,123.4,119.3,117.5,8.5,4.1000000000000085,-1,1,0.2,12.6,0,0,1,1,2,2,4,4,0,0,0,0,0,0,0,0,0,2.1,6.6,104.39,278.0,0,0,0,1,0,1,-2,-2,1.0,2.0,19.5,49.7
22500218,2025-11-12,HOU,WAS,135.0,112.0,247.0,True,102.57,114.5,110.3,4.2,,0.528,104.8,101.7,114.3,-12.6,,0.512,-2.230000000000004,12.799999999999995,-4.0,16.8,,0.016,0,1,0,1,3.0,2.0,0,0,0,1,0,2,118.66666666666669,118.0,115.0,132.0,-13.333333333333329,3.0,118.8,112.6,109.6,130.2,-11.399999999999991,3.0,122.77777777777776,112.9,113.11111111111111,128.8,-6.02222222222224,-0.2111111111111085,2,-10,8.4,-18.8,0,0,0,1,2,2,3,4,0,0,0,0,0,0,0,0,1,11.0,-19.2,103.685,,0,0,0,1,0,1,2,-2,0.0,0.0,0.0,0.0
22500219,2025-11-12,NOP,POR,117.0,125.0,242.0,True,103.58,102.8,114.8,-12.0,,0.48,106.44,111.2,107.2,4.0,,0.519,-2.859999999999999,-8.400000000000006,7.599999999999994,-16.0,,-0.039,0,1,0,2,2.0,2.0,0,0,0,1,0,3,106.0,121.33333333333331,115.33333333333331,123.33333333333331,-17.33333333333333,6.0,108.0,117.6,119.0,120.0,-12.0,-1.4000000000000057,108.0,120.6,121.3,119.3,-11.299999999999995,-0.7000000000000028,-3,1,-6.4,-1.2,0,0,0,0,2,2,3,3,0,0,0,0,0,0,0,0,0,-13.5,2.5,105.01,,0,0,0,1,0,1,1,0,2.0,0.0,38.7,0.0
22500220,2025-11-12,SAS,GSW,120.0,125.0,245.0,True,100.52,109.9,104.3,5.6,,0.539,102.5,107.5,107.5,0.0,,0.526,-1.980000000000004,2.4000000000000057,-3.200000000000003,5.6,,0.013,0,1,2,2,2.0,1.0,0,1,0,1,0,2,122.66666666666669,106.66666666666669,115.33333333333331,112.66666666666669,10.0,-8.666666666666657,120.4,110.8,118.8,113.2,7.200000000000003,-8.0,119.3,112.1,111.3,113.6,5.700000000000003,0.7999999999999972,-1,1,3.0,-3.6,0,1,1,1,2,3,4,4,0,0,0,0,0,0,0,0,0,4.2,1.0,101.51,,0,0,0,1,0,1,-2,-6,1.0,0.25,14.0,3.45
22500221,2025-11-12,DAL,PHX,114.0,123.0,237.0,True,102.0,100.9,105.9,-5.0,,0.487,103.38,109.5,110.7,-1.1,,0.539,-1.3799999999999957,-8.599999999999994,-4.799999999999997,-3.9,,-0.052,1,0,1,1,2.0,2.0,0,0,0,1,0,1,109.66666666666669,116.66666666666669,113.0,101.0,8.666666666666671,3.6666666666666714,106.0,117.4,110.0,107.8,-1.7999999999999972,7.400000000000006,108.7,116.5,112.4,114.9,-6.200000000000003,4.099999999999994,-2,4,-4.2,9.0,0,0,1,1,2,2,4,4,0,0,0,0,0,0,0,0,0,-3.6,5.2,102.69,,0,0,0,1,0,1,-2,-2,0.25,1.0,5.2,15.5
22500222,2025-11-12,OKC,LAL,121.0,92.0,213.0,True,101.94,110.8,102.4,8.5,,0.525,100.88,110.6,110.1,0.5,,0.54,1.0600000000000025,0.2000000000000028,-7.699999999999989,8.0,,-0.015,1,1,1,2,1.0,2.0,1,0,0,1,0,3,124.0,113.66666666666669,101.0,116.33333333333331,7.666666666666671,12.666666666666671,123.4,118.8,106.2,116.8,6.6000000000000085,12.599999999999994,120.6,119.0,104.0,116.3,4.299999999999997,15.0,4,-1,19.2,-5.8,1,0,1,0,3,2,4,3,0,0,0,0,0,0,0,0,0,17.8,-2.0,101.41,,0,0,0,1,0,1,-6,0,1.0,1.0,14.8,14.0
22500223,2025-11-12,SAC,ATL,100.0,133.0,233.0,True,102.31,112.3,110.4,1.9,,0.549,103.41,112.4,112.0,0.5,,0.542,-1.0999999999999943,-0.1000000000000085,-1.5999999999999943,1.4,,0.007,2,1,3,1,1.0,2.0,1,0,0,1,0,2,108.66666666666669,108.0,132.66666666666666,104.33333333333331,4.333333333333343,-24.666666666666657,114.2,112.0,128.8,108.4,5.799999999999997,-16.80000000000001,114.5,113.9,124.1,111.4,3.0999999999999943,-10.199999999999989,-4,3,-20.0,11.8,1,0,1,1,3,2,4,4,0,0,0,0,0,0,0,0,1,-13.0,5.4,102.86,,0,0,0,1,0,1,-6,-2,2.25,1.25,40.7,22.625
22500224,2025-11-12,LAC,DEN,116.0,130.0,246.0,True,100.81,106.9,109.9,-3.0,,0.533,102.17,115.4,107.6,7.7,,0.546,-1.3599999999999994,-8.5,2.3000000000000114,-10.7,,-0.013,1,1,2,1,2.0,1.0,0,1,0,1,0,2,102.33333333333331,122.66666666666669,111.33333333333331,104.0,-1.6666666666666714,11.333333333333345,106.6,124.0,116.0,109.6,-3.0,8.0,108.9,124.0,114.0,110.7,-1.7999999999999972,10.0,-6,6,-12.0,16.0,0,0,1,1,2,2,4,4,0,0,0,0,0,0,0,0,0,-4.4,15.3,101.49,,0,0,0,1,0,1,-2,-4,1.0,0.2,23.7,4.16
22500226,2025-11-13,PHX,IND,133.0,98.0,231.0,True,103.38,109.5,110.7,-1.1,,0.539,104.24,108.4,115.2,-6.7,,0.501,-0.8599999999999994,1.0999999999999943,-4.5,5.6,,0.038,1,1,1,3,1.0,2.0,0,0,0,1,0,4,119.33333333333331,103.66666666666669,105.0,127.66666666666669,-8.333333333333343,-1.3333333333333286,116.0,105.8,107.0,122.4,-6.400000000000006,-1.2000000000000028,118.6,106.9,113.4,119.8,-1.2000000000000028,-6.5,5,-6,18.2,-23.2,1,0,1,1,3,2,4,4,0,0,0,0,0,0,0,0,1,10.9,-13.9,103.81,,0,0,0,1,0,1,-5,-3,2.0,2.0,27.8,40.4
22500227,2025-11-13,UTA,ATL,122.0,132.0,254.0,True,104.68,107.6,110.7,-3.0,,0.503,103.41,112.4,112.0,0.5,,0.542,1.2700000000000102,-4.800000000000011,-1.2999999999999972,-3.5,,-0.039,2,2,2,2,2.0,1.0,0,1,0,1,0,3,120.66666666666669,120.0,128.33333333333334,101.33333333333331,19.333333333333343,-8.333333333333343,114.0,116.8,120.4,105.0,9.0,-3.6000000000000085,114.5,116.1,122.1,110.7,3.799999999999997,-6.0,-1,4,-8.8,10.8,1,1,1,1,3,3,4,5,0,0,0,0,0,0,0,0,1,-8.5,8.1,104.045,,0,0,0,1,0,1,-4,-7,1.0,2.0,14.4,36.2
22500225,2025-11-13,CLE,TOR,113.0,126.0,239.0,True,102.45,111.4,109.5,1.9,,0.517,105.41,112.2,106.5,5.8,,0.548,-2.9599999999999937,-0.7999999999999972,3.0,-3.9,,-0.031,0,1,1,2,1.0,2.0,0,0,0,1,0,4,132.0,116.0,126.0,112.0,20.0,-10.0,135.2,118.6,122.6,108.0,27.19999999999999,-4.0,123.3,117.4,116.7,116.2,7.099999999999994,0.7000000000000028,-1,2,7.8,10.6,1,0,1,1,3,2,5,4,0,0,0,0,0,0,0,0,0,4.8,3.1,103.93,213.0,0,0,0,1,0,1,-5,-3,0.0,0.0,0.0,0.0
22500047,2025-11-14,SAS,GSW,108.0,109.0,217.0,True,100.52,109.9,104.3,5.6,,0.539,102.5,107.5,107.5,0.0,,0.526,-1.980000000000004,2.4000000000000057,-3.200000000000003,5.6,,0.013,1,2,1,2,2.0,2.0,0,0,0,1,0,3,122.33333333333331,113.66666666666669,120.33333333333331,109.66666666666669,12.666666666666655,-6.666666666666657,120.8,112.2,117.8,115.8,5.0,-5.599999999999994,118.8,112.7,114.6,111.7,7.099999999999994,-1.8999999999999917,-2,2,3.2,-2.4,0,1,1,1,2,3,4,4,0,0,0,0,0,0,0,0,0,3.7,-0.2,101.51,245.0,0,0,0,1,0,1,-2,-5,1.0,1.0,14.0,13.8
22500039,2025-11-14,NYK,MIA,140.0,132.0,272.0,True,101.59,112.5,111.9,0.6,,0.516,106.33,108.3,108.0,0.3,,0.545,-4.739999999999995,4.200000000000003,3.9000000000000057,0.3,,-0.029,2,0,3,0,2.0,2.0,0,0,0,1,0,1,124.66666666666669,130.66666666666666,114.0,133.0,-8.333333333333329,16.666666666666657,126.0,126.0,111.6,125.8,0.2000000000000028,14.400000000000006,120.6,123.0,114.0,120.9,-0.3000000000000113,9.0,1,-2,12.6,0.6,1,0,1,1,3,2,4,4,0,0,0,0,0,0,0,0,0,6.4,0.5,103.96,222.0,0,0,0,1,0,1,-4,-2,1.0,1.0,28.4,19.5
22500040,2025-11-14,ORL,BKN,105.0,98.0,203.0,True,103.6,105.4,110.7,-5.3,,0.505,102.16,108.1,117.5,-9.5,,0.502,1.4399999999999975,-2.6999999999999886,-6.799999999999997,4.2,,0.003,0,0,2,1,2.0,3.0,0,0,0,1,0,1,115.33333333333331,104.66666666666669,110.0,126.0,-10.666666666666671,-5.333333333333329,116.2,107.0,113.4,121.2,-5.0,-6.400000000000006,116.7,109.2,114.9,123.8,-7.099999999999994,-5.700000000000003,3,-4,7.2,-12.4,0,0,1,0,2,2,4,3,0,0,0,0,0,0,0,0,0,3.7,-14.6,102.88,,0,0,0,1,0,1,-2,2,1.0,1.0,21.7,21.4
22500041,2025-11-14,DET,PHI,114.0,105.0,219.0,True,102.25,111.9,107.1,4.8,,0.518,101.72,110.4,110.3,0.1,,0.514,0.5300000000000011,1.5,-3.200000000000003,4.7,,0.004,1,0,2,0,2.0,3.0,0,0,0,1,0,1,124.0,113.33333333333331,118.66666666666669,110.33333333333331,13.666666666666671,-5.333333333333343,122.2,114.4,113.2,115.2,7.0,1.2000000000000028,119.6,120.9,112.7,116.9,2.6999999999999886,8.200000000000003,9,-1,8.6,-2.2,0,0,1,1,2,2,4,4,0,0,0,0,0,0,0,0,0,7.2,2.7,101.985,219.0,0,0,0,1,0,1,-2,-1,2.5,1.25,38.675,23.599999999999998
22500042,2025-11-14,HOU,POR,140.0,116.0,256.0,True,102.57,114.5,110.3,4.2,,0.528,106.44,111.2,107.2,4.0,,0.519,-3.870000000000005,3.299999999999997,3.0999999999999943,0.2000000000000001,,0.009,1,1,1,2,2.0,2.0,0,0,0,1,0,4,122.33333333333331,122.66666666666669,116.0,122.66666666666669,-0.3333333333333428,6.666666666666671,120.2,120.8,111.8,122.0,-1.7999999999999972,9.0,124.0,121.7,113.0,119.2,4.799999999999997,8.700000000000003,3,-1,11.6,-4.4,0,0,0,1,2,2,3,4,0,0,0,0,0,0,0,0,0,13.5,-1.9,104.505,,0,0,0,1,0,1,1,-3,0.0,0.0,0.0,0.0
22500043,2025-11-14,MIL,CHA,147.0,134.0,281.0,True,103.36,112.1,114.3,-2.3,,0.557,103.62,115.6,109.0,6.6,,0.557,-0.2600000000000051,-3.5,5.299999999999997,-8.899999999999999,,0.0,0,0,1,0,2.0,2.0,0,0,0,1,0,1,110.33333333333331,110.0,115.66666666666669,115.66666666666669,-5.333333333333343,-5.666666666666671,111.4,113.6,117.0,113.2,-1.7999999999999972,-3.4000000000000057,116.1,115.7,117.4,119.3,-3.200000000000003,-1.7000000000000028,1,-1,2.6,-6.8,0,0,1,0,2,2,4,3,0,0,0,0,0,0,0,0,0,0.5,-4.5,103.49,211.0,0,0,0,1,0,1,-2,1,0.1,1.1,3.12,18.82
22500044,2025-11-14,MIN,SAC,124.0,110.0,234.0,True,102.16,112.9,111.2,1.7,,0.553,102.31,112.3,110.4,1.9,,0.549,-0.1500000000000056,0.6000000000000085,0.7999999999999972,-0.1999999999999999,,0.004,0,0,0,0,4.0,2.0,0,0,0,1,0,1,133.66666666666666,108.33333333333331,109.0,133.0,0.6666666666666572,-0.6666666666666714,128.0,109.4,114.6,129.4,-1.4000000000000057,-5.199999999999989,121.5,114.0,115.9,127.0,-5.5,-1.9000000000000057,4,-5,13.0,-23.8,0,1,0,1,1,3,3,4,0,0,0,0,0,0,0,0,0,8.8,-13.7,102.235,261.0,0,0,0,1,0,1,2,-4,0.0,1.25,0.0,19.3
22500045,2025-11-14,NOP,LAL,104.0,118.0,222.0,True,103.58,102.8,114.8,-12.0,,0.48,100.88,110.6,110.1,0.5,,0.54,2.700000000000003,-7.799999999999997,4.700000000000003,-12.5,,-0.06,1,1,1,2,2.0,2.0,0,0,0,1,0,4,111.33333333333331,105.0,124.0,118.0,-6.666666666666671,-19.0,110.2,111.2,116.6,117.0,-6.799999999999997,-5.3999999999999915,107.5,115.4,121.0,117.4,-9.900000000000006,-5.599999999999994,-4,1,-10.0,-4.6,0,0,1,1,2,2,4,4,0,0,0,0,0,0,0,0,0,-14.5,-1.3,102.23,,0,0,0,1,0,1,-2,-3,2.0,1.0,38.7,14.0
22500046,2025-11-14,DAL,LAC,127.0,133.0,260.0,True,102.0,100.9,105.9,-5.0,,0.487,100.81,106.9,109.9,-3.0,,0.533,1.1899999999999975,-6.0,-4.0,-2.0,,-0.046,1,0,2,0,2.0,2.0,0,0,0,1,0,1,113.0,107.0,114.66666666666669,116.33333333333331,-3.3333333333333286,-7.666666666666671,108.4,106.0,112.6,118.0,-9.599999999999994,-6.599999999999994,109.4,109.7,113.0,114.1,-4.699999999999989,-3.299999999999997,-3,1,-5.0,-7.0,0,0,1,1,2,2,4,4,0,0,0,0,0,0,0,0,0,-5.2,-6.5,101.405,,0,0,0,1,0,1,-2,-2,0.5,1.0,8.95,23.7
22500228,2025-11-15,CLE,MEM,108.0,100.0,208.0,True,102.45,111.4,109.5,1.9,,0.517,104.2,108.8,111.5,-2.7,,0.509,-1.75,2.6000000000000085,-2.0,4.6,,0.008,1,1,1,2,2.0,3.0,0,0,0,1,0,3,127.0,105.0,127.33333333333331,126.0,1.0,-22.33333333333333,131.4,108.4,123.6,121.2,10.200000000000005,-15.199999999999989,122.8,109.6,118.0,119.8,3.0,-8.400000000000006,1,-4,2.6,-11.4,1,0,1,1,3,2,4,4,0,0,0,0,0,0,0,0,1,3.5,-9.7,103.325,,0,0,0,1,0,1,-4,-2,0.0,0.0,0.0,0.0
22500229,2025-11-15,CHA,OKC,96.0,109.0,205.0,True,103.62,115.6,109.0,6.6,,0.557,101.94,110.8,102.4,8.5,,0.525,1.6800000000000068,4.799999999999997,6.599999999999994,-1.9000000000000004,,0.032,1,0,2,0,1.0,3.0,0,0,0,1,0,1,118.66666666666669,120.33333333333331,122.66666666666669,98.0,20.66666666666667,-2.333333333333343,115.2,122.4,122.0,103.2,12.0,0.4000000000000057,117.0,121.0,121.5,103.2,13.799999999999995,-0.5,-2,5,-8.6,22.2,1,0,1,1,3,2,4,4,0,0,0,0,0,0,0,0,1,-8.4,18.4,102.78,,0,0,0,1,0,1,-5,-1,2.0,1.0,37.9,14.8
22500230,2025-11-15,IND,TOR,111.0,129.0,240.0,True,104.24,108.4,115.2,-6.7,,0.501,105.41,112.2,106.5,5.8,,0.548,-1.1700000000000017,-3.799999999999997,8.700000000000003,-12.5,,-0.047,0,1,0,2,2.0,2.0,0,0,0,1,0,5,103.0,121.66666666666669,133.0,117.33333333333331,-14.333333333333329,-11.333333333333329,102.4,120.4,125.6,109.8,-7.399999999999992,-5.199999999999989,106.4,118.4,120.3,115.3,-8.899999999999991,-1.8999999999999917,-7,3,-25.0,8.6,0,0,1,0,2,2,4,3,0,0,0,0,0,0,0,0,0,-15.3,5.9,104.825,,0,0,0,1,0,1,-2,-1,3.0,0.0,55.9,0.0
22500231,2025-11-15,MIL,LAL,95.0,119.0,214.0,True,103.36,112.1,114.3,-2.3,,0.557,100.88,110.6,110.1,0.5,,0.54,2.480000000000004,1.5,4.200000000000003,-2.8,,0.017,1,2,1,3,1.0,1.0,1,1,0,1,0,5,121.0,110.33333333333331,119.66666666666669,112.0,9.0,-9.333333333333345,120.8,110.2,118.2,114.8,6.0,-8.0,119.5,114.5,119.0,115.8,3.700000000000003,-4.5,-1,2,-5.4,-0.2,1,1,1,1,3,3,5,4,0,0,0,0,0,0,0,0,1,-2.9,2.5,102.12,,0,0,0,1,0,1,-6,-8,0.1,2.0,3.12,29.0
22500232,2025-11-15,MIN,DEN,112.0,123.0,235.0,True,102.16,112.9,111.2,1.7,,0.553,102.17,115.4,107.6,7.7,,0.546,-0.0100000000000051,-2.5,3.6000000000000085,-6.0,,0.007,1,1,1,2,1.0,3.0,1,0,0,1,0,3,129.33333333333334,123.0,113.33333333333331,108.0,21.333333333333343,9.666666666666671,127.8,124.0,114.8,108.0,19.799999999999997,9.200000000000005,122.9,123.9,114.1,108.6,14.300000000000011,9.800000000000011,-1,7,15.4,16.2,0,0,1,0,2,2,4,3,0,0,0,0,0,0,0,0,0,7.3,14.2,102.165,241.0,0,0,0,1,0,1,-4,1,0.0,1.25,0.0,19.0
22500238,2025-11-16,DAL,POR,138.0,133.0,271.0,True,102.0,100.9,105.9,-5.0,,0.487,106.44,111.2,107.2,4.0,,0.519,-4.439999999999998,-10.299999999999995,-1.2999999999999972,-9.0,,-0.032,1,1,2,2,2.0,2.0,0,0,0,1,0,5,118.33333333333331,117.66666666666669,124.0,124.0,-5.666666666666671,-6.333333333333329,114.0,121.0,119.0,125.4,-11.400000000000006,2.0,108.2,119.4,113.4,121.3,-13.099999999999994,6.0,1,-2,-1.2,-5.8,0,0,1,1,2,2,4,4,0,0,0,0,0,0,0,0,0,-4.0,-1.7,104.22,,0,0,0,1,0,1,-2,-4,0.6,0.0,11.9,0.0
22500240,2025-11-16,UTA,CHI,150.0,147.0,297.0,True,104.68,107.6,110.7,-3.0,,0.503,105.81,112.4,112.3,0.2,,0.552,-1.1299999999999957,-4.800000000000011,-1.5999999999999943,-3.2,,-0.049,1,0,2,1,3.0,4.0,0,0,0,1,0,2,129.0,117.33333333333331,126.66666666666669,124.33333333333331,4.666666666666671,-9.333333333333345,117.4,115.0,126.2,122.0,-4.599999999999994,-11.200000000000005,116.3,119.0,124.8,119.7,-3.4000000000000057,-5.799999999999997,1,-5,-6.0,-8.0,0,0,1,0,2,1,4,3,0,0,0,0,0,0,0,0,1,-8.6,-2.2,105.245,,0,0,0,1,0,1,-1,2,1.0,0.35,14.4,8.04
22500239,2025-11-16,PHX,ATL,122.0,124.0,246.0,True,103.38,109.5,110.7,-1.1,,0.539,103.41,112.4,112.0,0.5,,0.542,-0.0300000000000011,-2.9000000000000057,-1.2999999999999972,-1.6,,-0.003,1,1,1,2,3.0,3.0,0,0,0,1,0,4,125.66666666666669,123.33333333333331,103.33333333333331,108.0,17.66666666666667,20.0,121.2,117.8,103.0,107.0,14.200000000000005,14.799999999999995,120.8,119.3,109.9,111.2,9.599999999999994,9.399999999999991,-1,5,15.2,13.6,0,0,1,1,2,2,4,4,0,0,0,0,0,0,0,0,1,11.1,8.8,103.395,,0,0,0,1,0,1,-1,-2,2.0,1.0,34.0,17.8
22500237,2025-11-16,NOP,GSW,106.0,124.0,230.0,True,103.58,102.8,114.8,-12.0,,0.48,102.5,107.5,107.5,0.0,,0.526,1.0799999999999983,-4.700000000000003,7.299999999999997,-12.0,,-0.046,1,1,2,3,2.0,2.0,0,0,0,1,0,4,106.33333333333331,112.0,121.33333333333331,118.0,-11.666666666666671,-9.333333333333329,107.8,110.8,117.8,113.2,-5.400000000000006,-7.0,106.3,110.5,120.8,110.7,-4.400000000000006,-10.299999999999995,-5,3,-14.0,6.2,0,0,1,1,2,2,4,4,0,0,0,0,0,0,0,0,0,-13.1,-0.3,103.04,,0,0,0,1,0,1,-2,-3,1.25,1.0,22.65,13.8
22500235,2025-11-16,WAS,BKN,106.0,129.0,235.0,True,104.8,101.7,114.3,-12.6,,0.512,102.16,108.1,117.5,-9.5,,0.502,2.640000000000001,-6.3999999999999915,-3.200000000000003,-3.0999999999999996,,0.01,0,1,0,1,4.0,2.0,0,0,0,1,0,2,117.33333333333331,101.66666666666669,127.66666666666669,119.33333333333331,-2.0,-26.0,114.6,104.8,133.4,117.2,-2.6000000000000085,-28.60000000000001,112.4,106.6,131.6,121.2,-8.799999999999997,-25.0,-11,1,-17.6,-9.6,0,0,0,0,1,2,3,3,0,0,0,0,0,0,0,0,0,-18.9,-11.2,103.48,,0,0,0,1,0,1,2,1,0.0,1.0,0.0,21.4
22500234,2025-11-16,SAS,SAC,123.0,110.0,233.0,True,100.52,109.9,104.3,5.6,,0.539,102.31,112.3,110.4,1.9,,0.549,-1.7900000000000065,-2.3999999999999915,-6.1000000000000085,3.7,,-0.01,1,1,2,1,2.0,2.0,0,0,0,1,0,2,116.33333333333331,106.0,117.0,126.33333333333331,-10.0,-11.0,119.2,107.2,116.0,131.0,-11.799999999999995,-8.799999999999997,117.6,113.0,113.9,126.7,-9.100000000000009,-0.9000000000000057,1,-6,3.6,-20.2,0,0,1,1,2,2,4,4,0,0,0,0,0,0,0,0,0,3.9,-14.4,101.415,,0,0,0,1,0,1,-2,-2,1.25,1.25,20.55,19.3
22500233,2025-11-16,BOS,LAC,121.0,118.0,239.0,True,100.03,113.1,106.4,6.8,,0.515,100.81,106.9,109.9,-3.0,,0.533,-0.7800000000000011,6.199999999999989,-3.5,9.8,,-0.018,0,1,1,1,4.0,2.0,0,0,0,1,0,2,114.0,117.0,101.33333333333331,120.66666666666669,-6.666666666666671,15.666666666666671,117.6,111.2,106.8,118.2,-0.6000000000000085,4.400000000000006,114.8,110.1,107.0,116.6,-1.7999999999999972,3.0999999999999943,2,-1,5.6,-5.0,0,0,0,1,1,2,3,4,0,0,0,0,0,0,0,0,1,4.9,-7.5,100.42,,0,0,0,1,0,1,2,-2,0.0,1.0,0.0,23.7
22500236,2025-11-16,HOU,ORL,117.0,113.0,230.0,True,102.57,114.5,110.3,4.2,,0.528,103.6,105.4,110.7,-5.3,,0.505,-1.0300000000000011,9.099999999999994,-0.4000000000000057,9.5,,0.023,1,0,2,1,2.0,2.0,0,0,0,1,0,1,132.33333333333334,114.66666666666669,114.33333333333331,105.66666666666669,26.66666666666667,0.3333333333333428,126.2,114.8,114.6,107.6,18.60000000000001,0.2000000000000028,125.6,117.4,112.1,113.7,11.899999999999991,5.300000000000011,4,-1,9.4,3.8,0,0,0,1,2,2,3,4,0,0,0,0,0,0,0,0,1,14.3,4.5,103.085,,0,0,0,1,0,1,1,-2,0.0,2.0,0.0,36.1
22500241,2025-11-17,CLE,MIL,118.0,106.0,224.0,True,102.45,111.4,109.5,1.9,,0.517,103.36,112.1,114.3,-2.3,,0.557,-0.9099999999999966,-0.6999999999999886,-4.799999999999997,4.199999999999999,,-0.04,1,0,2,1,2.0,2.0,0,0,0,1,0,1,117.0,114.0,114.0,121.33333333333331,-4.333333333333329,0.0,123.4,114.6,120.8,120.0,3.4000000000000057,-6.200000000000003,122.0,116.9,118.5,119.8,2.200000000000003,-1.5999999999999943,2,-2,3.8,-6.4,0,1,1,1,2,3,4,4,0,0,0,0,0,0,0,0,0,6.7,-5.1,102.905,231.0,0,0,0,1,0,1,-2,-4,0.0,0.1,0.0,3.12
22500242,2025-11-17,DET,IND,127.0,112.0,239.0,True,102.25,111.9,107.1,4.8,,0.518,104.24,108.4,115.2,-6.7,,0.501,-1.9899999999999949,3.5,-8.100000000000009,11.5,,0.017,1,0,2,1,3.0,2.0,0,0,0,1,0,1,125.0,112.33333333333331,117.66666666666669,138.0,-13.0,-5.333333333333343,122.2,104.0,113.6,129.0,-6.799999999999997,-9.599999999999994,119.1,106.5,111.9,121.8,-2.700000000000003,-5.400000000000006,10,-8,8.0,-24.6,0,0,0,1,2,2,3,4,0,0,0,0,0,0,0,0,0,10.8,-16.6,103.245,,0,0,0,1,0,1,2,-2,1.6,2.25,26.15,36.1
22500243,2025-11-17,PHI,LAC,110.0,108.0,218.0,True,101.72,110.4,110.3,0.1,,0.514,100.81,106.9,109.9,-3.0,,0.533,0.9099999999999966,3.5,0.3999999999999915,3.1,,-0.019,0,2,0,2,3.0,1.0,0,1,0,1,0,3,105.0,122.33333333333331,108.33333333333331,126.0,-21.0,14.0,113.2,114.4,115.4,119.4,-6.200000000000003,-1.0,118.9,110.5,116.2,118.0,0.9000000000000057,-5.700000000000003,1,-2,0.4,-3.2,0,1,0,1,2,3,3,4,0,0,0,0,0,0,0,0,1,1.7,-5.8,101.265,,0,0,0,1,0,1,2,-7,2.0,2.0,36.5,34.2
22500244,2025-11-17,MIA,NYK,115.0,113.0,228.0,True,106.33,108.3,108.0,0.3,,0.545,101.59,112.5,111.9,0.6,,0.516,4.739999999999995,-4.200000000000003,-3.9000000000000057,-0.3,,0.029,0,0,1,0,3.0,3.0,0,0,0,1,0,1,129.33333333333334,126.66666666666669,136.0,125.33333333333331,4.000000000000014,-9.333333333333329,130.0,130.2,129.4,117.6,12.400000000000006,0.799999999999983,124.7,124.1,124.2,117.7,7.0,-0.1000000000000085,1,-1,-2.6,7.6,0,0,0,1,2,2,3,4,0,0,0,0,0,0,0,0,0,-2.0,7.0,103.96,247.0,0,0,0,1,0,1,2,-1,1.0,2.0,19.5,44.2
22500245,2025-11-17,TOR,CHA,110.0,108.0,218.0,True,105.41,112.2,106.5,5.8,,0.548,103.62,115.6,109.0,6.6,,0.557,1.789999999999992,-3.3999999999999915,-2.5,-0.7999999999999998,,-0.009,0,1,0,1,2.0,2.0,0,0,0,1,0,1,124.66666666666669,113.66666666666669,111.0,118.66666666666669,6.0,2.6666666666666714,120.6,112.0,112.0,120.6,0.0,0.0,118.4,112.7,112.5,121.1,-2.6999999999999886,0.2000000000000028,4,-3,6.6,-5.4,0,1,1,1,2,3,4,4,0,0,0,0,0,0,0,0,0,7.9,-5.9,104.515,,0,0,0,1,0,1,-2,-4,0.0,1.0,0.0,16.7
22500246,2025-11-17,MIN,DAL,120.0,96.0,216.0,True,102.16,112.9,111.2,1.7,,0.553,102.0,100.9,105.9,-5.0,,0.487,0.1599999999999966,12.0,5.299999999999997,6.7,,0.066,2,0,2,0,2.0,1.0,0,0,0,1,0,1,118.66666666666669,126.33333333333331,115.33333333333331,129.66666666666666,-10.999999999999986,11.0,127.4,120.8,112.0,122.0,5.400000000000006,8.799999999999997,122.7,112.6,115.4,116.6,6.1000000000000085,-2.8000000000000114,1,-1,12.2,-7.2,1,1,0,1,3,3,3,4,0,0,0,0,0,0,0,0,0,11.0,-6.6,102.08,,0,0,0,1,0,1,-1,-5,0.0,1.0,0.0,20.8
22500247,2025-11-17,NOP,OKC,109.0,126.0,235.0,True,103.58,102.8,114.8,-12.0,,0.48,101.94,110.8,102.4,8.5,,0.525,1.6400000000000006,-8.0,12.399999999999991,-20.5,,-0.045,2,1,3,1,1.0,2.0,1,0,0,1,0,2,109.0,118.66666666666669,122.33333333333331,96.66666666666669,12.333333333333329,-3.666666666666657,108.8,120.4,122.8,98.2,10.599999999999994,-2.3999999999999915,107.9,121.8,121.0,103.4,4.5,0.7999999999999972,-6,6,-16.0,19.4,1,0,1,1,3,2,4,4,0,0,0,0,0,0,0,0,0,-11.4,19.5,102.76,243.0,0,0,0,1,0,1,-6,-2,1.25,1.0,22.65,14.8
22500248,2025-11-17,DEN,CHI,127.0,130.0,257.0,True,102.17,115.4,107.6,7.7,,0.546,105.81,112.4,112.3,0.2,,0.552,-3.640000000000001,3.0,-4.700000000000003,7.5,,-0.006,0,1,0,2,2.0,1.0,0,1,0,1,0,3,125.0,125.66666666666669,112.0,131.66666666666666,-6.666666666666657,13.666666666666671,124.2,121.8,108.0,129.8,-5.6000000000000085,13.799999999999995,122.9,122.7,108.7,124.9,-2.0,14.0,-1,1,10.6,-4.2,0,0,1,0,2,2,4,3,0,0,0,0,0,0,0,0,1,12.6,-2.4,103.99,,0,0,0,1,0,1,-2,-2,1.1,1.1,14.440000000000001,25.56
22500253,2025-11-18,LAL,UTA,140.0,126.0,266.0,True,100.88,110.6,110.1,0.5,,0.54,104.68,107.6,110.7,-3.0,,0.503,-3.8000000000000114,3.0,-0.6000000000000085,3.5,,0.037,0,0,0,0,3.0,2.0,0,0,0,1,0,1,109.66666666666669,141.33333333333334,106.66666666666669,135.66666666666666,-25.999999999999982,34.66666666666667,110.4,126.8,110.6,132.8,-22.40000000000001,16.200000000000003,115.6,117.5,113.1,126.1,-10.5,4.400000000000006,3,-1,6.6,-0.8,0,0,1,0,2,2,4,3,0,0,0,0,0,0,0,0,0,3.8,-9.8,102.78,,0,0,0,1,0,1,-1,1,0.25,1.0,3.5,14.4
22500252,2025-11-18,SAS,MEM,111.0,101.0,212.0,True,100.52,109.9,104.3,5.6,,0.539,104.2,108.8,111.5,-2.7,,0.509,-3.680000000000007,1.1000000000000083,-7.200000000000003,8.3,,0.03,1,1,2,1,2.0,3.0,0,0,0,1,0,4,117.0,105.0,114.66666666666669,124.0,-7.0,-9.666666666666671,119.6,106.6,116.0,118.0,1.5999999999999943,-9.400000000000006,118.1,107.8,114.2,117.5,0.5999999999999943,-6.400000000000006,2,-5,4.2,-16.2,0,0,1,0,2,2,4,3,0,0,0,0,0,0,0,0,0,3.1,-10.8,102.36,,0,0,0,1,0,1,-2,1,3.0,1.0,57.5,17.9
22500254,2025-11-18,POR,PHX,110.0,127.0,237.0,True,106.44,111.2,107.2,4.0,,0.519,103.38,109.5,110.7,-1.1,,0.539,3.0600000000000023,1.7000000000000028,-3.5,5.1,,-0.02,0,0,0,0,2.0,2.0,0,0,0,1,0,1,124.66666666666669,126.0,131.66666666666666,112.0,12.666666666666671,-5.666666666666657,123.4,122.6,129.2,107.4,16.0,-6.599999999999994,122.0,119.6,123.7,108.5,13.5,-4.1000000000000085,-3,1,-8.2,16.4,0,0,1,1,2,2,4,4,0,0,0,0,0,0,0,0,0,-4.8,12.9,104.91,,0,0,0,1,0,1,-2,-2,0.5,2.0,8.35,34.0
22500250,2025-11-18,BKN,BOS,99.0,113.0,212.0,True,102.16,108.1,117.5,-9.5,,0.502,100.03,113.1,106.4,6.8,,0.515,2.1299999999999955,-5.0,11.099999999999994,-16.3,,-0.013,0,0,0,0,2.0,2.0,0,0,0,1,0,1,112.0,117.33333333333331,110.0,105.0,7.0,7.333333333333329,108.2,114.6,117.8,109.0,-0.7999999999999972,-3.200000000000003,108.8,114.7,120.0,109.8,-1.0,-5.299999999999997,-1,3,-8.8,11.0,0,0,0,0,2,2,3,3,0,0,0,0,0,0,0,0,0,-9.8,4.3,101.095,,0,0,0,1,0,1,1,1,1.0,0.0,21.4,0.0
22500249,2025-11-18,ORL,GSW,121.0,113.0,234.0,True,103.6,105.4,110.7,-5.3,,0.505,102.5,107.5,107.5,0.0,,0.526,1.0999999999999943,-2.0999999999999943,3.200000000000003,-5.3,,-0.021,0,1,1,2,2.0,2.0,0,0,0,1,0,5,114.0,119.33333333333331,107.33333333333331,111.33333333333331,2.6666666666666714,12.0,112.8,114.8,109.0,108.6,4.200000000000003,5.799999999999997,116.3,113.1,111.8,113.4,2.8999999999999915,1.2999999999999972,1,-1,6.2,-1.6,0,0,1,1,2,2,4,4,0,0,0,0,0,0,0,0,1,7.2,-0.1,103.05,,0,0,0,1,0,1,-2,-4,1.25,1.0,25.3,13.8
22500251,2025-11-18,ATL,DET,112.0,120.0,232.0,True,103.41,112.4,112.0,0.5,,0.542,102.25,111.9,107.1,4.8,,0.518,1.1599999999999966,0.5,4.900000000000006,-4.3,,0.024,0,0,0,0,2.0,1.0,0,0,0,1,0,1,129.66666666666666,121.66666666666669,114.66666666666669,110.0,19.666666666666657,7.0,123.2,122.6,109.6,114.6,8.600000000000009,13.0,119.4,122.3,110.6,111.5,7.900000000000006,11.700000000000005,-1,11,8.0,9.0,0,0,1,1,2,2,4,4,0,0,0,0,0,0,0,0,0,7.5,9.7,102.83,,0,0,0,1,0,1,-2,-3,1.5,0.75,26.45,13.525
22500263,2025-11-19,POR,CHI,121.0,122.0,243.0,True,106.44,111.2,107.2,4.0,,0.519,105.81,112.4,112.3,0.2,,0.552,0.6299999999999955,-1.2000000000000028,-5.099999999999994,3.8,,-0.033,1,2,1,2,1.0,2.0,1,0,0,1,0,4,119.66666666666669,130.0,135.0,133.66666666666666,-13.999999999999986,-5.0,119.2,125.8,127.4,130.0,-10.799999999999995,-1.6000000000000083,120.8,122.9,125.6,125.3,-4.5,-2.6999999999999886,-4,2,-7.8,-2.8,1,1,1,0,3,3,4,3,0,0,0,0,0,0,0,0,1,-5.1,-3.6,106.125,,0,0,0,1,0,1,-6,-2,1.75,0.0,32.65,0.0
22500262,2025-11-19,DAL,NYK,111.0,113.0,224.0,True,102.0,100.9,105.9,-5.0,,0.487,101.59,112.5,111.9,0.6,,0.516,0.4099999999999966,-11.599999999999994,-6.0,-5.6,,-0.029,1,1,2,1,2.0,2.0,0,0,0,1,0,2,120.33333333333331,120.0,128.66666666666666,123.66666666666669,-3.333333333333343,-8.666666666666657,117.8,125.4,125.0,117.8,0.0,0.4000000000000057,111.5,124.7,118.1,117.7,-6.200000000000003,6.6000000000000085,-2,1,-7.2,0.8,1,0,1,0,3,2,4,3,0,0,0,0,0,0,0,0,1,-5.6,8.2,101.795,,0,0,0,1,0,1,-4,1,1.25,1.25,24.825000000000003,22.9
22500260,2025-11-19,NOP,DEN,118.0,125.0,243.0,True,103.58,102.8,114.8,-12.0,,0.48,102.17,115.4,107.6,7.7,,0.546,1.4099999999999966,-12.600000000000009,7.200000000000003,-19.7,,-0.066,2,0,3,1,2.0,2.0,0,0,0,1,0,1,106.33333333333331,126.66666666666669,122.66666666666669,119.33333333333331,-13.0,4.0,106.8,123.8,122.8,113.2,-6.400000000000006,1.0,110.0,122.9,121.4,110.3,-0.2999999999999971,1.5,-7,1,-12.8,8.6,1,0,1,0,3,2,4,3,0,0,0,0,0,0,0,0,0,-11.9,9.9,102.875,210.0,0,0,0,1,0,1,-4,1,1.25,1.25,22.65,16.1
22500259,2025-11-19,MIN,WAS,120.0,109.0,229.0,True,102.16,112.9,111.2,1.7,,0.553,104.8,101.7,114.3,-12.6,,0.512,-2.640000000000001,11.200000000000005,-3.0999999999999943,14.3,,0.041,1,0,3,0,2.0,3.0,0,0,0,1,0,1,118.66666666666669,117.66666666666669,109.66666666666669,133.66666666666666,-14.999999999999986,8.0,124.0,114.4,111.8,132.0,-8.0,2.6000000000000085,123.3,111.7,112.3,130.6,-7.299999999999997,-0.5999999999999943,2,-12,9.0,-13.0,0,0,1,0,2,2,4,2,0,0,0,0,0,0,0,0,1,12.2,-19.5,103.48,,0,0,0,1,0,1,-2,2,1.0,1.0,17.2,18.1
22500261,2025-11-19,OKC,SAC,113.0,99.0,212.0,True,101.94,110.8,102.4,8.5,,0.525,102.31,112.3,110.4,1.9,,0.549,-0.3700000000000045,-1.5,-8.0,6.6,,-0.024,0,1,0,2,2.0,3.0,0,0,0,1,0,3,118.66666666666669,106.66666666666669,99.0,126.66666666666669,-8.0,7.666666666666671,119.2,109.0,99.8,129.2,-9.999999999999986,9.200000000000005,123.7,113.9,104.2,128.3,-4.6000000000000085,9.700000000000005,7,-7,19.4,-17.6,0,0,0,0,2,2,3,3,0,0,0,0,0,0,0,0,0,19.0,-14.5,102.125,220.5,0,0,0,1,0,1,1,1,1.0,2.0,14.8,32.2
22500257,2025-11-19,MIA,GSW,110.0,96.0,206.0,True,106.33,108.3,108.0,0.3,,0.545,102.5,107.5,107.5,0.0,,0.526,3.8299999999999983,0.7999999999999972,0.5,0.3,,0.019,1,2,1,3,2.0,1.0,0,1,0,1,0,6,121.0,115.33333333333331,127.66666666666669,111.66666666666669,9.333333333333329,-12.333333333333345,127.8,114.6,130.4,116.2,11.599999999999994,-15.800000000000011,121.8,113.4,123.8,113.5,8.299999999999997,-10.399999999999991,2,-2,-0.8,0.4,0,1,0,1,2,3,3,4,0,0,0,0,0,0,0,0,1,0.0,-1.0,104.415,,0,0,0,1,0,1,1,-8,0.0,3.0,0.0,62.5
22500256,2025-11-19,IND,CHA,127.0,118.0,245.0,True,104.24,108.4,115.2,-6.7,,0.501,103.62,115.6,109.0,6.6,,0.557,0.6199999999999903,-7.199999999999989,6.200000000000003,-13.3,,-0.056,0,1,1,2,2.0,2.0,0,0,0,1,0,2,107.0,112.66666666666669,129.66666666666666,122.0,-15.0,-16.999999999999986,106.4,112.0,131.0,117.4,-11.0,-19.0,107.2,111.8,123.8,117.7,-10.5,-12.0,1,-4,-16.6,-5.2,0,0,1,1,2,2,4,4,0,0,0,0,0,0,0,0,0,-13.7,-5.2,103.93,,0,0,0,1,0,1,-2,-2,2.0,1.0,29.5,16.7
22500255,2025-11-19,CLE,HOU,104.0,114.0,218.0,True,102.45,111.4,109.5,1.9,,0.517,102.57,114.5,110.3,4.2,,0.528,-0.1199999999999903,-3.0999999999999943,-0.7999999999999972,-2.3000000000000003,,-0.011,1,0,2,0,2.0,3.0,0,0,0,1,0,1,113.0,130.66666666666666,110.66666666666669,113.66666666666669,-0.6666666666666714,19.999999999999982,121.4,124.8,117.6,115.4,6.0,7.200000000000003,123.3,126.2,116.6,111.9,11.399999999999991,9.600000000000009,-1,5,2.2,13.6,0,0,1,0,2,2,4,3,0,0,0,0,0,0,0,0,1,6.8,12.5,102.51,,0,0,0,1,0,1,-2,2,0.25,0.25,3.475,3.725
22500258,2025-11-19,PHI,TOR,112.0,121.0,233.0,True,101.72,110.4,110.3,0.1,,0.514,105.41,112.2,106.5,5.8,,0.548,-3.6899999999999977,-1.7999999999999972,3.799999999999997,-5.7,,-0.034,1,0,1,1,2.0,2.0,0,0,0,1,0,1,105.66666666666669,121.66666666666669,107.33333333333331,110.66666666666669,-5.0,14.333333333333345,111.0,120.8,110.6,114.2,-3.200000000000003,10.200000000000005,116.3,119.1,114.6,111.2,5.099999999999994,4.5,-1,5,-3.4,10.4,0,0,0,1,2,2,3,4,0,0,0,0,0,0,0,0,0,0.3,10.6,103.565,250.0,0,0,0,1,0,1,1,-2,2.0,0.0,36.5,0.0
22500264,2025-11-20,ORL,LAC,129.0,101.0,230.0,True,103.6,105.4,110.7,-5.3,,0.505,100.81,106.9,109.9,-3.0,,0.533,2.789999999999992,-1.5,0.7999999999999972,-2.3,,-0.028,1,1,1,2,2.0,3.0,0,0,0,1,0,4,113.0,119.66666666666669,109.33333333333331,119.33333333333331,-6.333333333333329,10.333333333333345,115.6,115.4,109.4,118.6,-3.0,6.0,116.8,113.4,109.6,119.2,-2.4000000000000057,3.8000000000000114,2,-3,11.2,-8.2,0,0,1,1,2,2,4,4,0,0,0,0,0,0,0,0,1,8.4,-8.8,102.205,,0,0,0,1,0,1,-2,-2,1.0,2.0,21.7,34.2
22500265,2025-11-20,MEM,SAC,137.0,96.0,233.0,True,104.2,108.8,111.5,-2.7,,0.509,102.31,112.3,110.4,1.9,,0.549,1.8900000000000008,-3.5,1.0999999999999943,-4.6,,-0.04,0,1,0,2,2.0,1.0,0,1,0,1,0,4,98.66666666666669,106.33333333333331,116.66666666666669,120.0,-21.33333333333333,-10.333333333333345,103.2,105.4,119.4,123.0,-19.799999999999997,-14.0,106.5,112.5,117.3,127.0,-20.5,-4.799999999999997,1,-8,-5.2,-23.0,0,0,0,1,2,2,3,4,0,0,0,0,0,0,0,0,0,-6.2,-18.8,103.255,,0,0,0,1,0,1,1,-5,1.5,1.0,26.849999999999998,17.2
22500266,2025-11-20,MIL,PHI,114.0,123.0,237.0,True,103.36,112.1,114.3,-2.3,,0.557,101.72,110.4,110.3,0.1,,0.514,1.6400000000000006,1.6999999999999886,4.0,-2.4,,0.043,0,0,1,0,3.0,1.0,0,0,0,1,0,1,116.0,109.0,123.66666666666669,114.33333333333331,1.6666666666666714,-14.666666666666671,112.8,107.4,119.2,110.8,2.0,-11.799999999999995,115.5,113.6,120.6,113.3,2.200000000000003,-7.0,-3,1,-8.6,-1.0,0,1,1,1,2,3,4,4,0,0,0,0,0,0,0,0,0,-5.8,1.3,102.54,,0,0,0,1,0,1,-1,-5,1.0,2.1,31.2,39.8
22500267,2025-11-20,SAS,ATL,135.0,126.0,261.0,True,100.52,109.9,104.3,5.6,,0.539,103.41,112.4,112.0,0.5,,0.542,-2.890000000000001,-2.5,-7.700000000000003,5.1,,-0.003,1,0,2,1,2.0,2.0,0,0,0,1,0,1,114.0,122.66666666666669,106.66666666666669,121.33333333333331,-7.333333333333329,16.0,116.6,121.2,112.4,113.2,3.3999999999999915,8.799999999999997,117.1,118.9,114.0,111.4,5.699999999999989,4.900000000000006,3,-2,5.2,5.6,0,0,1,0,2,2,4,3,0,0,0,0,0,0,0,0,1,3.4,4.6,101.965,,0,0,0,1,0,1,-2,1,3.0,1.25,57.5,22.4
22500054,2025-11-21,HOU,DEN,109.0,112.0,221.0,True,102.57,114.5,110.3,4.2,,0.528,102.17,115.4,107.6,7.7,,0.546,0.3999999999999915,-0.9000000000000057,2.700000000000003,-3.5,,-0.018,0,1,1,1,2.0,2.0,0,0,0,1,0,2,123.66666666666669,125.0,111.0,120.0,3.6666666666666714,14.0,125.6,125.4,112.0,116.8,8.799999999999997,13.400000000000006,123.9,123.2,111.4,113.3,10.600000000000009,11.799999999999995,-1,2,11.6,6.4,0,0,0,1,2,2,3,4,0,0,0,0,0,0,0,0,0,10.4,10.4,102.37,,0,0,0,1,0,1,1,-2,0.25,1.1,3.725,13.280000000000001
22500055,2025-11-21,UTA,OKC,112.0,144.0,256.0,True,104.68,107.6,110.7,-3.0,,0.503,101.94,110.8,102.4,8.5,,0.525,2.740000000000009,-3.200000000000003,8.299999999999997,-11.5,,-0.022,0,0,1,1,3.0,2.0,0,0,0,1,0,1,132.66666666666666,116.0,139.66666666666666,101.33333333333331,31.33333333333333,-23.666666666666657,132.6,119.0,133.4,99.6,33.0,-14.400000000000006,116.7,122.3,126.5,103.3,13.400000000000006,-4.200000000000003,-2,8,-5.8,21.0,0,0,0,1,2,2,3,4,0,0,0,0,0,0,0,0,0,-10.8,19.1,103.31,,0,0,0,1,0,1,2,-2,1.0,1.0,14.4,14.8
22500056,2025-11-21,GSW,POR,123.0,127.0,250.0,True,102.5,107.5,107.5,0.0,,0.526,106.44,111.2,107.2,4.0,,0.519,-3.9399999999999977,-3.700000000000003,0.2999999999999971,-4.0,,0.007,0,0,0,1,2.0,2.0,0,0,0,1,0,1,111.0,121.33333333333331,112.33333333333331,129.0,-18.0,9.0,113.4,121.0,113.0,128.8,-15.400000000000006,8.0,112.1,119.3,113.1,124.4,-12.300000000000011,6.200000000000003,-3,1,-1.4,-8.6,1,1,1,1,3,3,4,4,0,0,0,0,0,0,0,0,0,-2.5,-4.9,104.47,258.0,0,0,0,1,0,1,-4,-4,1.1,2.1,15.81,41.16
22500053,2025-11-21,PHX,MIN,114.0,113.0,227.0,True,103.38,109.5,110.7,-1.1,,0.539,102.16,112.9,111.2,1.7,,0.553,1.2199999999999989,-3.4000000000000057,-0.5,-2.8,,-0.014,0,0,1,0,3.0,2.0,0,0,0,1,0,1,127.33333333333331,117.33333333333331,110.66666666666669,109.33333333333331,18.0,6.666666666666657,125.2,119.2,108.8,110.2,15.0,10.400000000000006,121.0,123.8,108.1,111.6,9.400000000000006,15.700000000000005,2,-1,12.0,7.4,0,0,0,1,2,2,3,4,0,0,0,0,0,0,0,0,0,10.8,10.4,102.77,,0,0,0,1,0,1,2,-2,2.0,0.25,34.0,4.3
22500049,2025-11-21,BOS,BKN,105.0,113.0,218.0,True,100.03,113.1,106.4,6.8,,0.515,102.16,108.1,117.5,-9.5,,0.502,-2.1299999999999955,5.0,-11.099999999999994,16.3,,0.013,0,0,1,1,3.0,3.0,0,0,0,1,0,1,121.66666666666669,108.66666666666669,104.0,108.0,13.666666666666671,4.666666666666671,115.2,106.6,104.2,115.4,-0.2000000000000028,2.3999999999999915,113.5,107.8,109.2,117.6,-4.099999999999994,-1.4000000000000057,-1,1,8.6,0.0,0,0,0,0,2,2,3,3,0,0,0,0,0,0,0,0,0,3.4,-8.5,101.095,212.0,0,0,0,1,0,1,2,2,0.0,1.0,0.0,21.4
22500051,2025-11-21,CHI,MIA,107.0,143.0,250.0,True,105.81,112.4,112.3,0.2,,0.552,106.33,108.3,108.0,0.3,,0.545,-0.519999999999996,4.1000000000000085,4.299999999999997,-0.0999999999999999,,0.007,0,0,0,0,2.0,2.0,0,0,0,1,0,1,133.0,119.0,132.66666666666666,116.33333333333331,16.66666666666667,-13.666666666666655,125.8,122.6,128.6,123.4,2.3999999999999915,-6.0,122.5,122.7,126.1,122.7,-0.2000000000000028,-3.3999999999999915,-1,3,-9.2,6.0,0,0,1,0,2,2,4,3,0,0,0,0,0,0,0,0,0,-8.2,4.6,106.07,,0,0,0,1,0,1,-2,1,0.25,1.0,6.0,16.7
22500050,2025-11-21,TOR,WAS,140.0,110.0,250.0,True,105.41,112.2,106.5,5.8,,0.548,104.8,101.7,114.3,-12.6,,0.512,0.6099999999999994,10.5,-7.799999999999997,18.4,,0.036,0,1,1,1,2.0,2.0,0,0,0,1,0,2,120.0,109.0,110.33333333333331,128.0,-8.0,-1.3333333333333286,121.0,113.4,110.6,126.4,-5.400000000000006,2.8000000000000114,119.1,109.2,108.5,128.7,-9.599999999999994,0.7000000000000028,6,-13,14.4,-17.8,0,0,1,0,2,2,4,3,0,0,0,0,0,0,0,0,0,12.5,-20.6,105.105,,0,0,0,1,0,1,-2,1,0.0,1.0,0.0,18.1
22500048,2025-11-21,CLE,IND,120.0,109.0,229.0,True,102.45,111.4,109.5,1.9,,0.517,104.24,108.4,115.2,-6.7,,0.501,-1.789999999999992,3.0,-5.700000000000003,8.6,,0.016,1,0,2,1,2.0,2.0,0,0,0,1,0,1,110.0,116.66666666666669,106.66666666666669,124.66666666666669,-14.666666666666671,10.0,114.6,115.2,112.4,131.8,-17.200000000000017,2.799999999999997,123.6,109.1,116.8,122.8,0.7999999999999972,-7.700000000000003,1,-1,1.6,-14.0,0,0,1,1,2,2,4,4,0,0,0,0,0,0,0,0,0,7.1,-15.3,103.345,,0,0,0,1,0,1,-2,-2,1.25,2.0,17.6,29.5
22500052,2025-11-21,DAL,NOP,118.0,115.0,233.0,True,102.0,100.9,105.9,-5.0,,0.487,103.58,102.8,114.8,-12.0,,0.48,-1.5799999999999983,-1.8999999999999917,-8.899999999999991,7.0,,0.007,1,0,2,0,2.0,2.0,0,0,0,1,0,1,115.0,111.0,122.0,125.0,-10.0,-11.0,117.2,110.8,124.4,123.6,-6.3999999999999915,-13.600000000000009,111.6,109.4,117.2,121.3,-9.700000000000005,-7.799999999999997,1,-8,-4.8,-11.8,0,0,1,1,2,2,4,4,0,0,0,0,0,0,0,0,0,-4.5,-9.1,102.79,200.0,0,0,0,1,0,1,-2,-2,1.25,1.0,23.95,17.3
22500268,2025-11-22,CHA,LAC,116.0,131.0,247.0,True,103.62,115.6,109.0,6.6,,0.557,100.81,106.9,109.9,-3.0,,0.533,2.8100000000000023,8.699999999999989,-0.9000000000000057,9.6,,0.024,0,1,0,2,3.0,2.0,0,0,0,1,0,5,107.33333333333331,109.0,115.33333333333331,120.0,-12.666666666666671,-6.333333333333329,113.4,115.2,118.6,123.4,-10.0,-3.3999999999999915,112.9,110.9,118.1,119.7,-6.799999999999997,-7.199999999999989,-5,1,-10.4,-2.4,0,0,0,1,2,2,3,4,0,0,0,0,0,0,0,0,1,-5.0,-7.2,102.215,,0,0,0,1,0,1,2,-4,0.0,2.0,0.0,34.2
22500269,2025-11-22,ORL,NYK,133.0,121.0,254.0,True,103.6,105.4,110.7,-5.3,,0.505,101.59,112.5,111.9,0.6,,0.516,2.009999999999991,-7.099999999999994,-1.2000000000000028,-5.8999999999999995,,-0.011,1,1,2,2,2.0,3.0,0,0,0,1,0,3,121.0,122.0,110.33333333333331,119.33333333333331,1.6666666666666714,11.666666666666671,118.4,121.2,107.2,120.4,-2.0,14.0,117.4,124.9,109.0,116.7,0.7000000000000028,15.900000000000006,3,-1,10.2,-4.2,0,0,1,0,2,2,4,3,0,0,0,0,0,0,0,0,0,6.5,8.0,102.595,231.0,0,0,0,1,0,1,-2,1,1.0,1.0,21.7,15.8
22500270,2025-11-22,NOP,ATL,98.0,115.0,213.0,True,103.58,102.8,114.8,-12.0,,0.48,103.41,112.4,112.0,0.5,,0.542,0.1700000000000017,-9.600000000000009,2.799999999999997,-12.5,,-0.062,1,1,2,1,1.0,2.0,0,0,0,1,0,2,114.0,120.66666666666669,123.0,125.66666666666669,-11.666666666666671,-2.3333333333333286,110.4,125.4,122.2,119.8,-9.399999999999991,3.200000000000003,110.3,118.7,119.4,114.1,-3.799999999999997,-0.7000000000000028,-9,1,-12.4,2.4,1,0,1,1,3,2,5,4,0,0,0,0,0,0,0,0,1,-11.2,7.1,103.495,,0,0,0,1,0,1,-5,-2,2.0,2.0,38.7,34.0
22500271,2025-11-22,CHI,WAS,121.0,120.0,241.0,True,105.81,112.4,112.3,0.2,,0.552,104.8,101.7,114.3,-12.6,,0.512,1.0100000000000051,10.700000000000005,-2.0,12.8,,0.04,1,2,1,2,1.0,1.0,1,1,0,1,0,3,119.66666666666669,108.33333333333331,130.33333333333334,129.66666666666666,-9.999999999999986,-22.000000000000018,123.8,114.4,133.0,132.2,-8.399999999999991,-18.59999999999999,119.7,109.4,127.9,130.0,-10.299999999999995,-18.5,1,-14,-6.8,-17.6,1,1,1,1,3,3,5,4,0,0,0,0,0,0,0,0,0,-6.9,-17.6,105.305,,0,0,0,1,0,1,-6,-7,0.25,0.25,3.525,2.875
22500272,2025-11-22,MIL,DET,116.0,129.0,245.0,True,103.36,112.1,114.3,-2.3,,0.557,102.25,111.9,107.1,4.8,,0.518,1.1099999999999994,0.1999999999999886,7.200000000000003,-7.1,,0.039,1,0,1,1,2.0,4.0,0,0,0,1,0,2,105.0,120.33333333333331,120.0,109.66666666666669,-4.666666666666671,0.3333333333333286,112.4,124.4,121.0,115.4,-3.0,3.4000000000000057,113.6,120.8,119.4,111.1,2.5,1.3999999999999917,-4,12,-9.0,11.2,0,0,0,0,2,1,3,3,0,0,0,0,0,0,0,0,0,-7.3,9.8,102.805,,0,0,0,1,0,1,1,2,1.0,0.25,31.2,3.525
22500273,2025-11-22,DAL,MEM,96.0,102.0,198.0,True,102.0,100.9,105.9,-5.0,,0.487,104.2,108.8,111.5,-2.7,,0.509,-2.200000000000003,-7.899999999999992,-5.599999999999994,-2.3,,-0.022,2,0,2,1,1.0,2.0,1,0,0,1,0,1,108.33333333333331,112.66666666666669,116.0,105.0,3.3333333333333286,-3.3333333333333286,118.0,110.6,122.8,115.8,2.200000000000003,-12.200000000000005,113.2,109.0,117.7,115.2,-2.0,-8.700000000000003,-1,2,-4.8,-1.4,1,0,1,0,3,2,5,3,0,0,0,0,0,0,0,0,0,-4.9,-4.3,103.1,222.0,0,0,0,1,0,1,-6,1,1.25,1.5,23.95,26.849999999999998
22500274,2025-11-22,DEN,SAC,123.0,128.0,251.0,True,102.17,115.4,107.6,7.7,,0.546,102.31,112.3,110.4,1.9,,0.549,-0.1400000000000005,3.1000000000000085,-2.8000000000000114,5.800000000000001,,-0.003,0,2,1,2,1.0,2.0,0,0,0,1,0,5,121.33333333333331,101.66666666666669,119.0,124.33333333333331,-3.0,-17.33333333333333,123.4,103.0,117.0,126.0,-2.5999999999999943,-14.0,123.7,108.6,113.3,127.4,-3.700000000000003,-4.700000000000003,-1,1,2.6,-15.4,1,1,1,1,3,3,4,4,0,0,0,0,0,0,0,0,0,9.3,-17.7,102.24,242.0,0,0,0,1,0,1,-5,-6,2.0,1.0,30.200000000000003,17.2
22500282,2025-11-23,UTA,LAL,106.0,108.0,214.0,True,104.68,107.6,110.7,-3.0,,0.503,100.88,110.6,110.1,0.5,,0.54,3.8000000000000114,-3.0,0.6000000000000085,-3.5,,-0.037,1,0,1,0,2.0,5.0,0,0,0,1,0,1,129.33333333333334,125.66666666666669,143.66666666666666,108.33333333333331,21.000000000000018,-17.999999999999986,132.4,118.0,138.2,111.4,21.0,-20.19999999999999,118.3,118.0,129.1,114.2,4.099999999999994,-11.099999999999994,-3,4,-11.0,5.0,0,0,0,0,2,1,3,2,0,0,0,0,0,0,0,0,0,-8.7,3.5,102.78,266.0,0,0,0,1,0,1,1,2,1.0,0.0,14.4,0.0
22500281,2025-11-23,PHX,SAS,111.0,102.0,213.0,True,103.38,109.5,110.7,-1.1,,0.539,100.52,109.9,104.3,5.6,,0.539,2.859999999999999,-0.4000000000000057,6.400000000000006,-6.699999999999999,,0.0,1,0,1,0,2.0,3.0,0,0,0,1,0,1,121.0,123.0,115.66666666666669,112.33333333333331,8.666666666666671,7.333333333333329,123.8,119.4,111.8,114.2,9.599999999999994,7.600000000000008,120.6,119.9,109.8,116.5,4.099999999999994,10.100000000000009,3,-1,12.0,4.4,0,0,0,0,2,2,3,3,0,0,0,0,0,0,0,0,0,10.5,3.7,101.95,248.0,0,0,0,1,0,1,1,2,2.0,3.0,34.0,57.5
22500280,2025-11-23,OKC,POR,122.0,95.0,217.0,True,101.94,110.8,102.4,8.5,,0.525,106.44,111.2,107.2,4.0,,0.519,-4.5,-0.4000000000000057,-4.799999999999997,4.5,,0.006,0,1,1,1,2.0,2.0,0,0,0,1,0,2,127.66666666666669,119.33333333333331,106.66666666666669,124.0,3.6666666666666714,12.666666666666655,122.6,121.4,101.6,130.0,-7.400000000000006,19.80000000000001,123.0,121.1,103.9,126.0,-3.0,17.19999999999999,9,-1,20.6,-9.2,0,0,1,1,2,2,4,4,0,0,0,0,0,0,0,0,0,19.9,-6.8,104.19,240.0,0,0,0,1,0,1,-2,-2,1.0,2.0,14.8,39.3
22500279,2025-11-23,TOR,BKN,119.0,109.0,228.0,True,105.41,112.2,106.5,5.8,,0.548,102.16,108.1,117.5,-9.5,,0.502,3.25,4.1000000000000085,-11.0,15.3,,0.046,1,1,1,1,2.0,2.0,0,0,0,1,0,2,123.66666666666669,113.66666666666669,110.0,108.0,15.666666666666671,3.6666666666666714,125.2,109.6,110.8,109.6,15.600000000000009,-1.2000000000000028,121.9,107.9,109.4,116.4,5.5,-1.5,7,-1,13.8,0.0,0,0,1,0,2,2,4,3,0,0,0,0,0,0,0,0,0,12.2,-7.1,103.785,228.0,0,0,0,1,0,1,-2,1,1.0,1.0,11.3,21.4
22500278,2025-11-23,CLE,LAC,120.0,105.0,225.0,True,102.45,111.4,109.5,1.9,,0.517,100.81,106.9,109.9,-3.0,,0.533,1.6400000000000006,4.5,-0.4000000000000057,4.9,,-0.016,1,2,2,2,2.0,1.0,0,1,0,1,0,6,114.0,113.33333333333331,109.66666666666669,118.33333333333331,-4.333333333333329,3.666666666666657,112.6,118.2,111.0,120.6,-8.0,7.200000000000003,123.9,112.1,116.8,119.3,4.6000000000000085,-4.700000000000003,2,-1,7.2,-6.6,0,1,1,1,2,3,4,4,0,0,0,0,0,0,0,0,1,7.5,-6.8,101.63,,0,0,0,1,0,1,-2,-8,2.0,1.0,28.700000000000003,10.5
22500276,2025-11-23,ATL,CHA,113.0,110.0,223.0,True,103.41,112.4,112.0,0.5,,0.542,103.62,115.6,109.0,6.6,,0.557,-0.2100000000000079,-3.1999999999999886,3.0,-6.1,,-0.015,0,0,1,1,1.0,1.0,0,0,0,1,0,1,117.66666666666669,114.0,117.66666666666669,122.66666666666669,-5.0,-3.6666666666666714,121.8,114.4,119.4,124.8,-3.0,-5.0,119.3,114.0,112.2,119.0,0.2999999999999971,1.7999999999999972,2,-6,1.0,-8.4,1,0,1,1,3,2,4,4,0,0,0,0,0,0,0,0,0,5.9,-7.6,103.515,,0,0,0,1,0,1,-5,-3,2.0,2.0,36.2,37.9
22500275,2025-11-23,PHI,MIA,117.0,127.0,244.0,True,101.72,110.4,110.3,0.1,,0.514,106.33,108.3,108.0,0.3,,0.545,-4.609999999999999,2.1000000000000085,2.299999999999997,-0.1999999999999999,,-0.031,0,1,1,1,3.0,2.0,0,0,0,1,0,2,115.0,122.66666666666669,114.33333333333331,105.33333333333331,9.666666666666671,8.333333333333343,110.4,123.2,111.4,117.2,-6.799999999999997,11.799999999999995,115.1,125.0,113.8,120.4,-5.300000000000011,11.200000000000005,-1,4,-3.4,10.8,0,0,1,1,2,2,4,4,0,0,0,0,0,0,0,0,0,-2.1,5.5,104.025,,0,0,0,1,0,1,-1,-2,3.0,1.0,52.1,16.7
22500277,2025-11-23,BOS,ORL,138.0,129.0,267.0,True,100.03,113.1,106.4,6.8,,0.515,103.6,105.4,110.7,-5.3,,0.505,-3.569999999999993,7.699999999999989,-4.299999999999997,12.1,,0.01,1,0,1,0,2.0,1.0,0,0,0,1,0,1,113.0,127.66666666666669,110.0,111.66666666666669,1.3333333333333286,17.66666666666667,114.0,120.2,105.4,110.0,4.0,14.799999999999995,113.1,118.2,109.7,111.7,1.3999999999999917,8.5,1,-1,10.8,7.0,0,1,0,1,2,3,3,4,0,0,0,0,0,0,0,0,0,7.0,7.1,101.815,225.5,0,0,0,1,0,1,1,-5,0.0,3.0,0.0,48.400000000000006
22500291,2025-11-24,GSW,UTA,,,,False,102.5,107.5,107.5,0.0,,0.526,104.68,107.6,110.7,-3.0,,0.503,-2.180000000000007,-0.0999999999999943,-3.200000000000003,3.0,,0.023,1,0,1,0,3.0,1.0,0,0,0,1,0,1,110.66666666666669,114.66666666666669,119.33333333333331,130.66666666666666,-19.999999999999982,-4.666666666666657,113.0,123.2,114.4,134.2,-21.19999999999999,8.799999999999997,112.6,118.6,115.1,127.3,-14.700000000000005,3.5,-3,-3,-1.4,-11.0,0,1,1,1,2,3,4,4,0,0,0,0,0,0,0,0,0,-2.5,-8.7,103.59,,0,0,0,1,0,1,-1,-5,0.0,1.0,0.0,14.4
22500283,2025-11-24,IND,DET,,,,False,104.24,108.4,115.2,-6.7,,0.501,102.25,111.9,107.1,4.8,,0.518,1.9899999999999949,-3.5,8.100000000000009,-11.5,,-0.017,0,1,1,1,3.0,2.0,0,0,0,1,0,3,116.0,125.33333333333331,121.66666666666669,113.33333333333331,2.6666666666666714,3.666666666666657,111.4,122.8,125.4,111.6,-0.1999999999999886,-2.6000000000000085,108.6,121.5,123.9,111.7,-3.1000000000000085,-2.4000000000000057,-1,12,-14.0,11.2,0,0,0,0,2,2,3,3,0,0,0,0,0,0,0,0,0,-15.3,9.8,103.245,239.0,0,0,0,1,0,1,2,0,2.0,0.0,29.5,0.0
22500284,2025-11-24,TOR,CLE,,,,False,105.41,112.2,106.5,5.8,,0.548,102.45,111.4,109.5,1.9,,0.517,2.9599999999999937,0.7999999999999972,-3.0,3.9,,0.031,2,0,2,0,1.0,1.0,1,0,0,1,0,1,126.66666666666669,114.66666666666669,110.33333333333331,109.33333333333331,17.333333333333343,4.333333333333343,123.8,114.0,110.0,106.8,17.0,4.0,122.1,122.7,109.9,115.2,6.8999999999999915,12.799999999999995,7,2,13.8,7.2,1,1,1,1,3,3,4,4,0,0,0,0,0,0,0,0,0,12.2,7.5,103.93,226.0,0,0,0,1,0,1,-6,-5,1.0,2.0,11.3,28.700000000000003
22500285,2025-11-24,BKN,NYK,,,,False,102.16,108.1,117.5,-9.5,,0.502,101.59,112.5,111.9,0.6,,0.516,0.5699999999999932,-4.400000000000006,5.599999999999994,-10.1,,-0.014,0,1,0,2,1.0,2.0,0,0,0,1,0,4,107.0,115.66666666666669,112.33333333333331,119.66666666666669,-12.666666666666671,3.333333333333343,109.6,118.8,109.6,123.0,-13.400000000000006,9.200000000000005,108.3,124.5,115.4,116.5,-8.200000000000003,9.099999999999994,-1,-1,0.0,-4.2,1,0,1,0,3,2,4,3,0,0,0,0,0,0,0,0,0,-7.1,8.0,101.875,232.0,0,0,0,1,0,1,-5,0,1.0,1.0,21.4,15.8
22500286,2025-11-24,MIA,DAL,,,,False,106.33,108.3,108.0,0.3,,0.545,102.0,100.9,105.9,-5.0,,0.487,4.329999999999998,7.399999999999992,2.0999999999999943,5.3,,0.058,0,0,1,0,1.0,2.0,0,0,0,1,0,1,126.66666666666669,108.33333333333331,106.66666666666669,110.0,16.66666666666667,1.6666666666666572,125.4,111.8,114.6,116.6,8.800000000000011,-2.799999999999997,125.7,112.9,120.2,117.8,7.900000000000006,-7.299999999999997,4,-1,10.8,-4.8,1,1,1,1,3,3,4,4,0,0,0,0,0,0,0,0,1,5.5,-4.9,104.165,,0,0,0,1,0,1,-5,-4,1.0,0.5,16.7,10.4
22500287,2025-11-24,MEM,DEN,,,,False,104.2,108.8,111.5,-2.7,,0.509,102.17,115.4,107.6,7.7,,0.546,2.030000000000001,-6.6000000000000085,3.9000000000000057,-10.4,,-0.037,0,1,1,2,2.0,2.0,0,0,0,1,0,1,113.33333333333331,120.0,101.0,118.33333333333331,-5.0,19.0,107.0,122.0,108.4,119.4,-12.400000000000006,13.599999999999994,108.8,123.0,113.1,113.7,-4.900000000000006,9.900000000000006,2,-1,-1.4,2.6,0,1,1,1,2,3,4,4,0,0,0,0,0,0,0,0,0,-4.3,9.3,103.185,,0,0,0,1,0,1,-2,-4,0.0,2.0,0.0,30.200000000000003
22500288,2025-11-24,MIL,POR,,,,False,103.36,112.1,114.3,-2.3,,0.557,106.44,111.2,107.2,4.0,,0.519,-3.0799999999999983,0.8999999999999915,7.099999999999994,-6.3,,0.038,1,2,2,2,2.0,1.0,0,1,0,1,0,3,112.0,114.33333333333331,123.33333333333331,122.33333333333331,-10.333333333333329,-9.0,115.6,117.2,124.6,126.4,-10.800000000000011,-7.399999999999992,113.5,119.1,120.8,125.9,-12.400000000000006,-1.7000000000000028,-4,-1,-9.0,-9.2,0,1,0,1,2,3,3,5,0,0,0,0,0,0,0,0,1,-7.3,-6.8,104.9,,0,0,0,1,0,1,1,-7,1.0,2.0,31.2,39.3
22500289,2025-11-24,NOP,CHI,,,,False,103.58,102.8,114.8,-12.0,,0.48,105.81,112.4,112.3,0.2,,0.552,-2.230000000000004,-9.600000000000009,2.5,-12.2,,-0.072,1,0,2,1,2.0,2.0,0,0,0,1,0,1,110.33333333333331,116.66666666666669,119.33333333333331,128.0,-17.66666666666667,-2.666666666666657,109.2,125.4,121.6,132.2,-22.999999999999982,3.8000000000000114,108.5,120.2,119.7,127.1,-18.59999999999999,0.5,-9,1,-12.4,-6.8,1,1,1,1,3,3,4,4,0,0,0,0,0,0,0,0,1,-11.2,-6.9,104.695,,0,0,0,1,0,1,-4,-4,1.0,0.0,17.3,0.0
22500290,2025-11-24,PHX,HOU,,,,False,103.38,109.5,110.7,-1.1,,0.539,102.57,114.5,110.3,4.2,,0.528,0.8100000000000023,-5.0,0.4000000000000057,-5.300000000000001,,0.011,2,0,2,1,1.0,3.0,1,0,0,1,0,1,117.33333333333331,113.33333333333331,108.33333333333331,109.66666666666669,7.666666666666657,5.0,121.4,123.0,109.4,111.4,10.0,13.599999999999994,118.7,120.9,108.2,110.5,8.200000000000003,12.700000000000005,3,-1,12.0,11.6,1,0,1,0,3,2,4,3,0,0,0,0,0,0,0,0,0,10.5,10.4,102.975,,0,0,0,1,0,1,-6,2,2.0,0.0,34.0,0.0
22500292,2025-11-24,SAC,MIN,,,,False,102.31,112.3,110.4,1.9,,0.549,102.16,112.9,111.2,1.7,,0.553,0.1500000000000056,-0.6000000000000085,-0.7999999999999972,0.1999999999999999,,-0.004,0,1,0,1,2.0,3.0,0,0,0,1,0,2,107.66666666666669,117.66666666666669,124.33333333333331,106.33333333333331,1.3333333333333428,-6.666666666666657,108.6,117.8,124.0,110.4,-1.8000000000000114,-6.200000000000003,109.0,122.9,126.7,112.5,-3.5,-3.799999999999997,1,-1,-15.4,7.4,0,0,1,0,2,2,4,3,0,0,0,0,0,0,0,0,0,-17.7,10.4,102.235,247.5,0,0,0,1,0,1,-2,2,0.0,0.0,0.0,0.0
