Game Date,Game Time,Matchup,Team,Player Name,Current Status,Reason,report_date
10/21/2025,10:00 (ET),GSW@LAL,Golden State Warriors,"Butler III, Jimmy",Probable,Injury/Illness - Left Ankle; Sprain,2025-10-20
10/21/2025,10:00 (ET),GSW@LAL,Golden State Warriors,"Kuminga, Jonathan",Probable,Injury/Illness - Right Ankle; Inflammation,2025-10-20
10/21/2025,10:00 (ET),GSW@LAL,Golden State Warriors,"Melton, De'Anthony",Out,Injury/Illness - Left ACL; Surgery,2025-10-20
10/21/2025,10:00 (ET),GSW@LAL,Golden State Warriors,"Moody, Moses",Out,Injury/Illness - Left Soleus; Strain,2025-10-20
10/21/2025,10:00 (ET),GSW@LAL,Golden State Warriors,"Toohey, Alex",Out,Injury/Illness - Left Knee; Patellofemoral Pain,2025-10-20
10/21/2025,07:30 (ET),HOU@OKC,Houston Rockets,,,NOT YET SUBMITTED,2025-10-20
10/21/2025,10:00 (ET),GSW@LAL,Los Angeles Lakers,,,NOT YET SUBMITTED,2025-10-20
10/21/2025,07:30 (ET),HOU@OKC,Oklahoma City Thunder,,,NOT YET SUBMITTED,2025-10-20
10/22/2025,07:30 (ET),PHI@BOS,Boston Celtics,"Brown, Jaylen",Questionable,Injury/Illness - Left Hamstring; Strain,2025-10-21
10/22/2025,07:30 (ET),PHI@BOS,Boston Celtics,"Tatum, Jayson",Out,Injury/Illness - Right Achilles; Repair,2025-10-21
10/22/2025,07:00 (ET),BKN@CHA,Brooklyn Nets,"Highsmith, Haywood",Out,"Injury/Illness - Right Knee; Surgery, Injury Recovery",2025-10-21
10/22/2025,07:00 (ET),BKN@CHA,Charlotte Hornets,"Green, Josh",Out,Injury/Illness - Left Shoulder; Surgery,2025-10-21
10/22/2025,07:00 (ET),BKN@CHA,Charlotte Hornets,"Williams, Grant",Out,Injury/Illness - Right Knee; Surgery,2025-10-21
10/22/2025,08:00 (ET),DET@CHI,Chicago Bulls,"Collins, Zach",Out,Injury/Illness - Left Scaphoid; Fracture,2025-10-21
10/22/2025,08:00 (ET),DET@CHI,Chicago Bulls,"White, Coby",Out,Injury/Illness - Right Calf; Strain,2025-10-21
10/22/2025,07:00 (ET),CLE@NYK,Cleveland Cavaliers,"Garland, Darius",Out,Injury/Illness - Left Great Toe; Surgery,2025-10-21
10/22/2025,07:00 (ET),CLE@NYK,Cleveland Cavaliers,"Hunter, De'Andre",Questionable,Injury/Illness - Right Knee; Contusion,2025-10-21
10/22/2025,07:00 (ET),CLE@NYK,Cleveland Cavaliers,"Strus, Max",Out,Injury/Illness - Left Foot; Surgery - Jones Fracture,2025-10-21
10/22/2025,09:30 (ET),SAS@DAL,Dallas Mavericks,"Exum, Dante",Out,Injury/Illness - Right Knee; Injury Management,2025-10-21
10/22/2025,09:30 (ET),SAS@DAL,Dallas Mavericks,"Gafford, Daniel",Doubtful,Injury/Illness - Right Ankle; Sprain,2025-10-21
10/22/2025,09:30 (ET),SAS@DAL,Dallas Mavericks,"Irving, Kyrie",Out,Injury/Illness - Left Knee; Surgery,2025-10-21
10/22/2025,08:00 (ET),DET@CHI,Detroit Pistons,"Ivey, Jaden",Out,Injury/Illness - Right Knee; Arthroscopy,2025-10-21
10/22/2025,08:00 (ET),DET@CHI,Detroit Pistons,"LeVert, Caris",Probable,Injury/Illness - Right Knee; Soreness,2025-10-21
10/22/2025,08:00 (ET),DET@CHI,Detroit Pistons,"Sasser, Marcus",Doubtful,Injury/Illness - Right Hip; Impingement,2025-10-21
10/21/2025,10:00 (ET),GSW@LAL,Golden State Warriors,"Butler III, Jimmy",Probable,Injury/Illness - Left Ankle; Sprain,2025-10-21
10/21/2025,10:00 (ET),GSW@LAL,Golden State Warriors,"Kuminga, Jonathan",Probable,Injury/Illness - Right Ankle; Inflammation,2025-10-21
10/21/2025,10:00 (ET),GSW@LAL,Golden State Warriors,"Melton, De'Anthony",Out,Injury/Illness - Left ACL; Surgery,2025-10-21
10/21/2025,10:00 (ET),GSW@LAL,Golden State Warriors,"Moody, Moses",Out,Injury/Illness - Left Soleus; Strain,2025-10-21
10/21/2025,10:00 (ET),GSW@LAL,Golden State Warriors,"Toohey, Alex",Out,Injury/Illness - Left Knee; Patellofemoral Pain,2025-10-21
10/21/2025,07:30 (ET),HOU@OKC,Houston Rockets,"Crawford, Isaiah",Questionable,Injury/Illness - Left Ankle; Sprain,2025-10-21
10/21/2025,07:30 (ET),HOU@OKC,Houston Rockets,"Finney-Smith, Dorian",Out,Injury/Illness - Left Ankle; Surgery,2025-10-21
10/21/2025,07:30 (ET),HOU@OKC,Houston Rockets,"Tate, Jae'Sean",Out,Injury/Illness - Right Ankle; Surgery,2025-10-21
10/21/2025,07:30 (ET),HOU@OKC,Houston Rockets,"VanVleet, Fred",Out,Injury/Illness - Right Knee; ACL repair,2025-10-21
10/22/2025,09:00 (ET),LAC@UTA,LA Clippers,,,NOT YET SUBMITTED,2025-10-21
10/21/2025,10:00 (ET),GSW@LAL,Los Angeles Lakers,"James, LeBron",Out,Injury/Illness - Right Sciatica; -,2025-10-21
10/21/2025,10:00 (ET),GSW@LAL,Los Angeles Lakers,"Kleber, Maxi",Out,Injury/Illness - Left Oblique; Strain,2025-10-21
10/21/2025,10:00 (ET),GSW@LAL,Los Angeles Lakers,"Thiero, Adou",Out,Injury/Illness - Left Knee; Surgery Recovery,2025-10-21
10/22/2025,08:00 (ET),NOP@MEM,Memphis Grizzlies,,,NOT YET SUBMITTED,2025-10-21
10/22/2025,07:00 (ET),MIA@ORL,Miami Heat,"Herro, Tyler",Out,Injury/Illness - Left Ankle; Surgery,2025-10-21
10/22/2025,07:00 (ET),MIA@ORL,Miami Heat,"Jakucionis, Kasparas",Out,Injury/Illness - Right Groin; Strain,2025-10-21
10/22/2025,07:00 (ET),MIA@ORL,Miami Heat,"Jovic, Nikola",Available,Injury/Illness - Low Back; Pain,2025-10-21
10/22/2025,07:00 (ET),MIA@ORL,Miami Heat,"Rozier, Terry",Available,Injury/Illness - Left Hamstring; Strain,2025-10-21
10/22/2025,07:00 (ET),MIA@ORL,Miami Heat,"Ware, Kel'el",Questionable,Injury/Illness - Left Ankle; Sprain,2025-10-21
10/22/2025,10:00 (ET),MIN@POR,Minnesota Timberwolves,,,NOT YET SUBMITTED,2025-10-21
10/22/2025,08:00 (ET),NOP@MEM,New Orleans Pelicans,"Looney, Kevon",Out,Injury/Illness - Left Knee; Sprain,2025-10-21
10/22/2025,08:00 (ET),NOP@MEM,New Orleans Pelicans,"Matkovic, Karlo",Doubtful,Injury/Illness - Low Back; Spasms,2025-10-21
10/22/2025,08:00 (ET),NOP@MEM,New Orleans Pelicans,"Murray, Dejounte",Out,Injury/Illness - Right Achilles; Rupture,2025-10-21
10/22/2025,07:00 (ET),CLE@NYK,New York Knicks,"Anunoby, OG",Probable,Injury/Illness - Left Ankle; Sprain,2025-10-21
10/22/2025,07:00 (ET),CLE@NYK,New York Knicks,"Hart, Josh",Out,Injury/Illness - Lower Back; Lumbar Spasms,2025-10-21
10/22/2025,07:00 (ET),CLE@NYK,New York Knicks,"Robinson, Mitchell",Out,Injury/Illness - Left Ankle; Left Ankle Injury Management,2025-10-21
10/22/2025,07:00 (ET),CLE@NYK,New York Knicks,"Towns, Karl-Anthony",Questionable,Injury/Illness - Right Quad; Strain,2025-10-21
10/21/2025,07:30 (ET),HOU@OKC,Oklahoma City Thunder,"Joe, Isaiah",Out,Injury/Illness - Left Knee; Contusion,2025-10-21
10/21/2025,07:30 (ET),HOU@OKC,Oklahoma City Thunder,"Sorber, Thomas",Out,Injury/Illness - Right ACL; Surgical recovery,2025-10-21
10/21/2025,07:30 (ET),HOU@OKC,Oklahoma City Thunder,"Topic, Nikola",Out,Injury/Illness - N/a; Surgical Recovery,2025-10-21
10/21/2025,07:30 (ET),HOU@OKC,Oklahoma City Thunder,"Williams, Jalen",Out,Injury/Illness - Right Wrist; Surgical Recovery,2025-10-21
10/21/2025,07:30 (ET),HOU@OKC,Oklahoma City Thunder,"Williams, Kenrich",Out,Injury/Illness - Left Knee; Surgical Recovery,2025-10-21
10/22/2025,07:00 (ET),MIA@ORL,Orlando Magic,"Suggs, Jalen",Questionable,Injury/Illness - Left Knee; Injury recovery,2025-10-21
10/22/2025,07:00 (ET),MIA@ORL,Orlando Magic,"Wagner, Moritz",Out,Injury/Illness - Left Knee; Injury recovery,2025-10-21
10/22/2025,07:30 (ET),PHI@BOS,Philadelphia 76ers,"George, Paul",Out,Injury/Illness - Left Knee; surgery recovery,2025-10-21
10/22/2025,07:30 (ET),PHI@BOS,Philadelphia 76ers,"McCain, Jared",Out,Injury/Illness - Right thumb; surgery recovery,2025-10-21
10/22/2025,07:30 (ET),PHI@BOS,Philadelphia 76ers,"Watford, Trendon",Out,Injury/Illness - Left Hamstring; tightness,2025-10-21
10/22/2025,10:00 (ET),SAC@PHX,Phoenix Suns,,,NOT YET SUBMITTED,2025-10-21
10/22/2025,10:00 (ET),MIN@POR,Portland Trail Blazers,,,NOT YET SUBMITTED,2025-10-21
10/22/2025,10:00 (ET),SAC@PHX,Sacramento Kings,,,NOT YET SUBMITTED,2025-10-21
10/22/2025,09:30 (ET),SAS@DAL,San Antonio Spurs,,,NOT YET SUBMITTED,2025-10-21
10/22/2025,07:30 (ET),TOR@ATL,Toronto Raptors,"Murray-Boyles, Collin",Out,Injury/Illness - Right Forearm; Muscle Strain,2025-10-21
10/22/2025,07:30 (ET),TOR@ATL,Toronto Raptors,"Walter, Ja'Kobe",Out,Injury/Illness - N/A; Illness,2025-10-21
10/22/2025,09:00 (ET),LAC@UTA,Utah Jazz,,,NOT YET SUBMITTED,2025-10-21
10/22/2025,08:00 (ET),WAS@MIL,Washington Wizards,"Coulibaly, Bilal",Out,Injury/Illness - Right Hand; Surgery,2025-10-21
10/22/2025,08:00 (ET),WAS@MIL,Washington Wizards,"Riley, Will",Questionable,Injury/Illness - Right Ankle; Sprain,2025-10-21
10/22/2025,07:30 (ET),PHI@BOS,Boston Celtics,"Brown, Jaylen",Questionable,Injury/Illness - Left Hamstring; Strain,2025-10-22
10/22/2025,07:30 (ET),PHI@BOS,Boston Celtics,"Tatum, Jayson",Out,Injury/Illness - Right Achilles; Repair,2025-10-22
10/22/2025,07:00 (ET),BKN@CHA,Brooklyn Nets,"Highsmith, Haywood",Out,"Injury/Illness - Right Knee; Surgery, Injury Recovery",2025-10-22
10/22/2025,07:00 (ET),BKN@CHA,Brooklyn Nets,"Wolf, Danny",Out,Injury/Illness - Left Ankle; Sprain,2025-10-22
10/22/2025,07:00 (ET),BKN@CHA,Charlotte Hornets,"Green, Josh",Out,Injury/Illness - Left Shoulder; Surgery,2025-10-22
10/22/2025,07:00 (ET),BKN@CHA,Charlotte Hornets,"Williams, Grant",Out,Injury/Illness - Right Knee; Surgery,2025-10-22
10/22/2025,08:00 (ET),DET@CHI,Chicago Bulls,"Collins, Zach",Out,Injury/Illness - Left Scaphoid; Fracture,2025-10-22
10/22/2025,08:00 (ET),DET@CHI,Chicago Bulls,"White, Coby",Out,Injury/Illness - Right Calf; Strain,2025-10-22
10/22/2025,07:00 (ET),CLE@NYK,Cleveland Cavaliers,"Garland, Darius",Out,Injury/Illness - Left Great Toe; Surgery,2025-10-22
10/22/2025,07:00 (ET),CLE@NYK,Cleveland Cavaliers,"Hunter, De'Andre",Questionable,Injury/Illness - Right Knee; Contusion,2025-10-22
10/22/2025,07:00 (ET),CLE@NYK,Cleveland Cavaliers,"Strus, Max",Out,Injury/Illness - Left Foot; Surgery - Jones Fracture,2025-10-22
10/22/2025,09:30 (ET),SAS@DAL,Dallas Mavericks,"Exum, Dante",Out,Injury/Illness - Right Knee; Injury Management,2025-10-22
10/22/2025,09:30 (ET),SAS@DAL,Dallas Mavericks,"Gafford, Daniel",Doubtful,Injury/Illness - Right Ankle; Sprain,2025-10-22
10/22/2025,09:30 (ET),SAS@DAL,Dallas Mavericks,"Irving, Kyrie",Out,Injury/Illness - Left Knee; Surgery,2025-10-22
10/23/2025,10:00 (ET),DEN@GSW,Denver Nuggets,,,NOT YET SUBMITTED,2025-10-22
10/22/2025,08:00 (ET),DET@CHI,Detroit Pistons,"Ivey, Jaden",Out,Injury/Illness - Right Knee; Arthroscopy,2025-10-22
10/22/2025,08:00 (ET),DET@CHI,Detroit Pistons,"LeVert, Caris",Probable,Injury/Illness - Right Knee; Soreness,2025-10-22
10/22/2025,08:00 (ET),DET@CHI,Detroit Pistons,"Sasser, Marcus",Doubtful,Injury/Illness - Right Hip; Impingement,2025-10-22
10/23/2025,10:00 (ET),DEN@GSW,Golden State Warriors,,,NOT YET SUBMITTED,2025-10-22
10/23/2025,07:30 (ET),OKC@IND,Indiana Pacers,"Haliburton, Tyrese",Out,Injury/Illness - Right Achilles Tendon; Tear,2025-10-22
10/23/2025,07:30 (ET),OKC@IND,Indiana Pacers,"Jackson, Quenton",Out,Injury/Illness - Right Hamstring; Strain,2025-10-22
10/23/2025,07:30 (ET),OKC@IND,Indiana Pacers,"Jones, Kam",Out,Injury/Illness - Lower Back; Stress Reaction,2025-10-22
10/23/2025,07:30 (ET),OKC@IND,Indiana Pacers,"McConnell, T.J.",Out,Injury/Illness - Left Hamstring; Strain,2025-10-22
10/22/2025,09:00 (ET),LAC@UTA,LA Clippers,"Miller, Jordan",Out,Injury/Illness - Left Hamstring; Soreness,2025-10-22
10/22/2025,09:00 (ET),LAC@UTA,LA Clippers,"Sanders, Kobe",Available,G League - Two-Way,2025-10-22
10/22/2025,09:00 (ET),LAC@UTA,LA Clippers,"Telfort, Jahmyl",Out,G League - Two-Way,2025-10-22
10/22/2025,08:00 (ET),NOP@MEM,Memphis Grizzlies,"Clarke, Brandon",Out,Injury/Illness - Right Knee; Surgery Recovery,2025-10-22
10/22/2025,08:00 (ET),NOP@MEM,Memphis Grizzlies,"Edey, Zach",Out,Injury/Illness - Left Ankle; Surgery Recovery,2025-10-22
10/22/2025,08:00 (ET),NOP@MEM,Memphis Grizzlies,"Jerome, Ty",Out,Injury/Illness - Right Calf; Strain,2025-10-22
10/22/2025,08:00 (ET),NOP@MEM,Memphis Grizzlies,"Pippen Jr., Scotty",Out,Injury/Illness - Left Great Toe; Surgery Recovery,2025-10-22
10/22/2025,08:00 (ET),NOP@MEM,Memphis Grizzlies,"Williams Jr., Vince",Out,Injury/Illness - Right Heel; Soreness,2025-10-22
10/22/2025,07:00 (ET),MIA@ORL,Miami Heat,"Herro, Tyler",Out,Injury/Illness - Left Ankle; Surgery,2025-10-22
10/22/2025,07:00 (ET),MIA@ORL,Miami Heat,"Jakucionis, Kasparas",Out,Injury/Illness - Right Groin; Strain,2025-10-22
10/22/2025,07:00 (ET),MIA@ORL,Miami Heat,"Jovic, Nikola",Available,Injury/Illness - Low Back; Pain,2025-10-22
10/22/2025,07:00 (ET),MIA@ORL,Miami Heat,"Rozier, Terry",Available,Injury/Illness - Left Hamstring; Strain,2025-10-22
10/22/2025,07:00 (ET),MIA@ORL,Miami Heat,"Ware, Kel'el",Available,Injury/Illness - Left Ankle; Sprain,2025-10-22
10/22/2025,08:00 (ET),WAS@MIL,Milwaukee Bucks,"Antetokounmpo, Giannis",Probable,Injury/Illness - Lower Back; Soreness,2025-10-22
10/22/2025,10:00 (ET),MIN@POR,Minnesota Timberwolves,"Edwards, Anthony",Questionable,Injury/Illness - Back; Low Back Spasms,2025-10-22
10/22/2025,10:00 (ET),MIN@POR,Minnesota Timberwolves,"Zikarsky, Rocco",Available,Injury/Illness - Face Mask; Face Mask,2025-10-22
10/22/2025,08:00 (ET),NOP@MEM,New Orleans Pelicans,"Looney, Kevon",Out,Injury/Illness - Left Knee; Sprain,2025-10-22
10/22/2025,08:00 (ET),NOP@MEM,New Orleans Pelicans,"Matkovic, Karlo",Out,Injury/Illness - Low Back; Spasms,2025-10-22
10/22/2025,08:00 (ET),NOP@MEM,New Orleans Pelicans,"Murray, Dejounte",Out,Injury/Illness - Right Achilles; Rupture,2025-10-22
10/22/2025,07:00 (ET),CLE@NYK,New York Knicks,"Anunoby, OG",Probable,Injury/Illness - Left Ankle; Sprain,2025-10-22
10/22/2025,07:00 (ET),CLE@NYK,New York Knicks,"Hart, Josh",Out,Injury/Illness - Lower Back; Lumbar Spasms,2025-10-22
10/22/2025,07:00 (ET),CLE@NYK,New York Knicks,"Robinson, Mitchell",Out,Injury/Illness - Left Ankle; Left Ankle Injury Management,2025-10-22
10/22/2025,07:00 (ET),CLE@NYK,New York Knicks,"Towns, Karl-Anthony",Questionable,Injury/Illness - Right Quad; Strain,2025-10-22
10/23/2025,07:30 (ET),OKC@IND,Oklahoma City Thunder,"Caruso, Alex",Out,Injury/Illness - N/a; Concussion Protocol,2025-10-22
10/23/2025,07:30 (ET),OKC@IND,Oklahoma City Thunder,"Dort, Luguentz",Questionable,Injury/Illness - Left Ankle; Sprain,2025-10-22
10/23/2025,07:30 (ET),OKC@IND,Oklahoma City Thunder,"Joe, Isaiah",Out,Injury/Illness - Left Knee; Contusion,2025-10-22
10/23/2025,07:30 (ET),OKC@IND,Oklahoma City Thunder,"Sorber, Thomas",Out,Injury/Illness - Right ACL; Surgical Recovery,2025-10-22
10/23/2025,07:30 (ET),OKC@IND,Oklahoma City Thunder,"Topic, Nikola",Out,Injury/Illness - N/a; Surgical Recovery,2025-10-22
10/23/2025,07:30 (ET),OKC@IND,Oklahoma City Thunder,"Wallace, Cason",Questionable,Injury/Illness - Left Knee; Sprain,2025-10-22
10/23/2025,07:30 (ET),OKC@IND,Oklahoma City Thunder,"Williams, Jalen",Out,Injury/Illness - Right Wrist; Surgical Recovery,2025-10-22
10/23/2025,07:30 (ET),OKC@IND,Oklahoma City Thunder,"Williams, Kenrich",Out,Injury/Illness - Left Knee; Surgical Recovery,2025-10-22
10/22/2025,07:00 (ET),MIA@ORL,Orlando Magic,"Suggs, Jalen",Available,Injury/Illness - Left Knee; Injury recovery,2025-10-22
10/22/2025,07:00 (ET),MIA@ORL,Orlando Magic,"Wagner, Moritz",Out,Injury/Illness - Left Knee; Injury recovery,2025-10-22
10/22/2025,07:30 (ET),PHI@BOS,Philadelphia 76ers,"George, Paul",Out,Injury/Illness - Left Knee; surgery recovery,2025-10-22
10/22/2025,07:30 (ET),PHI@BOS,Philadelphia 76ers,"McCain, Jared",Out,Injury/Illness - Right thumb; surgery recovery,2025-10-22
10/22/2025,07:30 (ET),PHI@BOS,Philadelphia 76ers,"Watford, Trendon",Out,Injury/Illness - Left Hamstring; tightness,2025-10-22
10/22/2025,10:00 (ET),SAC@PHX,Phoenix Suns,"Allen, Grayson",Probable,Injury/Illness - Left Hip; Soreness,2025-10-22
10/22/2025,10:00 (ET),SAC@PHX,Phoenix Suns,"Green, Jalen",Out,Injury/Illness - Right Hamstring; Strain,2025-10-22
10/22/2025,10:00 (ET),MIN@POR,Portland Trail Blazers,"Henderson, Scoot",Out,Injury/Illness - Left Hamstring; Tear,2025-10-22
10/22/2025,10:00 (ET),MIN@POR,Portland Trail Blazers,"Lillard, Damian",Out,Injury/Illness - Left Achilles Tendon; Injury Recovery,2025-10-22
10/22/2025,10:00 (ET),MIN@POR,Portland Trail Blazers,"Williams III, Robert",Out,Return to Competition Reconditioning,2025-10-22
10/22/2025,10:00 (ET),SAC@PHX,Sacramento Kings,"Jones, Isaac",Out,Injury/Illness - N/a; Illness,2025-10-22
10/22/2025,10:00 (ET),SAC@PHX,Sacramento Kings,"Murray, Keegan",Out,Injury/Illness - Left Thumb; UCL Recovery,2025-10-22
10/22/2025,10:00 (ET),SAC@PHX,Sacramento Kings,"Sabonis, Domantas",Out,Injury/Illness - Right Hamstring; Strain,2025-10-22
10/22/2025,09:30 (ET),SAS@DAL,San Antonio Spurs,"Fox, De'Aaron",Out,Injury/Illness - Right Hamstring; Strain,2025-10-22
10/22/2025,09:30 (ET),SAS@DAL,San Antonio Spurs,"Olynyk, Kelly",Out,Injury/Illness - Left Heel; Surgery,2025-10-22
10/22/2025,09:30 (ET),SAS@DAL,San Antonio Spurs,"Sochan, Jeremy",Out,Injury/Illness - Left Wrist; Sprain,2025-10-22
10/22/2025,09:30 (ET),SAS@DAL,San Antonio Spurs,"Waters III, Lindy",Out,Injury/Illness - Bilateral Eye; Procedure,2025-10-22
10/22/2025,07:30 (ET),TOR@ATL,Toronto Raptors,"Murray-Boyles, Collin",Out,Injury/Illness - Right Forearm; Muscle Strain,2025-10-22
10/22/2025,07:30 (ET),TOR@ATL,Toronto Raptors,"Walter, Ja'Kobe",Out,Injury/Illness - N/A; Illness,2025-10-22
10/22/2025,09:00 (ET),LAC@UTA,Utah Jazz,"Bailey, Ace",Available,Injury/Illness - N/A; Illness,2025-10-22
10/22/2025,09:00 (ET),LAC@UTA,Utah Jazz,"Collier, Isaiah",Out,Injury/Illness - Right Hamstring; Strain,2025-10-22
10/22/2025,09:00 (ET),LAC@UTA,Utah Jazz,"Niang, Georges",Out,Injury/Illness - Left Foot; Fourth metatarsal stress reaction,2025-10-22
10/22/2025,08:00 (ET),WAS@MIL,Washington Wizards,"Coulibaly, Bilal",Out,Injury/Illness - Right Hand; Surgery,2025-10-22
10/22/2025,08:00 (ET),WAS@MIL,Washington Wizards,"Riley, Will",Available,Injury/Illness - Right Ankle; Sprain,2025-10-22
10/24/2025,07:00 (ET),ATL@ORL,Atlanta Hawks,"Djurisic, Nikola",Out,Not With Team,2025-10-23
10/24/2025,07:00 (ET),ATL@ORL,Atlanta Hawks,"Ndiaye, Eli John",Out,Not With Team,2025-10-23
10/24/2025,07:00 (ET),ATL@ORL,Atlanta Hawks,"Risacher, Zaccharie",Questionable,Injury/Illness - Right Ankle; Sprain,2025-10-23
10/24/2025,07:30 (ET),BOS@NYK,Boston Celtics,"Garza, Luka",Out,Injury/Illness - Concussion; Concussion Protocol,2025-10-23
10/24/2025,07:30 (ET),BOS@NYK,Boston Celtics,"Tatum, Jayson",Out,Injury/Illness - Right Achilles; Repair,2025-10-23
10/24/2025,07:30 (ET),CLE@BKN,Brooklyn Nets,"Highsmith, Haywood",Out,"Injury/Illness - Right Knee; Surgery, Injury Recovery",2025-10-23
10/24/2025,07:30 (ET),CLE@BKN,Brooklyn Nets,"Powell, Drake",Out,Injury/Illness - Right Ankle; Sprain,2025-10-23
10/24/2025,07:30 (ET),CLE@BKN,Brooklyn Nets,"Wolf, Danny",Out,Injury/Illness - Left Ankle; Sprain,2025-10-23
10/24/2025,07:30 (ET),CLE@BKN,Cleveland Cavaliers,"Garland, Darius",Out,Injury/Illness - Left Great Toe; Surgery,2025-10-23
10/24/2025,07:30 (ET),CLE@BKN,Cleveland Cavaliers,"Hunter, De'Andre",Questionable,Injury/Illness - Right Knee; Contusion,2025-10-23
10/24/2025,07:30 (ET),CLE@BKN,Cleveland Cavaliers,"Strus, Max",Out,Injury/Illness - Left Foot; Surgery - Jones Fracture,2025-10-23
10/24/2025,08:30 (ET),WAS@DAL,Dallas Mavericks,"Exum, Dante",Out,Injury/Illness - Right Knee; Injury Management,2025-10-23
10/24/2025,08:30 (ET),WAS@DAL,Dallas Mavericks,"Gafford, Daniel",Questionable,Injury/Illness - Right Ankle; Sprain,2025-10-23
10/24/2025,08:30 (ET),WAS@DAL,Dallas Mavericks,"Irving, Kyrie",Out,Injury/Illness - Left Knee; Surgery,2025-10-23
10/24/2025,08:00 (ET),DET@HOU,Detroit Pistons,,,NOT YET SUBMITTED,2025-10-23
10/23/2025,10:00 (ET),DEN@GSW,Golden State Warriors,"Melton, De'Anthony",Out,Injury/Illness - Left ACL; Surgery,2025-10-23
10/23/2025,10:00 (ET),DEN@GSW,Golden State Warriors,"Moody, Moses",Out,Injury/Illness - Left Soleus; Strain,2025-10-23
10/23/2025,10:00 (ET),DEN@GSW,Golden State Warriors,"Toohey, Alex",Out,Injury/Illness - Left Knee; Patellofemoral Pain,2025-10-23
10/24/2025,10:00 (ET),GSW@POR,Golden State Warriors,,,NOT YET SUBMITTED,2025-10-23
10/24/2025,08:00 (ET),DET@HOU,Houston Rockets,"Crawford, Isaiah",Questionable,Injury/Illness - Left Ankle; Sprain,2025-10-23
10/24/2025,08:00 (ET),DET@HOU,Houston Rockets,"Finney-Smith, Dorian",Out,Injury/Illness - Left Ankle; Surgery,2025-10-23
10/24/2025,08:00 (ET),DET@HOU,Houston Rockets,"Tate, Jae'Sean",Questionable,Injury/Illness - Right Ankle; Surgery,2025-10-23
10/24/2025,08:00 (ET),DET@HOU,Houston Rockets,"VanVleet, Fred",Out,Injury/Illness - Right Knee; ACL Repair,2025-10-23
10/23/2025,07:30 (ET),OKC@IND,Indiana Pacers,"Haliburton, Tyrese",Out,Injury/Illness - Right Achilles Tendon; Tear,2025-10-23
10/23/2025,07:30 (ET),OKC@IND,Indiana Pacers,"Jackson, Quenton",Out,Injury/Illness - Right Hamstring; Strain,2025-10-23
10/23/2025,07:30 (ET),OKC@IND,Indiana Pacers,"Jones, Kam",Out,Injury/Illness - Lower Back; Stress Reaction,2025-10-23
10/23/2025,07:30 (ET),OKC@IND,Indiana Pacers,"McConnell, T.J.",Out,Injury/Illness - Left Hamstring; Strain,2025-10-23
10/24/2025,10:30 (ET),PHX@LAC,LA Clippers,,,NOT YET SUBMITTED,2025-10-23
10/24/2025,10:00 (ET),MIN@LAL,Los Angeles Lakers,,,NOT YET SUBMITTED,2025-10-23
10/24/2025,08:00 (ET),MIA@MEM,Memphis Grizzlies,,,NOT YET SUBMITTED,2025-10-23
10/24/2025,08:00 (ET),MIA@MEM,Miami Heat,,,NOT YET SUBMITTED,2025-10-23
10/24/2025,06:30 (ET),MIL@TOR,Milwaukee Bucks,"Antetokounmpo, Giannis",Probable,Injury/Illness - Left Great Toe; Sprain,2025-10-23
10/24/2025,06:30 (ET),MIL@TOR,Milwaukee Bucks,"Porter Jr., Kevin",Out,Injury/Illness - Left Ankle; Sprain,2025-10-23
10/24/2025,10:00 (ET),MIN@LAL,Minnesota Timberwolves,,,NOT YET SUBMITTED,2025-10-23
10/24/2025,08:00 (ET),SAS@NOP,New Orleans Pelicans,"Looney, Kevon",Out,Injury/Illness - Left Knee; Sprain,2025-10-23
10/24/2025,08:00 (ET),SAS@NOP,New Orleans Pelicans,"Matkovic, Karlo",Questionable,Injury/Illness - Low Back; Spasms,2025-10-23
10/24/2025,08:00 (ET),SAS@NOP,New Orleans Pelicans,"Missi, Yves",Questionable,Injury/Illness - Right Ankle; Sprain,2025-10-23
10/24/2025,08:00 (ET),SAS@NOP,New Orleans Pelicans,"Murray, Dejounte",Out,Injury/Illness - Right Achilles; Rupture,2025-10-23
10/24/2025,08:00 (ET),SAS@NOP,New Orleans Pelicans,"Springer, Jaden",Out,Not With Team,2025-10-23
10/24/2025,07:30 (ET),BOS@NYK,New York Knicks,"Anunoby, OG",Probable,Injury/Illness - Left Ankle; Sprain,2025-10-23
10/24/2025,07:30 (ET),BOS@NYK,New York Knicks,"Hart, Josh",Questionable,Injury/Illness - Lower Back; Lumbar Spasms,2025-10-23
10/24/2025,07:30 (ET),BOS@NYK,New York Knicks,"Robinson, Mitchell",Out,Injury/Illness - Left Ankle; Left Ankle Injury Management,2025-10-23
10/24/2025,07:30 (ET),BOS@NYK,New York Knicks,"Towns, Karl-Anthony",Questionable,Injury/Illness - Right Quad; Strain,2025-10-23
10/23/2025,07:30 (ET),OKC@IND,Oklahoma City Thunder,"Caruso, Alex",Out,Injury/Illness - N/a; Concussion Protocol,2025-10-23
10/23/2025,07:30 (ET),OKC@IND,Oklahoma City Thunder,"Dort, Luguentz",Available,Injury/Illness - Left Ankle; Sprain,2025-10-23
10/23/2025,07:30 (ET),OKC@IND,Oklahoma City Thunder,"Joe, Isaiah",Out,Injury/Illness - Left Knee; Contusion,2025-10-23
10/23/2025,07:30 (ET),OKC@IND,Oklahoma City Thunder,"Sorber, Thomas",Out,Injury/Illness - Right ACL; Surgical Recovery,2025-10-23
10/23/2025,07:30 (ET),OKC@IND,Oklahoma City Thunder,"Topic, Nikola",Out,Injury/Illness - N/a; Surgical Recovery,2025-10-23
10/23/2025,07:30 (ET),OKC@IND,Oklahoma City Thunder,"Wallace, Cason",Out,Injury/Illness - Left Knee; Sprain,2025-10-23
10/23/2025,07:30 (ET),OKC@IND,Oklahoma City Thunder,"Williams, Jalen",Out,Injury/Illness - Right Wrist; Surgical Recovery,2025-10-23
10/23/2025,07:30 (ET),OKC@IND,Oklahoma City Thunder,"Williams, Kenrich",Out,Injury/Illness - Left Knee; Surgical Recovery,2025-10-23
10/24/2025,07:00 (ET),ATL@ORL,Orlando Magic,"Wagner, Moritz",Out,Injury/Illness - Left Knee; injury recovery,2025-10-23
10/24/2025,10:30 (ET),PHX@LAC,Phoenix Suns,,,NOT YET SUBMITTED,2025-10-23
10/24/2025,10:00 (ET),GSW@POR,Portland Trail Blazers,,,NOT YET SUBMITTED,2025-10-23
10/24/2025,10:00 (ET),UTA@SAC,Sacramento Kings,,,NOT YET SUBMITTED,2025-10-23
10/24/2025,08:00 (ET),SAS@NOP,San Antonio Spurs,"Fox, De'Aaron",Out,Injury/Illness - Right Hamstring; Strain,2025-10-23
10/24/2025,08:00 (ET),SAS@NOP,San Antonio Spurs,"Olynyk, Kelly",Out,Injury/Illness - Left Heel; Surgery,2025-10-23
10/24/2025,08:00 (ET),SAS@NOP,San Antonio Spurs,"Sochan, Jeremy",Out,Injury/Illness - Left Wrist; Sprain,2025-10-23
10/24/2025,08:00 (ET),SAS@NOP,San Antonio Spurs,"Waters III, Lindy",Out,Injury/Illness - Bilateral Eye; Procedure,2025-10-23
10/24/2025,06:30 (ET),MIL@TOR,Toronto Raptors,"Murray-Boyles, Collin",Questionable,Injury/Illness - Right Forearm; Muscle Strain,2025-10-23
10/24/2025,06:30 (ET),MIL@TOR,Toronto Raptors,"Walter, Ja'Kobe",Questionable,Injury/Illness - Illness; Illness,2025-10-23
10/24/2025,10:00 (ET),UTA@SAC,Utah Jazz,,,NOT YET SUBMITTED,2025-10-23
10/24/2025,08:30 (ET),WAS@DAL,Washington Wizards,"Coulibaly, Bilal",Out,Injury/Illness - Right Hand; Surgery,2025-10-23
10/24/2025,07:00 (ET),ATL@ORL,Atlanta Hawks,"Djurisic, Nikola",Out,Not With Team,2025-10-24
10/24/2025,07:00 (ET),ATL@ORL,Atlanta Hawks,"Ndiaye, Eli John",Out,Not With Team,2025-10-24
10/24/2025,07:00 (ET),ATL@ORL,Atlanta Hawks,"Porzingis, Kristaps",Out,Injury/Illness - Flu-like; Symptoms,2025-10-24
10/24/2025,07:00 (ET),ATL@ORL,Atlanta Hawks,"Risacher, Zaccharie",Out,Injury/Illness - Right Ankle; Sprain,2025-10-24
10/25/2025,07:30 (ET),OKC@ATL,Atlanta Hawks,,,NOT YET SUBMITTED,2025-10-24
10/24/2025,07:30 (ET),BOS@NYK,Boston Celtics,"Garza, Luka",Out,Injury/Illness - Concussion; Concussion Protocol,2025-10-24
10/24/2025,07:30 (ET),BOS@NYK,Boston Celtics,"Tatum, Jayson",Out,Injury/Illness - Right Achilles; Repair,2025-10-24
10/24/2025,07:30 (ET),CLE@BKN,Brooklyn Nets,"Highsmith, Haywood",Out,"Injury/Illness - Right Knee; Surgery, Injury Recovery",2025-10-24
10/24/2025,07:30 (ET),CLE@BKN,Brooklyn Nets,"Powell, Drake",Out,Injury/Illness - Right Ankle; Sprain,2025-10-24
10/24/2025,07:30 (ET),CLE@BKN,Brooklyn Nets,"Wolf, Danny",Out,Injury/Illness - Left Ankle; Sprain,2025-10-24
10/25/2025,07:30 (ET),CHA@PHI,Charlotte Hornets,"Green, Josh",Out,Injury/Illness - Left Shoulder; Surgery,2025-10-24
10/25/2025,07:30 (ET),CHA@PHI,Charlotte Hornets,"Williams, Grant",Out,Injury/Illness - Right Knee; Surgery,2025-10-24
10/25/2025,07:00 (ET),CHI@ORL,Chicago Bulls,"Collins, Zach",Out,Injury/Illness - Left Scaphoid; Fracture,2025-10-24
10/25/2025,07:00 (ET),CHI@ORL,Chicago Bulls,"Flowers, Trentyn",Out,G League - Two-Way,2025-10-24
10/25/2025,07:00 (ET),CHI@ORL,Chicago Bulls,"Miller, Emanuel",Out,G League - Two-Way,2025-10-24
10/25/2025,07:00 (ET),CHI@ORL,Chicago Bulls,"Olbrich, Lachlan",Out,G League - Two-Way,2025-10-24
10/25/2025,07:00 (ET),CHI@ORL,Chicago Bulls,"White, Coby",Out,Injury/Illness - Right Calf; Strain,2025-10-24
10/24/2025,07:30 (ET),CLE@BKN,Cleveland Cavaliers,"Garland, Darius",Out,Injury/Illness - Left Great Toe; Surgery,2025-10-24
10/24/2025,07:30 (ET),CLE@BKN,Cleveland Cavaliers,"Hunter, De'Andre",Questionable,Injury/Illness - Right Knee; Contusion,2025-10-24
10/24/2025,07:30 (ET),CLE@BKN,Cleveland Cavaliers,"Strus, Max",Out,Injury/Illness - Left Foot; Surgery - Jones Fracture,2025-10-24
10/24/2025,08:30 (ET),WAS@DAL,Dallas Mavericks,"Exum, Dante",Out,Injury/Illness - Right Knee; Injury Management,2025-10-24
10/24/2025,08:30 (ET),WAS@DAL,Dallas Mavericks,"Gafford, Daniel",Out,Injury/Illness - Right Ankle; Sprain,2025-10-24
10/24/2025,08:30 (ET),WAS@DAL,Dallas Mavericks,"Irving, Kyrie",Out,Injury/Illness - Left Knee; Surgery,2025-10-24
10/25/2025,09:00 (ET),PHX@DEN,Denver Nuggets,,,NOT YET SUBMITTED,2025-10-24
10/24/2025,08:00 (ET),DET@HOU,Detroit Pistons,"Ivey, Jaden",Out,Injury/Illness - Right Knee; Arthroscopy,2025-10-24
10/24/2025,08:00 (ET),DET@HOU,Detroit Pistons,"LeVert, Caris",Questionable,Injury/Illness - Left Hamstring; Tightness,2025-10-24
10/24/2025,08:00 (ET),DET@HOU,Detroit Pistons,"Sasser, Marcus",Doubtful,Injury/Illness - Right Hip; Impingement,2025-10-24
10/24/2025,10:00 (ET),GSW@POR,Golden State Warriors,"Horford, Al",Out,Injury/Illness - Left Toe; Injury Management,2025-10-24
10/24/2025,10:00 (ET),GSW@POR,Golden State Warriors,"Kuminga, Jonathan",Probable,Injury/Illness - Right Ankle; Inflammation,2025-10-24
10/24/2025,10:00 (ET),GSW@POR,Golden State Warriors,"Melton, De'Anthony",Out,Injury/Illness - Left ACL; Surgery,2025-10-24
10/24/2025,10:00 (ET),GSW@POR,Golden State Warriors,"Toohey, Alex",Out,Injury/Illness - Left Knee; Patellofemoral Pain,2025-10-24
10/24/2025,08:00 (ET),DET@HOU,Houston Rockets,"Crawford, Isaiah",Questionable,Injury/Illness - Left Ankle; Sprain,2025-10-24
10/24/2025,08:00 (ET),DET@HOU,Houston Rockets,"Finney-Smith, Dorian",Out,Injury/Illness - Left Ankle; Surgery,2025-10-24
10/24/2025,08:00 (ET),DET@HOU,Houston Rockets,"Tate, Jae'Sean",Questionable,Injury/Illness - Right Ankle; Surgery,2025-10-24
10/24/2025,08:00 (ET),DET@HOU,Houston Rockets,"VanVleet, Fred",Out,Injury/Illness - Right Knee; ACL Repair,2025-10-24
10/25/2025,08:00 (ET),IND@MEM,Indiana Pacers,,,NOT YET SUBMITTED,2025-10-24
10/24/2025,10:30 (ET),PHX@LAC,LA Clippers,"Miller, Jordan",Out,Injury/Illness - Left Hamstring; Soreness,2025-10-24
10/24/2025,10:30 (ET),PHX@LAC,LA Clippers,"Telfort, Jahmyl",Out,G League - Two-Way,2025-10-24
10/24/2025,10:00 (ET),MIN@LAL,Los Angeles Lakers,"Hayes, Jaxson",Questionable,Injury/Illness - Left Knee; Soreness,2025-10-24
10/24/2025,10:00 (ET),MIN@LAL,Los Angeles Lakers,"James, LeBron",Out,Injury/Illness - Right Sciatica; -,2025-10-24
10/24/2025,10:00 (ET),MIN@LAL,Los Angeles Lakers,"Kleber, Maxi",Out,Injury/Illness - Abdominal Muscle; Strain,2025-10-24
10/24/2025,10:00 (ET),MIN@LAL,Los Angeles Lakers,"Thiero, Adou",Out,Injury/Illness - Left Knee; Surgery Recovery,2025-10-24
10/24/2025,08:00 (ET),MIA@MEM,Memphis Grizzlies,"Caldwell-Pope, Kentavious",Questionable,Injury/Illness - Right Ankle; Soreness,2025-10-24
10/24/2025,08:00 (ET),MIA@MEM,Memphis Grizzlies,"Clarke, Brandon",Out,Injury/Illness - Right Knee; Surgery Recovery,2025-10-24
10/24/2025,08:00 (ET),MIA@MEM,Memphis Grizzlies,"Edey, Zach",Out,Injury/Illness - Left Ankle; Surgery Recovery,2025-10-24
10/24/2025,08:00 (ET),MIA@MEM,Memphis Grizzlies,"Jerome, Ty",Out,Injury/Illness - Right Calf; Strain,2025-10-24
10/24/2025,08:00 (ET),MIA@MEM,Memphis Grizzlies,"Morant, Ja",Questionable,Injury/Illness - Left Ankle; Soreness,2025-10-24
10/24/2025,08:00 (ET),MIA@MEM,Memphis Grizzlies,"Pippen Jr., Scotty",Out,Injury/Illness - Left Great Toe; Surgery Recovery,2025-10-24
10/24/2025,08:00 (ET),MIA@MEM,Memphis Grizzlies,"Williams Jr., Vince",Out,Injury/Illness - Right Heel; Soreness,2025-10-24
10/25/2025,08:00 (ET),IND@MEM,Memphis Grizzlies,,,NOT YET SUBMITTED,2025-10-24
10/24/2025,08:00 (ET),MIA@MEM,Miami Heat,"Herro, Tyler",Out,Injury/Illness - Left Ankle; Surgery,2025-10-24
10/24/2025,08:00 (ET),MIA@MEM,Miami Heat,"Jakucionis, Kasparas",Out,Injury/Illness - Right Groin; Strain,2025-10-24
10/24/2025,08:00 (ET),MIA@MEM,Miami Heat,"Rozier, Terry",Out,Not With Team,2025-10-24
10/24/2025,08:00 (ET),MIA@MEM,Miami Heat,"Ware, Kel'el",Available,Injury/Illness - Left Ankle; Sprain,2025-10-24
10/24/2025,06:30 (ET),MIL@TOR,Milwaukee Bucks,"Antetokounmpo, Giannis",Available,Injury/Illness - Left Great Toe; Sprain,2025-10-24
10/24/2025,06:30 (ET),MIL@TOR,Milwaukee Bucks,"Porter Jr., Kevin",Out,Injury/Illness - Left Ankle; Sprain,2025-10-24
10/24/2025,10:00 (ET),MIN@LAL,Minnesota Timberwolves,"Zikarsky, Rocco",Available,Injury/Illness - Face; Face Mask,2025-10-24
10/24/2025,08:00 (ET),SAS@NOP,New Orleans Pelicans,"Looney, Kevon",Out,Injury/Illness - Left Knee; Sprain,2025-10-24
10/24/2025,08:00 (ET),SAS@NOP,New Orleans Pelicans,"Matkovic, Karlo",Questionable,Injury/Illness - Low Back; Spasms,2025-10-24
10/24/2025,08:00 (ET),SAS@NOP,New Orleans Pelicans,"Missi, Yves",Questionable,Injury/Illness - Right Ankle; Sprain,2025-10-24
10/24/2025,08:00 (ET),SAS@NOP,New Orleans Pelicans,"Murray, Dejounte",Out,Injury/Illness - Right Achilles; Rupture,2025-10-24
10/24/2025,08:00 (ET),SAS@NOP,New Orleans Pelicans,"Springer, Jaden",Out,Not With Team,2025-10-24
10/24/2025,07:30 (ET),BOS@NYK,New York Knicks,"Anunoby, OG",Probable,Injury/Illness - Left Ankle; Sprain,2025-10-24
10/24/2025,07:30 (ET),BOS@NYK,New York Knicks,"Hart, Josh",Questionable,Injury/Illness - Lower Back; Lumbar Spasms,2025-10-24
10/24/2025,07:30 (ET),BOS@NYK,New York Knicks,"Robinson, Mitchell",Out,Injury/Illness - Left Ankle; Left Ankle Injury Management,2025-10-24
10/24/2025,07:30 (ET),BOS@NYK,New York Knicks,"Towns, Karl-Anthony",Questionable,Injury/Illness - Right Quad; Strain,2025-10-24
10/25/2025,07:30 (ET),OKC@ATL,Oklahoma City Thunder,"Caruso, Alex",Out,Injury/Illness - N/a; Concussion Protocol,2025-10-24
10/25/2025,07:30 (ET),OKC@ATL,Oklahoma City Thunder,"Holmgren, Chet",Questionable,Injury/Illness - Low Back; Soreness,2025-10-24
10/25/2025,07:30 (ET),OKC@ATL,Oklahoma City Thunder,"Joe, Isaiah",Out,Injury/Illness - Left Knee; Contusion,2025-10-24
10/25/2025,07:30 (ET),OKC@ATL,Oklahoma City Thunder,"Sorber, Thomas",Out,Injury/Illness - Right ACL; Surgical Recovery,2025-10-24
10/25/2025,07:30 (ET),OKC@ATL,Oklahoma City Thunder,"Topic, Nikola",Out,Injury/Illness - N/a; Surgical Recovery,2025-10-24
10/25/2025,07:30 (ET),OKC@ATL,Oklahoma City Thunder,"Wallace, Cason",Questionable,Injury/Illness - Left Knee; Sprain,2025-10-24
10/25/2025,07:30 (ET),OKC@ATL,Oklahoma City Thunder,"Williams, Jalen",Out,Injury/Illness - Right Wrist; Surgical Recovery,2025-10-24
10/25/2025,07:30 (ET),OKC@ATL,Oklahoma City Thunder,"Williams, Kenrich",Out,Injury/Illness - Left Knee; Surgical Recovery,2025-10-24
10/24/2025,07:00 (ET),ATL@ORL,Orlando Magic,"Wagner, Moritz",Out,Injury/Illness - Left Knee; injury recovery,2025-10-24
10/25/2025,07:00 (ET),CHI@ORL,Orlando Magic,,,NOT YET SUBMITTED,2025-10-24
10/25/2025,07:30 (ET),CHA@PHI,Philadelphia 76ers,"Edwards, Justin",Probable,Injury/Illness - Right Rib; soreness,2025-10-24
10/25/2025,07:30 (ET),CHA@PHI,Philadelphia 76ers,"George, Paul",Out,Injury/Illness - Left Knee; surgery recovery,2025-10-24
10/25/2025,07:30 (ET),CHA@PHI,Philadelphia 76ers,"McCain, Jared",Out,Injury/Illness - Right Thumb; surgery recovery,2025-10-24
10/25/2025,07:30 (ET),CHA@PHI,Philadelphia 76ers,"Watford, Trendon",Out,Injury/Illness - Left Hamstring; tightness,2025-10-24
10/24/2025,10:30 (ET),PHX@LAC,Phoenix Suns,"Green, Jalen",Out,Injury/Illness - Right Hamstring; Strain,2025-10-24
10/25/2025,09:00 (ET),PHX@DEN,Phoenix Suns,,,NOT YET SUBMITTED,2025-10-24
10/24/2025,10:00 (ET),GSW@POR,Portland Trail Blazers,"Henderson, Scoot",Out,Injury/Illness - Left Hamstring; Tear,2025-10-24
10/24/2025,10:00 (ET),GSW@POR,Portland Trail Blazers,"Lillard, Damian",Out,Injury/Illness - Left Achilles Tendon; Injury Recovery,2025-10-24
10/24/2025,10:00 (ET),GSW@POR,Portland Trail Blazers,"Williams III, Robert",Out,Return to Competition Reconditioning,2025-10-24
10/24/2025,10:00 (ET),UTA@SAC,Sacramento Kings,"Clifford, Nique",Out,Injury/Illness - Right Hamstring; Strain,2025-10-24
10/24/2025,10:00 (ET),UTA@SAC,Sacramento Kings,"Murray, Keegan",Out,Injury/Illness - Left Thumb; UCL Injury Recovery,2025-10-24
10/24/2025,10:00 (ET),UTA@SAC,Sacramento Kings,"Sabonis, Domantas",Available,-,2025-10-24
10/24/2025,08:00 (ET),SAS@NOP,San Antonio Spurs,"Fox, De'Aaron",Out,Injury/Illness - Right Hamstring; Strain,2025-10-24
10/24/2025,08:00 (ET),SAS@NOP,San Antonio Spurs,"Olynyk, Kelly",Out,Injury/Illness - Left Heel; Surgery,2025-10-24
10/24/2025,08:00 (ET),SAS@NOP,San Antonio Spurs,"Sochan, Jeremy",Out,Injury/Illness - Left Wrist; Sprain,2025-10-24
10/24/2025,08:00 (ET),SAS@NOP,San Antonio Spurs,"Waters III, Lindy",Out,Injury/Illness - Bilateral Eye; Procedure,2025-10-24
10/24/2025,06:30 (ET),MIL@TOR,Toronto Raptors,"Murray-Boyles, Collin",Out,Injury/Illness - Right Forearm; Muscle Strain,2025-10-24
10/24/2025,06:30 (ET),MIL@TOR,Toronto Raptors,"Walter, Ja'Kobe",Available,Injury/Illness - Illness; Illness,2025-10-24
10/24/2025,10:00 (ET),UTA@SAC,Utah Jazz,"Collier, Isaiah",Out,Injury/Illness - Right Hamstring; Strain,2025-10-24
10/24/2025,10:00 (ET),UTA@SAC,Utah Jazz,"Niang, Georges",Out,Injury/Illness - Left Foot; Fourth Metatarsal Stress Reaction,2025-10-24
10/24/2025,08:30 (ET),WAS@DAL,Washington Wizards,"Coulibaly, Bilal",Out,Injury/Illness - Right Hand; Surgery,2025-10-24
10/25/2025,07:30 (ET),OKC@ATL,Atlanta Hawks,"Johnson, Jalen",Out,Injury/Illness - Right Ankle; Sprain,2025-10-25
10/25/2025,07:30 (ET),OKC@ATL,Atlanta Hawks,"Porzingis, Kristaps",Out,Injury/Illness - Flu-like; Symptoms,2025-10-25
10/25/2025,07:30 (ET),OKC@ATL,Atlanta Hawks,"Risacher, Zaccharie",Out,Injury/Illness - Right Ankle; Sprain,2025-10-25
10/26/2025,03:30 (ET),BOS@DET,Boston Celtics,"Brown, Jaylen",Questionable,Injury/Illness - Left Hamstring; Strain Injury Management,2025-10-25
10/26/2025,03:30 (ET),BOS@DET,Boston Celtics,"Garza, Luka",Questionable,Injury/Illness - Concussion; Concussion Protocol,2025-10-25
10/26/2025,03:30 (ET),BOS@DET,Boston Celtics,"Shulga, Max",Out,G League - Two-Way,2025-10-25
10/26/2025,03:30 (ET),BOS@DET,Boston Celtics,"Tatum, Jayson",Out,Injury/Illness - Right Achilles; Repair,2025-10-25
10/26/2025,03:30 (ET),BOS@DET,Boston Celtics,"White, Derrick",Probable,Injury/Illness - Right Wrist; Sprain,2025-10-25
10/26/2025,02:00 (ET),BKN@SAS,Brooklyn Nets,,,NOT YET SUBMITTED,2025-10-25
10/25/2025,07:30 (ET),CHA@PHI,Charlotte Hornets,"Green, Josh",Out,Injury/Illness - Left Shoulder; Surgery,2025-10-25
10/25/2025,07:30 (ET),CHA@PHI,Charlotte Hornets,"Williams, Grant",Out,Injury/Illness - Right Knee; Surgery,2025-10-25
10/26/2025,06:00 (ET),CHA@WAS,Charlotte Hornets,,,NOT YET SUBMITTED,2025-10-25
10/25/2025,07:00 (ET),CHI@ORL,Chicago Bulls,"Collins, Zach",Out,Injury/Illness - Left Scaphoid; Fracture,2025-10-25
10/25/2025,07:00 (ET),CHI@ORL,Chicago Bulls,"Flowers, Trentyn",Out,G League - Two-Way,2025-10-25
10/25/2025,07:00 (ET),CHI@ORL,Chicago Bulls,"Miller, Emanuel",Out,G League - Two-Way,2025-10-25
10/25/2025,07:00 (ET),CHI@ORL,Chicago Bulls,"Olbrich, Lachlan",Out,G League - Two-Way,2025-10-25
10/25/2025,07:00 (ET),CHI@ORL,Chicago Bulls,"White, Coby",Out,Injury/Illness - Right Calf; Strain,2025-10-25
10/26/2025,06:00 (ET),MIL@CLE,Cleveland Cavaliers,"Garland, Darius",Out,Injury/Illness - Left Great Toe; Surgical Recovery,2025-10-25
10/26/2025,06:00 (ET),MIL@CLE,Cleveland Cavaliers,"Hunter, De'Andre",Questionable,Injury/Illness - Right Knee; Contusion,2025-10-25
10/26/2025,06:00 (ET),MIL@CLE,Cleveland Cavaliers,"Strus, Max",Out,Injury/Illness - Left Foot; Surgery - Jones Fracture,2025-10-25
10/26/2025,07:30 (ET),TOR@DAL,Dallas Mavericks,"Exum, Dante",Out,Injury/Illness - Right Knee; Injury Management,2025-10-25
10/26/2025,07:30 (ET),TOR@DAL,Dallas Mavericks,"Gafford, Daniel",Doubtful,Injury/Illness - Right Ankle; Sprain,2025-10-25
10/26/2025,07:30 (ET),TOR@DAL,Dallas Mavericks,"Irving, Kyrie",Out,Injury/Illness - Left Knee; Surgery,2025-10-25
10/26/2025,07:30 (ET),TOR@DAL,Dallas Mavericks,"Williams, Brandon",Out,Personal Reasons,2025-10-25
10/26/2025,03:30 (ET),BOS@DET,Detroit Pistons,"Ivey, Jaden",Out,Injury/Illness - Right Knee; Arthroscopy,2025-10-25
10/26/2025,03:30 (ET),BOS@DET,Detroit Pistons,"LeVert, Caris",Doubtful,Injury/Illness - Left Hamstring; Tightness,2025-10-25
10/26/2025,03:30 (ET),BOS@DET,Detroit Pistons,"Sasser, Marcus",Doubtful,Injury/Illness - Right Hip; Impingement,2025-10-25
10/25/2025,08:00 (ET),IND@MEM,Indiana Pacers,"Furphy, Johnny",Questionable,Injury/Illness - Left Foot; Sore,2025-10-25
10/25/2025,08:00 (ET),IND@MEM,Indiana Pacers,"Haliburton, Tyrese",Out,Injury/Illness - Right Achilles Tendon; Torn,2025-10-25
10/25/2025,08:00 (ET),IND@MEM,Indiana Pacers,"Jackson, Quenton",Out,Injury/Illness - Right Hamstring; Strain,2025-10-25
10/25/2025,08:00 (ET),IND@MEM,Indiana Pacers,"Jones, Kam",Out,Injury/Illness - Lower Back; Stress Reaction,2025-10-25
10/25/2025,08:00 (ET),IND@MEM,Indiana Pacers,"McConnell, T.J.",Out,Injury/Illness - Left Hamstring; Strain,2025-10-25
10/25/2025,08:00 (ET),IND@MEM,Indiana Pacers,"Nembhard, Andrew",Out,Injury/Illness - Left Shoulder; Strain,2025-10-25
10/26/2025,07:00 (ET),IND@MIN,Indiana Pacers,,,NOT YET SUBMITTED,2025-10-25
10/26/2025,09:00 (ET),POR@LAC,LA Clippers,,,NOT YET SUBMITTED,2025-10-25
10/26/2025,09:00 (ET),LAL@SAC,Los Angeles Lakers,,,NOT YET SUBMITTED,2025-10-25
10/25/2025,08:00 (ET),IND@MEM,Memphis Grizzlies,"Aldama, Santi",Questionable,Injury/Illness - Right Knee; Soreness,2025-10-25
10/25/2025,08:00 (ET),IND@MEM,Memphis Grizzlies,"Clarke, Brandon",Out,Injury/Illness - Right Knee; Surgery Recovery,2025-10-25
10/25/2025,08:00 (ET),IND@MEM,Memphis Grizzlies,"Edey, Zach",Out,Injury/Illness - Left Ankle; Surgery Recovery,2025-10-25
10/25/2025,08:00 (ET),IND@MEM,Memphis Grizzlies,"Jerome, Ty",Out,Injury/Illness - Right Calf; Strain,2025-10-25
10/25/2025,08:00 (ET),IND@MEM,Memphis Grizzlies,"Pippen Jr., Scotty",Out,Injury/Illness - Left Great Toe; Surgery Recovery,2025-10-25
10/25/2025,08:00 (ET),IND@MEM,Memphis Grizzlies,"Williams Jr., Vince",Out,Injury/Illness - Right Ankle; Effusion,2025-10-25
10/26/2025,06:00 (ET),NYK@MIA,Miami Heat,"Herro, Tyler",Out,Injury/Illness - Left Ankle; Surgery,2025-10-25
10/26/2025,06:00 (ET),NYK@MIA,Miami Heat,"Jakucionis, Kasparas",Out,Injury/Illness - Right Groin; Strain,2025-10-25
10/26/2025,06:00 (ET),NYK@MIA,Miami Heat,"Rozier, Terry",Out,Not With Team,2025-10-25
10/26/2025,06:00 (ET),NYK@MIA,Miami Heat,"Ware, Kel'el",Available,Injury/Illness - Left Ankle; Sprain,2025-10-25
10/26/2025,06:00 (ET),MIL@CLE,Milwaukee Bucks,"Antetokounmpo, Giannis",Probable,Injury/Illness - Left Great Toe; Sprain,2025-10-25
10/26/2025,06:00 (ET),MIL@CLE,Milwaukee Bucks,"Kuzma, Kyle",Questionable,Injury/Illness - Left Ankle; Sprain,2025-10-25
10/26/2025,06:00 (ET),MIL@CLE,Milwaukee Bucks,"Porter Jr., Kevin",Out,Injury/Illness - Left Ankle; Sprain,2025-10-25
10/26/2025,07:00 (ET),IND@MIN,Minnesota Timberwolves,,,NOT YET SUBMITTED,2025-10-25
10/26/2025,06:00 (ET),NYK@MIA,New York Knicks,"Hart, Josh",Probable,Injury/Illness - Lower Back; Lumbar spasms,2025-10-25
10/26/2025,06:00 (ET),NYK@MIA,New York Knicks,"McBride, Miles",Questionable,Personal Reasons,2025-10-25
10/26/2025,06:00 (ET),NYK@MIA,New York Knicks,"Robinson, Mitchell",Out,Injury/Illness - Left Ankle; Left Ankle Injury Management,2025-10-25
10/26/2025,06:00 (ET),NYK@MIA,New York Knicks,"Towns, Karl-Anthony",Questionable,Injury/Illness - Right Quad; Strain,2025-10-25
10/25/2025,07:30 (ET),OKC@ATL,Oklahoma City Thunder,"Caruso, Alex",Out,Injury/Illness - N/a; Concussion Protocol,2025-10-25
10/25/2025,07:30 (ET),OKC@ATL,Oklahoma City Thunder,"Holmgren, Chet",Available,-,2025-10-25
10/25/2025,07:30 (ET),OKC@ATL,Oklahoma City Thunder,"Joe, Isaiah",Out,Injury/Illness - Left Knee; Contusion,2025-10-25
10/25/2025,07:30 (ET),OKC@ATL,Oklahoma City Thunder,"Sorber, Thomas",Out,Injury/Illness - Right ACL; Surgical Recovery,2025-10-25
10/25/2025,07:30 (ET),OKC@ATL,Oklahoma City Thunder,"Topic, Nikola",Out,Injury/Illness - N/a; Surgical Recovery,2025-10-25
10/25/2025,07:30 (ET),OKC@ATL,Oklahoma City Thunder,"Wallace, Cason",Available,-,2025-10-25
10/25/2025,07:30 (ET),OKC@ATL,Oklahoma City Thunder,"Williams, Jalen",Out,Injury/Illness - Right Wrist; Surgical Recovery,2025-10-25
10/25/2025,07:30 (ET),OKC@ATL,Oklahoma City Thunder,"Williams, Kenrich",Out,Injury/Illness - Left Knee; Surgical Recovery,2025-10-25
10/25/2025,07:00 (ET),CHI@ORL,Orlando Magic,"Suggs, Jalen",Out,Injury/Illness - Left Knee; Injury management,2025-10-25
10/25/2025,07:00 (ET),CHI@ORL,Orlando Magic,"Wagner, Moritz",Out,Injury/Illness - Left Knee; Injury recovery,2025-10-25
10/25/2025,07:30 (ET),CHA@PHI,Philadelphia 76ers,"Edwards, Justin",Available,Injury/Illness - Right Rib; soreness,2025-10-25
10/25/2025,07:30 (ET),CHA@PHI,Philadelphia 76ers,"George, Paul",Out,Injury/Illness - Left Knee; surgery recovery,2025-10-25
10/25/2025,07:30 (ET),CHA@PHI,Philadelphia 76ers,"McCain, Jared",Out,Injury/Illness - Right Thumb; surgery recovery,2025-10-25
10/25/2025,07:30 (ET),CHA@PHI,Philadelphia 76ers,"Watford, Trendon",Out,Injury/Illness - Left Hamstring; tightness,2025-10-25
10/25/2025,09:00 (ET),PHX@DEN,Phoenix Suns,"Green, Jalen",Out,Injury/Illness - Right Hamstring; Strain,2025-10-25
10/25/2025,09:00 (ET),PHX@DEN,Phoenix Suns,"Williams, Mark",Out,Injury/Illness - Right Knee; Injury management,2025-10-25
10/26/2025,09:00 (ET),POR@LAC,Portland Trail Blazers,,,NOT YET SUBMITTED,2025-10-25
10/26/2025,09:00 (ET),LAL@SAC,Sacramento Kings,,,NOT YET SUBMITTED,2025-10-25
10/26/2025,02:00 (ET),BKN@SAS,San Antonio Spurs,,,NOT YET SUBMITTED,2025-10-25
10/26/2025,07:30 (ET),TOR@DAL,Toronto Raptors,"Murray-Boyles, Collin",Questionable,Injury/Illness - Right Forearm; Muscle Strain,2025-10-25
10/26/2025,06:00 (ET),CHA@WAS,Washington Wizards,"Coulibaly, Bilal",Out,Injury/Illness - Right Hand; Surgery,2025-10-25
10/27/2025,08:00 (ET),ATL@CHI,Atlanta Hawks,,,NOT YET SUBMITTED,2025-10-26
10/26/2025,03:30 (ET),BOS@DET,Boston Celtics,"Brown, Jaylen",Available,Injury/Illness - Left Hamstring; Strain Injury Management,2025-10-26
10/26/2025,03:30 (ET),BOS@DET,Boston Celtics,"Garza, Luka",Available,Injury/Illness - Concussion; Concussion Protocol,2025-10-26
10/26/2025,03:30 (ET),BOS@DET,Boston Celtics,"Shulga, Max",Out,G League - Two-Way,2025-10-26
10/26/2025,03:30 (ET),BOS@DET,Boston Celtics,"Tatum, Jayson",Out,Injury/Illness - Right Achilles; Repair,2025-10-26
10/26/2025,03:30 (ET),BOS@DET,Boston Celtics,"White, Derrick",Available,Injury/Illness - Right Wrist; Sprain,2025-10-26
10/27/2025,08:00 (ET),BOS@NOP,Boston Celtics,,,NOT YET SUBMITTED,2025-10-26
10/26/2025,02:00 (ET),BKN@SAS,Brooklyn Nets,"Highsmith, Haywood",Out,"Injury/Illness - Right Knee; Surgery, Injury Recovery",2025-10-26
10/26/2025,02:00 (ET),BKN@SAS,Brooklyn Nets,"Powell, Drake",Out,Injury/Illness - Right Ankle; Sprain,2025-10-26
10/26/2025,02:00 (ET),BKN@SAS,Brooklyn Nets,"Thomas, Cam",Available,Injury/Illness - Nasal; Fracture,2025-10-26
10/26/2025,02:00 (ET),BKN@SAS,Brooklyn Nets,"Wolf, Danny",Out,Injury/Illness - Left Ankle; Sprain,2025-10-26
10/27/2025,08:00 (ET),BKN@HOU,Brooklyn Nets,,,NOT YET SUBMITTED,2025-10-26
10/26/2025,06:00 (ET),CHA@WAS,Charlotte Hornets,"Green, Josh",Out,Injury/Illness - Left Shoulder; Surgery,2025-10-26
10/26/2025,06:00 (ET),CHA@WAS,Charlotte Hornets,"Miller, Brandon",Out,Injury/Illness - Left Shoulder; Soreness,2025-10-26
10/26/2025,06:00 (ET),CHA@WAS,Charlotte Hornets,"Peterson, Drew",Out,G League - Two-Way,2025-10-26
10/26/2025,06:00 (ET),CHA@WAS,Charlotte Hornets,"Reeves, Antonio",Out,G League - Two-Way,2025-10-26
10/26/2025,06:00 (ET),CHA@WAS,Charlotte Hornets,"Simpson, KJ",Out,G League - Two-Way,2025-10-26
10/26/2025,06:00 (ET),CHA@WAS,Charlotte Hornets,"Williams, Grant",Out,Injury/Illness - Right Knee; Surgery,2025-10-26
10/27/2025,08:00 (ET),ATL@CHI,Chicago Bulls,"Collins, Zach",Out,Injury/Illness - Left Scaphoid; Fracture,2025-10-26
10/27/2025,08:00 (ET),ATL@CHI,Chicago Bulls,"Flowers, Trentyn",Out,G League - Two-Way,2025-10-26
10/27/2025,08:00 (ET),ATL@CHI,Chicago Bulls,"Giddey, Josh",Questionable,Injury/Illness - Right Finger; 4th MCP Sprain,2025-10-26
10/27/2025,08:00 (ET),ATL@CHI,Chicago Bulls,"Miller, Emanuel",Out,G League - Two-Way,2025-10-26
10/27/2025,08:00 (ET),ATL@CHI,Chicago Bulls,"Olbrich, Lachlan",Out,G League - Two-Way,2025-10-26
10/27/2025,08:00 (ET),ATL@CHI,Chicago Bulls,"White, Coby",Out,Injury/Illness - Right Calf; Strain,2025-10-26
10/26/2025,06:00 (ET),MIL@CLE,Cleveland Cavaliers,"Garland, Darius",Out,Injury/Illness - Left Great Toe; Surgical Recovery,2025-10-26
10/26/2025,06:00 (ET),MIL@CLE,Cleveland Cavaliers,"Hunter, De'Andre",Available,Injury/Illness - Right Knee; Contusion,2025-10-26
10/26/2025,06:00 (ET),MIL@CLE,Cleveland Cavaliers,"Strus, Max",Out,Injury/Illness - Left Foot; Surgery - Jones Fracture,2025-10-26
10/26/2025,06:00 (ET),MIL@CLE,Cleveland Cavaliers,"Tomlin, Nae'Qwan",Out,G League - Two-Way,2025-10-26
10/27/2025,07:00 (ET),CLE@DET,Cleveland Cavaliers,,,NOT YET SUBMITTED,2025-10-26
10/26/2025,07:30 (ET),TOR@DAL,Dallas Mavericks,"Exum, Dante",Out,Injury/Illness - Right Knee; Injury Management,2025-10-26
10/26/2025,07:30 (ET),TOR@DAL,Dallas Mavericks,"Gafford, Daniel",Out,Injury/Illness - Right Ankle; Sprain,2025-10-26
10/26/2025,07:30 (ET),TOR@DAL,Dallas Mavericks,"Irving, Kyrie",Out,Injury/Illness - Left Knee; Surgery,2025-10-26
10/26/2025,07:30 (ET),TOR@DAL,Dallas Mavericks,"Williams, Brandon",Out,Personal Reasons,2025-10-26
10/27/2025,08:30 (ET),OKC@DAL,Dallas Mavericks,,,NOT YET SUBMITTED,2025-10-26
10/27/2025,09:30 (ET),DEN@MIN,Denver Nuggets,,,NOT YET SUBMITTED,2025-10-26
10/26/2025,03:30 (ET),BOS@DET,Detroit Pistons,"Ivey, Jaden",Out,Injury/Illness - Right Knee; Arthroscopy,2025-10-26
10/26/2025,03:30 (ET),BOS@DET,Detroit Pistons,"LeVert, Caris",Out,Injury/Illness - Left Hamstring; Tightness,2025-10-26
10/26/2025,03:30 (ET),BOS@DET,Detroit Pistons,"Sasser, Marcus",Out,Injury/Illness - Right Hip; Impingement,2025-10-26
10/27/2025,07:00 (ET),CLE@DET,Detroit Pistons,,,NOT YET SUBMITTED,2025-10-26
10/27/2025,10:00 (ET),MEM@GSW,Golden State Warriors,"Horford, Al",Out,Injury/Illness - Left Toe; Injury Management,2025-10-26
10/27/2025,10:00 (ET),MEM@GSW,Golden State Warriors,"Melton, De'Anthony",Out,Injury/Illness - Left ACL; Surgery,2025-10-26
10/27/2025,10:00 (ET),MEM@GSW,Golden State Warriors,"Toohey, Alex",Out,Injury/Illness - Left Knee; Injury Recovery,2025-10-26
10/27/2025,08:00 (ET),BKN@HOU,Houston Rockets,"Finney-Smith, Dorian",Out,Injury/Illness - Left Ankle; Surgery,2025-10-26
10/27/2025,08:00 (ET),BKN@HOU,Houston Rockets,"VanVleet, Fred",Out,Injury/Illness - Right Knee; ACL Repair,2025-10-26
10/26/2025,07:00 (ET),IND@MIN,Indiana Pacers,"Furphy, Johnny",Out,Injury/Illness - Left Foot; Sore,2025-10-26
10/26/2025,07:00 (ET),IND@MIN,Indiana Pacers,"Haliburton, Tyrese",Out,Injury/Illness - Right Achilles Tendon; Torn,2025-10-26
10/26/2025,07:00 (ET),IND@MIN,Indiana Pacers,"Jackson, Quenton",Probable,Injury/Illness - Right Hamstring; Strain,2025-10-26
10/26/2025,07:00 (ET),IND@MIN,Indiana Pacers,"Jones, Kam",Out,Injury/Illness - Lower Back; Stress Reaction,2025-10-26
10/26/2025,07:00 (ET),IND@MIN,Indiana Pacers,"Mathurin, Bennedict",Out,Injury/Illness - Right Great Toe; Sprain,2025-10-26
10/26/2025,07:00 (ET),IND@MIN,Indiana Pacers,"McConnell, T.J.",Out,Injury/Illness - Left Hamstring; Strain,2025-10-26
10/26/2025,07:00 (ET),IND@MIN,Indiana Pacers,"Nembhard, Andrew",Out,Injury/Illness - Left Shoulder; Strain,2025-10-26
10/26/2025,07:00 (ET),IND@MIN,Indiana Pacers,"Peter, Taelon",Out,Injury/Illness - Right Groin; Strain,2025-10-26
10/26/2025,09:00 (ET),POR@LAC,LA Clippers,"Beal, Bradley",Questionable,Injury/Illness - Back; Soreness,2025-10-26
10/26/2025,09:00 (ET),POR@LAC,LA Clippers,"Miller, Jordan",Out,Injury/Illness - Left Hamstring; Strain,2025-10-26
10/26/2025,09:00 (ET),POR@LAC,LA Clippers,"Telfort, Jahmyl",Out,G League - Two-Way,2025-10-26
10/26/2025,09:00 (ET),LAL@SAC,Los Angeles Lakers,"Doncic, Luka",Out,Injury/Illness - Left Finger; Sprain; Lower Left Leg Contusion,2025-10-26
10/26/2025,09:00 (ET),LAL@SAC,Los Angeles Lakers,"Hayes, Jaxson",Out,Injury/Illness - Left Knee; Soreness,2025-10-26
10/26/2025,09:00 (ET),LAL@SAC,Los Angeles Lakers,"James, LeBron",Out,Injury/Illness - Right Sciatica; -,2025-10-26
10/26/2025,09:00 (ET),LAL@SAC,Los Angeles Lakers,"Kleber, Maxi",Out,Injury/Illness - Abdominal Muscle; Strain,2025-10-26
10/26/2025,09:00 (ET),LAL@SAC,Los Angeles Lakers,"Thiero, Adou",Out,Injury/Illness - Left Knee; Surgery Recovery,2025-10-26
10/27/2025,10:30 (ET),POR@LAL,Los Angeles Lakers,,,NOT YET SUBMITTED,2025-10-26
10/27/2025,10:00 (ET),MEM@GSW,Memphis Grizzlies,,,NOT YET SUBMITTED,2025-10-26
10/26/2025,06:00 (ET),NYK@MIA,Miami Heat,"Herro, Tyler",Out,Injury/Illness - Left Ankle; Surgery,2025-10-26
10/26/2025,06:00 (ET),NYK@MIA,Miami Heat,"Jakucionis, Kasparas",Out,Injury/Illness - Right Groin; Strain,2025-10-26
10/26/2025,06:00 (ET),NYK@MIA,Miami Heat,"Rozier, Terry",Out,Not With Team,2025-10-26
10/26/2025,06:00 (ET),NYK@MIA,Miami Heat,"Ware, Kel'el",Available,Injury/Illness - Left Ankle; Sprain,2025-10-26
10/26/2025,06:00 (ET),MIL@CLE,Milwaukee Bucks,"Antetokounmpo, Giannis",Available,Injury/Illness - Left Great Toe; Sprain,2025-10-26
10/26/2025,06:00 (ET),MIL@CLE,Milwaukee Bucks,"Anthony, Cole",Out,Injury/Illness - Non-covid; Illness,2025-10-26
10/26/2025,06:00 (ET),MIL@CLE,Milwaukee Bucks,"Kuzma, Kyle",Out,Injury/Illness - Left Ankle; Sprain,2025-10-26
10/26/2025,06:00 (ET),MIL@CLE,Milwaukee Bucks,"Porter Jr., Kevin",Out,Injury/Illness - Left Ankle; Sprain,2025-10-26
10/26/2025,07:00 (ET),IND@MIN,Minnesota Timberwolves,"Dillingham, Rob",Questionable,Injury/Illness - Nasal; Fracture,2025-10-26
10/26/2025,07:00 (ET),IND@MIN,Minnesota Timberwolves,"Zikarsky, Rocco",Available,Injury/Illness - Face; Face Mask,2025-10-26
10/27/2025,09:30 (ET),DEN@MIN,Minnesota Timberwolves,,,NOT YET SUBMITTED,2025-10-26
10/27/2025,08:00 (ET),BOS@NOP,New Orleans Pelicans,"Looney, Kevon",Out,Injury/Illness - Left Knee; Sprain,2025-10-26
10/27/2025,08:00 (ET),BOS@NOP,New Orleans Pelicans,"Matkovic, Karlo",Questionable,Injury/Illness - Low Back; Spasms,2025-10-26
10/27/2025,08:00 (ET),BOS@NOP,New Orleans Pelicans,"Missi, Yves",Questionable,Injury/Illness - Right Ankle; Sprain,2025-10-26
10/27/2025,08:00 (ET),BOS@NOP,New Orleans Pelicans,"Murray, Dejounte",Out,Injury/Illness - Right Achilles; Rupture,2025-10-26
10/26/2025,06:00 (ET),NYK@MIA,New York Knicks,"Hart, Josh",Probable,Injury/Illness - Lower Back; Lumbar spasms,2025-10-26
10/26/2025,06:00 (ET),NYK@MIA,New York Knicks,"McBride, Miles",Questionable,Personal Reasons,2025-10-26
10/26/2025,06:00 (ET),NYK@MIA,New York Knicks,"Robinson, Mitchell",Out,Injury/Illness - Left Ankle; Left Ankle Injury Management,2025-10-26
10/26/2025,06:00 (ET),NYK@MIA,New York Knicks,"Towns, Karl-Anthony",Questionable,Injury/Illness - Right Quad; Strain,2025-10-26
10/27/2025,08:30 (ET),OKC@DAL,Oklahoma City Thunder,,,NOT YET SUBMITTED,2025-10-26
10/27/2025,07:00 (ET),ORL@PHI,Orlando Magic,"Cain, Jamal",Out,Not With Team,2025-10-26
10/27/2025,07:00 (ET),ORL@PHI,Orlando Magic,"Castleton, Colin",Out,Not With Team,2025-10-26
10/27/2025,07:00 (ET),ORL@PHI,Orlando Magic,"Wagner, Moritz",Out,Injury/Illness - Left Knee; Injury recovery,2025-10-26
10/27/2025,07:00 (ET),ORL@PHI,Philadelphia 76ers,"Barlow, Dominick",Out,Injury/Illness - Right Elbow; Laceration,2025-10-26
10/27/2025,07:00 (ET),ORL@PHI,Philadelphia 76ers,"Embiid, Joel",Out,Injury/Illness - Left Knee; Injury Management,2025-10-26
10/27/2025,07:00 (ET),ORL@PHI,Philadelphia 76ers,"George, Paul",Out,Injury/Illness - Left Knee; Surgery Recovery,2025-10-26
10/27/2025,07:00 (ET),ORL@PHI,Philadelphia 76ers,"McCain, Jared",Out,Injury/Illness - Right Thumb; Surgery Recovery,2025-10-26
10/27/2025,07:00 (ET),ORL@PHI,Philadelphia 76ers,"Watford, Trendon",Out,Injury/Illness - Left Hamstring; Tightness,2025-10-26
10/27/2025,09:00 (ET),PHX@UTA,Phoenix Suns,,,NOT YET SUBMITTED,2025-10-26
10/26/2025,09:00 (ET),POR@LAC,Portland Trail Blazers,"Henderson, Scoot",Out,Injury/Illness - Left Hamstring; Tear,2025-10-26
10/26/2025,09:00 (ET),POR@LAC,Portland Trail Blazers,"Lillard, Damian",Out,Injury/Illness - Left Achilles Tendon; Injury Recovery,2025-10-26
10/26/2025,09:00 (ET),POR@LAC,Portland Trail Blazers,"Williams III, Robert",Out,Return to Competition Reconditioning,2025-10-26
10/27/2025,10:30 (ET),POR@LAL,Portland Trail Blazers,,,NOT YET SUBMITTED,2025-10-26
10/26/2025,09:00 (ET),LAL@SAC,Sacramento Kings,"Clifford, Nique",Out,Injury/Illness - Right Hamstring; Strain,2025-10-26
10/26/2025,09:00 (ET),LAL@SAC,Sacramento Kings,"LaVine, Zach",Questionable,Injury/Illness - N/a; Illness,2025-10-26
10/26/2025,09:00 (ET),LAL@SAC,Sacramento Kings,"Murray, Keegan",Out,Injury/Illness - Left Thumb; UCL Injury Recovery,2025-10-26
10/26/2025,02:00 (ET),BKN@SAS,San Antonio Spurs,"Fox, De'Aaron",Out,Injury/Illness - Right Hamstring; Strain,2025-10-26
10/26/2025,02:00 (ET),BKN@SAS,San Antonio Spurs,"Kornet, Luke",Out,Injury/Illness - Left Ankle; Sprain,2025-10-26
10/26/2025,02:00 (ET),BKN@SAS,San Antonio Spurs,"Olynyk, Kelly",Out,Injury/Illness - Left Heel; Surgery,2025-10-26
10/26/2025,02:00 (ET),BKN@SAS,San Antonio Spurs,"Sochan, Jeremy",Out,Injury/Illness - Left Wrist; Sprain,2025-10-26
10/26/2025,02:00 (ET),BKN@SAS,San Antonio Spurs,"Waters III, Lindy",Out,Injury/Illness - Bilateral Eye; Procedure,2025-10-26
10/27/2025,08:00 (ET),TOR@SAS,San Antonio Spurs,,,NOT YET SUBMITTED,2025-10-26
10/26/2025,07:30 (ET),TOR@DAL,Toronto Raptors,"Hepburn, Chucky",Out,G League - Two-Way,2025-10-26
10/26/2025,07:30 (ET),TOR@DAL,Toronto Raptors,"Lawson, A.J.",Out,G League - Two-Way,2025-10-26
10/26/2025,07:30 (ET),TOR@DAL,Toronto Raptors,"Martin, Alijah",Out,G League - Two-Way,2025-10-26
10/26/2025,07:30 (ET),TOR@DAL,Toronto Raptors,"Murray-Boyles, Collin",Questionable,Injury/Illness - Right Forearm; Muscle Strain,2025-10-26
10/27/2025,08:00 (ET),TOR@SAS,Toronto Raptors,,,NOT YET SUBMITTED,2025-10-26
10/27/2025,09:00 (ET),PHX@UTA,Utah Jazz,,,NOT YET SUBMITTED,2025-10-26
10/26/2025,06:00 (ET),CHA@WAS,Washington Wizards,"Branham, Malaki",Out,Coach's Decision,2025-10-26
10/26/2025,06:00 (ET),CHA@WAS,Washington Wizards,"Coulibaly, Bilal",Out,Injury/Illness - Right Hand; Surgery,2025-10-26
10/26/2025,06:00 (ET),CHA@WAS,Washington Wizards,"Watkins, Jamir",Out,G League - Two-Way,2025-10-26
10/27/2025,08:00 (ET),ATL@CHI,Atlanta Hawks,"Djurisic, Nikola",Out,G League - On Assignment,2025-10-27
10/27/2025,08:00 (ET),ATL@CHI,Atlanta Hawks,"Johnson, Jalen",Questionable,Injury/Illness - Right Ankle; Sprain,2025-10-27
10/27/2025,08:00 (ET),ATL@CHI,Atlanta Hawks,"Ndiaye, Eli John",Out,G League - Two-Way,2025-10-27
10/27/2025,08:00 (ET),ATL@CHI,Atlanta Hawks,"Porzingis, Kristaps",Questionable,Injury/Illness - Flu-like; Symptoms,2025-10-27
10/27/2025,08:00 (ET),ATL@CHI,Atlanta Hawks,"Risacher, Zaccharie",Questionable,Injury/Illness - Right Ankle; Sprain,2025-10-27
10/27/2025,08:00 (ET),BOS@NOP,Boston Celtics,"Brown, Jaylen",Questionable,Injury/Illness - Left Hamstring; Strain Management,2025-10-27
10/27/2025,08:00 (ET),BOS@NOP,Boston Celtics,"Shulga, Max",Out,G League - Two-Way,2025-10-27
10/27/2025,08:00 (ET),BOS@NOP,Boston Celtics,"Tatum, Jayson",Out,Injury/Illness - Right Achilles; Repair,2025-10-27
10/27/2025,08:00 (ET),BKN@HOU,Brooklyn Nets,"Demin, Egor",Out,"Injury/Illness - Left Plantar Fascia; Tear, Injury Management",2025-10-27
10/27/2025,08:00 (ET),BKN@HOU,Brooklyn Nets,"Highsmith, Haywood",Out,"Injury/Illness - Right Knee; Surgery, Injury Recovery",2025-10-27
10/27/2025,08:00 (ET),BKN@HOU,Brooklyn Nets,"Powell, Drake",Out,G League - On Assignment,2025-10-27
10/27/2025,08:00 (ET),BKN@HOU,Brooklyn Nets,"Williams, Ziaire",Out,Injury/Illness - Lower Back/Glute; Contusion,2025-10-27
10/27/2025,08:00 (ET),BKN@HOU,Brooklyn Nets,"Wolf, Danny",Out,G League - On Assignment,2025-10-27
10/28/2025,07:30 (ET),CHA@MIA,Charlotte Hornets,"Green, Josh",Out,Injury/Illness - Left Shoulder; Surgery,2025-10-27
10/28/2025,07:30 (ET),CHA@MIA,Charlotte Hornets,"Mann, Tre",Questionable,Injury/Illness - Jaw; Contusion,2025-10-27
10/28/2025,07:30 (ET),CHA@MIA,Charlotte Hornets,"Miller, Brandon",Out,Injury/Illness - Left Shoulder; Subluxation,2025-10-27
10/28/2025,07:30 (ET),CHA@MIA,Charlotte Hornets,"Peterson, Drew",Out,G League - Two-Way,2025-10-27
10/28/2025,07:30 (ET),CHA@MIA,Charlotte Hornets,"Reeves, Antonio",Out,G League - Two-Way,2025-10-27
10/28/2025,07:30 (ET),CHA@MIA,Charlotte Hornets,"Simpson, KJ",Out,G League - Two-Way,2025-10-27
10/28/2025,07:30 (ET),CHA@MIA,Charlotte Hornets,"Williams, Grant",Out,Injury/Illness - Right Knee; Surgery,2025-10-27
10/27/2025,08:00 (ET),ATL@CHI,Chicago Bulls,"Collins, Zach",Out,Injury/Illness - Left Scaphoid; Fracture,2025-10-27
10/27/2025,08:00 (ET),ATL@CHI,Chicago Bulls,"Flowers, Trentyn",Out,G League - Two-Way,2025-10-27
10/27/2025,08:00 (ET),ATL@CHI,Chicago Bulls,"Giddey, Josh",Questionable,Injury/Illness - Right Finger; 4th MCP Sprain,2025-10-27
10/27/2025,08:00 (ET),ATL@CHI,Chicago Bulls,"Miller, Emanuel",Out,G League - Two-Way,2025-10-27
10/27/2025,08:00 (ET),ATL@CHI,Chicago Bulls,"Olbrich, Lachlan",Out,G League - Two-Way,2025-10-27
10/27/2025,08:00 (ET),ATL@CHI,Chicago Bulls,"White, Coby",Out,Injury/Illness - Right Calf; Strain,2025-10-27
10/27/2025,07:00 (ET),CLE@DET,Cleveland Cavaliers,"Ball, Lonzo",Out,Rest - Left Knee - Injury Management,2025-10-27
10/27/2025,07:00 (ET),CLE@DET,Cleveland Cavaliers,"Garland, Darius",Out,Injury/Illness - Left Great Toe; Surgical Recovery,2025-10-27
10/27/2025,07:00 (ET),CLE@DET,Cleveland Cavaliers,"Strus, Max",Out,Injury/Illness - Left Foot; Surgery - Jones Fracture,2025-10-27
10/27/2025,07:00 (ET),CLE@DET,Cleveland Cavaliers,"Tomlin, Nae'Qwan",Out,G League - Two-Way,2025-10-27
10/27/2025,08:30 (ET),OKC@DAL,Dallas Mavericks,"Exum, Dante",Out,Injury/Illness - Right Knee; Injury Management,2025-10-27
10/27/2025,08:30 (ET),OKC@DAL,Dallas Mavericks,"Gafford, Daniel",Doubtful,Injury/Illness - Right Ankle; Sprain,2025-10-27
10/27/2025,08:30 (ET),OKC@DAL,Dallas Mavericks,"Irving, Kyrie",Out,Injury/Illness - Left Knee; Surgery,2025-10-27
10/27/2025,08:30 (ET),OKC@DAL,Dallas Mavericks,"Lively II, Dereck",Doubtful,Injury/Illness - Right Knee; Contusion,2025-10-27
10/27/2025,08:30 (ET),OKC@DAL,Dallas Mavericks,"Williams, Brandon",Questionable,Personal Reasons,2025-10-27
10/27/2025,07:00 (ET),CLE@DET,Detroit Pistons,"Cunningham, Cade",Probable,Injury/Illness - Left Hip Contusion; Right Facial Contusion,2025-10-27
10/27/2025,07:00 (ET),CLE@DET,Detroit Pistons,"Ivey, Jaden",Out,Injury/Illness - Right Knee; Arthroscopy,2025-10-27
10/27/2025,07:00 (ET),CLE@DET,Detroit Pistons,"LeVert, Caris",Out,Injury/Illness - Left Hamstring; Injury Recovery,2025-10-27
10/27/2025,07:00 (ET),CLE@DET,Detroit Pistons,"Sasser, Marcus",Out,Injury/Illness - Right Hip; Impingement,2025-10-27
10/27/2025,10:00 (ET),MEM@GSW,Golden State Warriors,"Horford, Al",Out,Injury/Illness - Left Toe; Injury Management,2025-10-27
10/27/2025,10:00 (ET),MEM@GSW,Golden State Warriors,"Melton, De'Anthony",Out,Injury/Illness - Left ACL; Surgery,2025-10-27
10/27/2025,10:00 (ET),MEM@GSW,Golden State Warriors,"Toohey, Alex",Out,Injury/Illness - Left Knee; Injury Recovery,2025-10-27
10/28/2025,11:00 (ET),LAC@GSW,Golden State Warriors,,,NOT YET SUBMITTED,2025-10-27
10/27/2025,08:00 (ET),BKN@HOU,Houston Rockets,"Finney-Smith, Dorian",Out,Injury/Illness - Left Ankle; Surgery,2025-10-27
10/27/2025,08:00 (ET),BKN@HOU,Houston Rockets,"VanVleet, Fred",Out,Injury/Illness - Right Knee; ACL Repair,2025-10-27
10/28/2025,11:00 (ET),LAC@GSW,LA Clippers,,,NOT YET SUBMITTED,2025-10-27
10/27/2025,10:30 (ET),POR@LAL,Los Angeles Lakers,"Doncic, Luka",Out,Injury/Illness - Left Finger; Sprain; Lower Left Leg Contusion,2025-10-27
10/27/2025,10:30 (ET),POR@LAL,Los Angeles Lakers,"Hayes, Jaxson",Out,Injury/Illness - Left Patellar; Tendinopathy,2025-10-27
10/27/2025,10:30 (ET),POR@LAL,Los Angeles Lakers,"James, LeBron",Out,Injury/Illness - Right Sciatica; -,2025-10-27
10/27/2025,10:30 (ET),POR@LAL,Los Angeles Lakers,"Kleber, Maxi",Out,Injury/Illness - Abdominal Muscle; Strain,2025-10-27
10/27/2025,10:30 (ET),POR@LAL,Los Angeles Lakers,"Smart, Marcus",Out,Injury/Illness - Right Quad; Contusion,2025-10-27
10/27/2025,10:30 (ET),POR@LAL,Los Angeles Lakers,"Thiero, Adou",Out,Injury/Illness - Left Knee; Surgery Recovery,2025-10-27
10/27/2025,10:30 (ET),POR@LAL,Los Angeles Lakers,"Vincent, Gabe",Out,Injury/Illness - Left Ankle; Sprain,2025-10-27
10/27/2025,10:00 (ET),MEM@GSW,Memphis Grizzlies,"Clarke, Brandon",Out,Injury/Illness - Right Knee; Surgery Recovery,2025-10-27
10/27/2025,10:00 (ET),MEM@GSW,Memphis Grizzlies,"Edey, Zach",Out,Injury/Illness - Left Ankle; Surgery Recovery,2025-10-27
10/27/2025,10:00 (ET),MEM@GSW,Memphis Grizzlies,"Jerome, Ty",Out,Injury/Illness - Right Calf; Strain,2025-10-27
10/27/2025,10:00 (ET),MEM@GSW,Memphis Grizzlies,"Pippen Jr., Scotty",Out,Injury/Illness - Left Great Toe; Surgery Recovery,2025-10-27
10/27/2025,10:00 (ET),MEM@GSW,Memphis Grizzlies,"Williams Jr., Vince",Out,Injury/Illness - Right Ankle; Impingement,2025-10-27
10/28/2025,07:30 (ET),CHA@MIA,Miami Heat,"Fontecchio, Simone",Questionable,Injury/Illness - Left Calf; Soreness,2025-10-27
10/28/2025,07:30 (ET),CHA@MIA,Miami Heat,"Herro, Tyler",Out,Injury/Illness - Left Ankle; Surgery,2025-10-27
10/28/2025,07:30 (ET),CHA@MIA,Miami Heat,"Jakucionis, Kasparas",Out,Injury/Illness - Right Groin; Strain,2025-10-27
10/28/2025,07:30 (ET),CHA@MIA,Miami Heat,"Rozier, Terry",Out,Not With Team,2025-10-27
10/28/2025,08:00 (ET),NYK@MIL,Milwaukee Bucks,,,NOT YET SUBMITTED,2025-10-27
10/27/2025,09:30 (ET),DEN@MIN,Minnesota Timberwolves,"Dillingham, Rob",Available,Injury/Illness - Face; Face Mask,2025-10-27
10/27/2025,09:30 (ET),DEN@MIN,Minnesota Timberwolves,"Edwards, Anthony",Out,Injury/Illness - Right Hamstring; Strain,2025-10-27
10/27/2025,09:30 (ET),DEN@MIN,Minnesota Timberwolves,"Zikarsky, Rocco",Out,G League - Two-Way,2025-10-27
10/27/2025,08:00 (ET),BOS@NOP,New Orleans Pelicans,"Looney, Kevon",Out,Injury/Illness - Left Knee; Sprain,2025-10-27
10/27/2025,08:00 (ET),BOS@NOP,New Orleans Pelicans,"Matkovic, Karlo",Available,Injury/Illness - Low Back; Spasms,2025-10-27
10/27/2025,08:00 (ET),BOS@NOP,New Orleans Pelicans,"Missi, Yves",Available,Injury/Illness - Right Ankle; Sprain,2025-10-27
10/27/2025,08:00 (ET),BOS@NOP,New Orleans Pelicans,"Murray, Dejounte",Out,Injury/Illness - Right Achilles; Rupture,2025-10-27
10/27/2025,08:00 (ET),BOS@NOP,New Orleans Pelicans,"Williamson, Zion",Questionable,Injury/Illness - Left Foot; Bone Contusion,2025-10-27
10/28/2025,08:00 (ET),NYK@MIL,New York Knicks,,,NOT YET SUBMITTED,2025-10-27
10/27/2025,08:30 (ET),OKC@DAL,Oklahoma City Thunder,"Caruso, Alex",Out,Injury/Illness - N/a; Concussion Protocol,2025-10-27
10/27/2025,08:30 (ET),OKC@DAL,Oklahoma City Thunder,"Holmgren, Chet",Available,-,2025-10-27
10/27/2025,08:30 (ET),OKC@DAL,Oklahoma City Thunder,"Joe, Isaiah",Out,Injury/Illness - Left Knee; Contusion,2025-10-27
10/27/2025,08:30 (ET),OKC@DAL,Oklahoma City Thunder,"Sorber, Thomas",Out,Injury/Illness - Right ACL; Surgical Recovery,2025-10-27
10/27/2025,08:30 (ET),OKC@DAL,Oklahoma City Thunder,"Topic, Nikola",Out,Injury/Illness - N/a; Surgical Recovery,2025-10-27
10/27/2025,08:30 (ET),OKC@DAL,Oklahoma City Thunder,"Williams, Jalen",Out,Injury/Illness - Right Wrist; Surgical Recovery,2025-10-27
10/27/2025,08:30 (ET),OKC@DAL,Oklahoma City Thunder,"Williams, Kenrich",Out,Injury/Illness - Left Knee; Surgical Recovery,2025-10-27
10/28/2025,08:00 (ET),SAC@OKC,Oklahoma City Thunder,,,NOT YET SUBMITTED,2025-10-27
10/27/2025,07:00 (ET),ORL@PHI,Orlando Magic,"Cain, Jamal",Out,Not With Team,2025-10-27
10/27/2025,07:00 (ET),ORL@PHI,Orlando Magic,"Castleton, Colin",Out,Not With Team,2025-10-27
10/27/2025,07:00 (ET),ORL@PHI,Orlando Magic,"Wagner, Moritz",Out,Injury/Illness - Left Knee; Injury recovery,2025-10-27
10/27/2025,07:00 (ET),ORL@PHI,Philadelphia 76ers,"Barlow, Dominick",Out,Injury/Illness - Right Elbow; Laceration,2025-10-27
10/27/2025,07:00 (ET),ORL@PHI,Philadelphia 76ers,"Embiid, Joel",Out,Injury/Illness - Left Knee; Injury Management,2025-10-27
10/27/2025,07:00 (ET),ORL@PHI,Philadelphia 76ers,"George, Paul",Out,Injury/Illness - Left Knee; Surgery Recovery,2025-10-27
10/27/2025,07:00 (ET),ORL@PHI,Philadelphia 76ers,"McCain, Jared",Out,Injury/Illness - Right Thumb; Surgery Recovery,2025-10-27
10/27/2025,07:00 (ET),ORL@PHI,Philadelphia 76ers,"Watford, Trendon",Out,Injury/Illness - Left Hamstring; Injury Management,2025-10-27
10/28/2025,07:00 (ET),PHI@WAS,Philadelphia 76ers,,,NOT YET SUBMITTED,2025-10-27
10/27/2025,09:00 (ET),PHX@UTA,Phoenix Suns,"Brooks, Dillon",Questionable,Injury/Illness - Right Groin; Soreness,2025-10-27
10/27/2025,09:00 (ET),PHX@UTA,Phoenix Suns,"Green, Jalen",Out,Injury/Illness - Right Hamstring; Strain,2025-10-27
10/27/2025,09:00 (ET),PHX@UTA,Phoenix Suns,"Huntley, CJ",Out,G League - Two-Way,2025-10-27
10/27/2025,10:30 (ET),POR@LAL,Portland Trail Blazers,"Henderson, Scoot",Out,Injury/Illness - Left Hamstring; Tear,2025-10-27
10/27/2025,10:30 (ET),POR@LAL,Portland Trail Blazers,"Lillard, Damian",Out,Injury/Illness - Left Achilles Tendon; Injury Management,2025-10-27
10/27/2025,10:30 (ET),POR@LAL,Portland Trail Blazers,"Thybulle, Matisse",Questionable,Injury/Illness - Right Hip; Soreness,2025-10-27
10/27/2025,10:30 (ET),POR@LAL,Portland Trail Blazers,"Williams III, Robert",Out,G League - On Assignment,2025-10-27
10/28/2025,08:00 (ET),SAC@OKC,Sacramento Kings,"Clifford, Nique",Out,Injury/Illness - Right Hamstring; Strain,2025-10-27
10/28/2025,08:00 (ET),SAC@OKC,Sacramento Kings,"Murray, Keegan",Out,Injury/Illness - Left Thumb; UCL Injury Recovery,2025-10-27
10/28/2025,08:00 (ET),SAC@OKC,Sacramento Kings,"Plowden, Daeqwon",Out,G League - Two-Way,2025-10-27
10/28/2025,08:00 (ET),SAC@OKC,Sacramento Kings,"Stevens, Isaiah",Out,G League - Two-Way,2025-10-27
10/27/2025,08:00 (ET),TOR@SAS,San Antonio Spurs,"Fox, De'Aaron",Out,Injury/Illness - Right Hamstring; Strain,2025-10-27
10/27/2025,08:00 (ET),TOR@SAS,San Antonio Spurs,"Kornet, Luke",Out,Injury/Illness - Left Ankle; Sprain,2025-10-27
10/27/2025,08:00 (ET),TOR@SAS,San Antonio Spurs,"Olynyk, Kelly",Out,Injury/Illness - Left Heel; Surgery,2025-10-27
10/27/2025,08:00 (ET),TOR@SAS,San Antonio Spurs,"Sochan, Jeremy",Out,Injury/Illness - Left Wrist; Sprain,2025-10-27
10/27/2025,08:00 (ET),TOR@SAS,San Antonio Spurs,"Waters III, Lindy",Out,Injury/Illness - Bilateral Eye; Procedure,2025-10-27
10/27/2025,08:00 (ET),TOR@SAS,Toronto Raptors,"Hepburn, Chucky",Out,G League - Two-Way,2025-10-27
10/27/2025,08:00 (ET),TOR@SAS,Toronto Raptors,"Lawson, A.J.",Out,G League - Two-Way,2025-10-27
10/27/2025,08:00 (ET),TOR@SAS,Toronto Raptors,"Martin, Alijah",Out,G League - Two-Way,2025-10-27
10/27/2025,08:00 (ET),TOR@SAS,Toronto Raptors,"Poeltl, Jakob",Available,Injury/Illness - N/A; Face Mask,2025-10-27
10/27/2025,09:00 (ET),PHX@UTA,Utah Jazz,"Collier, Isaiah",Out,Injury/Illness - Right Hamstring; Strain,2025-10-27
10/27/2025,09:00 (ET),PHX@UTA,Utah Jazz,"Niang, Georges",Out,Injury/Illness - Left Foot; Fourth Metatarsal Stress Reaction,2025-10-27
10/27/2025,09:00 (ET),PHX@UTA,Utah Jazz,"Tonje, John",Out,G League - Two-Way,2025-10-27
10/27/2025,09:00 (ET),PHX@UTA,Utah Jazz,"Tshiebwe, Oscar",Out,G League - Two-Way,2025-10-27
10/28/2025,07:00 (ET),PHI@WAS,Washington Wizards,"Coulibaly, Bilal",Out,Injury/Illness - Right Hand; Surgery,2025-10-27
10/28/2025,07:00 (ET),PHI@WAS,Washington Wizards,"Johnson, Tre",Questionable,Injury/Illness - Low Back; Soreness,2025-10-27
10/29/2025,07:30 (ET),ATL@BKN,Atlanta Hawks,"Djurisic, Nikola",Out,G League - On Assignment,2025-10-28
10/29/2025,07:30 (ET),ATL@BKN,Atlanta Hawks,"Johnson, Jalen",Probable,Injury/Illness - Right Ankle; Sprain,2025-10-28
10/29/2025,07:30 (ET),ATL@BKN,Atlanta Hawks,"Ndiaye, Eli John",Out,G League - Two-Way,2025-10-28
10/29/2025,07:30 (ET),ATL@BKN,Atlanta Hawks,"Risacher, Zaccharie",Probable,Injury/Illness - Right Ankle; Sprain,2025-10-28
10/29/2025,07:00 (ET),CLE@BOS,Boston Celtics,"Brown, Jaylen",Probable,Injury/Illness - Left Hamstring; Strain Management,2025-10-28
10/29/2025,07:00 (ET),CLE@BOS,Boston Celtics,"Harper Jr., Ron",Out,G League - Two-Way,2025-10-28
10/29/2025,07:00 (ET),CLE@BOS,Boston Celtics,"Shulga, Max",Out,G League - Two-Way,2025-10-28
10/29/2025,07:00 (ET),CLE@BOS,Boston Celtics,"Tatum, Jayson",Out,Injury/Illness - Right Achilles; Repair,2025-10-28
10/29/2025,07:00 (ET),CLE@BOS,Boston Celtics,"Williams, Amari",Out,G League - Two-Way,2025-10-28
10/29/2025,07:30 (ET),ATL@BKN,Brooklyn Nets,"Highsmith, Haywood",Out,"Injury/Illness - Right Knee; Surgery, Injury Recovery",2025-10-28
10/29/2025,07:30 (ET),ATL@BKN,Brooklyn Nets,"Williams, Ziaire",Questionable,Injury/Illness - Lower Back/glute; Contusion,2025-10-28
10/28/2025,07:30 (ET),CHA@MIA,Charlotte Hornets,"Green, Josh",Out,Injury/Illness - Left Shoulder; Surgery,2025-10-28
10/28/2025,07:30 (ET),CHA@MIA,Charlotte Hornets,"Mann, Tre",Questionable,Injury/Illness - Jaw; Contusion,2025-10-28
10/28/2025,07:30 (ET),CHA@MIA,Charlotte Hornets,"Miller, Brandon",Out,Injury/Illness - Left Shoulder; Subluxation,2025-10-28
10/28/2025,07:30 (ET),CHA@MIA,Charlotte Hornets,"Peterson, Drew",Out,G League - Two-Way,2025-10-28
10/28/2025,07:30 (ET),CHA@MIA,Charlotte Hornets,"Reeves, Antonio",Out,G League - Two-Way,2025-10-28
10/28/2025,07:30 (ET),CHA@MIA,Charlotte Hornets,"Simpson, KJ",Out,G League - Two-Way,2025-10-28
10/28/2025,07:30 (ET),CHA@MIA,Charlotte Hornets,"Williams, Grant",Out,Injury/Illness - Right Knee; Surgery,2025-10-28
10/29/2025,08:00 (ET),SAC@CHI,Chicago Bulls,,,NOT YET SUBMITTED,2025-10-28
10/29/2025,07:00 (ET),CLE@BOS,Cleveland Cavaliers,"Garland, Darius",Out,Injury/Illness - Left Great Toe; Surgical Recovery,2025-10-28
10/29/2025,07:00 (ET),CLE@BOS,Cleveland Cavaliers,"Merrill, Sam",Out,Injury/Illness - Right Hip; Contusion,2025-10-28
10/29/2025,07:00 (ET),CLE@BOS,Cleveland Cavaliers,"Strus, Max",Out,Injury/Illness - Left Foot; Surgery - Jones Fracture,2025-10-28
10/29/2025,07:00 (ET),CLE@BOS,Cleveland Cavaliers,"Tomlin, Nae'Qwan",Out,G League - Two-Way,2025-10-28
10/29/2025,08:30 (ET),IND@DAL,Dallas Mavericks,,,NOT YET SUBMITTED,2025-10-28
10/29/2025,09:00 (ET),NOP@DEN,Denver Nuggets,"Bates, Tamar",Out,G League - Two-Way,2025-10-28
10/29/2025,09:00 (ET),NOP@DEN,Denver Nuggets,"Holmes II, DaRon",Out,G League - On Assignment,2025-10-28
10/29/2025,09:00 (ET),NOP@DEN,Denver Nuggets,"Johnson, Cameron",Questionable,Injury/Illness - Right Shoulder; Inflammation,2025-10-28
10/29/2025,09:00 (ET),NOP@DEN,Denver Nuggets,"Jones, Curtis",Out,G League - Two-Way,2025-10-28
10/29/2025,07:00 (ET),ORL@DET,Detroit Pistons,"Ivey, Jaden",Out,Injury/Illness - Right Knee; Arthroscopy,2025-10-28
10/29/2025,07:00 (ET),ORL@DET,Detroit Pistons,"LeVert, Caris",Questionable,Injury/Illness - Left Hamstring; Injury Recovery,2025-10-28
10/29/2025,07:00 (ET),ORL@DET,Detroit Pistons,"Sasser, Marcus",Questionable,Injury/Illness - Right Hip; Impingement,2025-10-28
10/29/2025,07:00 (ET),ORL@DET,Detroit Pistons,"Thompson, Ausar",Questionable,Injury/Illness - N/a; Illness,2025-10-28
10/28/2025,11:00 (ET),LAC@GSW,Golden State Warriors,"Melton, De'Anthony",Out,Injury/Illness - Left ACL; Surgery,2025-10-28
10/28/2025,11:00 (ET),LAC@GSW,Golden State Warriors,"Toohey, Alex",Out,Injury/Illness - Left Knee; Injury Recovery,2025-10-28
10/29/2025,06:30 (ET),HOU@TOR,Houston Rockets,"Finney-Smith, Dorian",Out,Injury/Illness - Left Ankle; Surgery,2025-10-28
10/29/2025,06:30 (ET),HOU@TOR,Houston Rockets,"VanVleet, Fred",Out,Injury/Illness - Right Knee; ACL Repair,2025-10-28
10/29/2025,08:30 (ET),IND@DAL,Indiana Pacers,,,NOT YET SUBMITTED,2025-10-28
10/28/2025,11:00 (ET),LAC@GSW,LA Clippers,"Beal, Bradley",Out,Injury/Illness - Back; Soreness,2025-10-28
10/28/2025,11:00 (ET),LAC@GSW,LA Clippers,"Miller, Jordan",Out,Injury/Illness - Left Hamstring; Strain,2025-10-28
10/28/2025,11:00 (ET),LAC@GSW,LA Clippers,"Sanders, Kobe",Out,Injury/Illness - Right Knee; Sprain,2025-10-28
10/29/2025,09:30 (ET),LAL@MIN,Los Angeles Lakers,,,NOT YET SUBMITTED,2025-10-28
10/29/2025,10:00 (ET),MEM@PHX,Memphis Grizzlies,,,NOT YET SUBMITTED,2025-10-28
10/28/2025,07:30 (ET),CHA@MIA,Miami Heat,"Fontecchio, Simone",Probable,Injury/Illness - Left Calf; Soreness,2025-10-28
10/28/2025,07:30 (ET),CHA@MIA,Miami Heat,"Herro, Tyler",Out,Injury/Illness - Left Ankle; Surgery,2025-10-28
10/28/2025,07:30 (ET),CHA@MIA,Miami Heat,"Jakucionis, Kasparas",Out,Injury/Illness - Right Groin; Strain,2025-10-28
10/28/2025,07:30 (ET),CHA@MIA,Miami Heat,"Powell, Norman",Questionable,Injury/Illness - Right Groin; Soreness,2025-10-28
10/28/2025,07:30 (ET),CHA@MIA,Miami Heat,"Rozier, Terry",Out,Not With Team,2025-10-28
10/28/2025,08:00 (ET),NYK@MIL,Milwaukee Bucks,"Anthony, Cole",Probable,Injury/Illness - Non-covid; Illness,2025-10-28
10/28/2025,08:00 (ET),NYK@MIL,Milwaukee Bucks,"Kuzma, Kyle",Available,Injury/Illness - Left Ankle; Sprain,2025-10-28
10/28/2025,08:00 (ET),NYK@MIL,Milwaukee Bucks,"Porter Jr., Kevin",Out,Injury/Illness - Left Ankle; Sprain,2025-10-28
10/28/2025,08:00 (ET),NYK@MIL,Milwaukee Bucks,"Trent Jr., Gary",Probable,Injury/Illness - Non-covid; Illness,2025-10-28
10/29/2025,09:30 (ET),LAL@MIN,Minnesota Timberwolves,,,NOT YET SUBMITTED,2025-10-28
10/29/2025,09:00 (ET),NOP@DEN,New Orleans Pelicans,"Alexander, Trey",Out,G League - Two-Way,2025-10-28
10/29/2025,09:00 (ET),NOP@DEN,New Orleans Pelicans,"Dickinson, Hunter",Out,G League - Two-Way,2025-10-28
10/29/2025,09:00 (ET),NOP@DEN,New Orleans Pelicans,"Looney, Kevon",Out,Injury/Illness - Left Knee; Sprain,2025-10-28
10/29/2025,09:00 (ET),NOP@DEN,New Orleans Pelicans,"Murray, Dejounte",Out,Injury/Illness - Right Achilles; Rupture,2025-10-28
10/29/2025,09:00 (ET),NOP@DEN,New Orleans Pelicans,"Williamson, Zion",Questionable,Injury/Illness - Left Foot; Bone Contusion,2025-10-28
10/28/2025,08:00 (ET),NYK@MIL,New York Knicks,"McBride, Miles",Out,Personal Reasons,2025-10-28
10/28/2025,08:00 (ET),NYK@MIL,New York Knicks,"Robinson, Mitchell",Out,Injury/Illness - Left Ankle; Left Ankle Injury Management,2025-10-28
10/28/2025,08:00 (ET),NYK@MIL,New York Knicks,"Towns, Karl-Anthony",Probable,Injury/Illness - Right Quad; Strain,2025-10-28
10/28/2025,08:00 (ET),NYK@MIL,New York Knicks,"Yabusele, Guerschon",Questionable,Injury/Illness - Left Knee; Sprain,2025-10-28
10/28/2025,08:00 (ET),SAC@OKC,Oklahoma City Thunder,"Holmgren, Chet",Out,Injury/Illness - Low Back; Soreness,2025-10-28
10/28/2025,08:00 (ET),SAC@OKC,Oklahoma City Thunder,"Joe, Isaiah",Out,Injury/Illness - Left Knee; Contusion,2025-10-28
10/28/2025,08:00 (ET),SAC@OKC,Oklahoma City Thunder,"Sorber, Thomas",Out,Injury/Illness - Right ACL; Surgical Recovery,2025-10-28
10/28/2025,08:00 (ET),SAC@OKC,Oklahoma City Thunder,"Topic, Nikola",Out,Injury/Illness - N/a; Surgical Recovery,2025-10-28
10/28/2025,08:00 (ET),SAC@OKC,Oklahoma City Thunder,"Williams, Jalen",Out,Injury/Illness - Right Wrist; Surgical Recovery,2025-10-28
10/28/2025,08:00 (ET),SAC@OKC,Oklahoma City Thunder,"Williams, Kenrich",Out,Injury/Illness - Left Knee; Surgical Recovery,2025-10-28
10/29/2025,07:00 (ET),ORL@DET,Orlando Magic,"Cain, Jamal",Out,Not With Team,2025-10-28
10/29/2025,07:00 (ET),ORL@DET,Orlando Magic,"Castleton, Colin",Out,Not With Team,2025-10-28
10/29/2025,07:00 (ET),ORL@DET,Orlando Magic,"Wagner, Moritz",Out,Injury/Illness - Left Knee; Injury recovery,2025-10-28
10/28/2025,07:00 (ET),PHI@WAS,Philadelphia 76ers,"Barlow, Dominick",Out,Injury/Illness - Right Elbow; Laceration,2025-10-28
10/28/2025,07:00 (ET),PHI@WAS,Philadelphia 76ers,"George, Paul",Out,Injury/Illness - Left Knee; Surgery Recovery,2025-10-28
10/28/2025,07:00 (ET),PHI@WAS,Philadelphia 76ers,"McCain, Jared",Out,Injury/Illness - Right Thumb; Surgery Recovery,2025-10-28
10/29/2025,10:00 (ET),MEM@PHX,Phoenix Suns,,,NOT YET SUBMITTED,2025-10-28
10/29/2025,09:00 (ET),POR@UTA,Portland Trail Blazers,,,NOT YET SUBMITTED,2025-10-28
10/28/2025,08:00 (ET),SAC@OKC,Sacramento Kings,"Clifford, Nique",Out,Injury/Illness - Right Hamstring; Strain,2025-10-28
10/28/2025,08:00 (ET),SAC@OKC,Sacramento Kings,"Murray, Keegan",Out,Injury/Illness - Left Thumb; UCL Injury Recovery,2025-10-28
10/28/2025,08:00 (ET),SAC@OKC,Sacramento Kings,"Plowden, Daeqwon",Out,G League - Two-Way,2025-10-28
10/28/2025,08:00 (ET),SAC@OKC,Sacramento Kings,"Stevens, Isaiah",Out,G League - Two-Way,2025-10-28
10/29/2025,08:00 (ET),SAC@CHI,Sacramento Kings,,,NOT YET SUBMITTED,2025-10-28
10/29/2025,06:30 (ET),HOU@TOR,Toronto Raptors,"Hepburn, Chucky",Out,G League - Two-Way,2025-10-28
10/29/2025,06:30 (ET),HOU@TOR,Toronto Raptors,"Lawson, A.J.",Out,G League - Two-Way,2025-10-28
10/29/2025,06:30 (ET),HOU@TOR,Toronto Raptors,"Martin, Alijah",Out,G League - Two-Way,2025-10-28
10/29/2025,06:30 (ET),HOU@TOR,Toronto Raptors,"Poeltl, Jakob",Doubtful,Injury/Illness - Low Back; Tightness,2025-10-28
10/29/2025,09:00 (ET),POR@UTA,Utah Jazz,,,NOT YET SUBMITTED,2025-10-28
10/28/2025,07:00 (ET),PHI@WAS,Washington Wizards,"Coulibaly, Bilal",Out,Injury/Illness - Right Hand; Surgery,2025-10-28
10/28/2025,07:00 (ET),PHI@WAS,Washington Wizards,"Johnson, Tre",Available,Injury/Illness - Low Back; Soreness,2025-10-28
10/29/2025,07:30 (ET),ATL@BKN,Atlanta Hawks,"Djurisic, Nikola",Out,G League - On Assignment,2025-10-29
10/29/2025,07:30 (ET),ATL@BKN,Atlanta Hawks,"Johnson, Jalen",Probable,Injury/Illness - Right Ankle; Sprain,2025-10-29
10/29/2025,07:30 (ET),ATL@BKN,Atlanta Hawks,"Ndiaye, Eli John",Out,G League - Two-Way,2025-10-29
10/29/2025,07:30 (ET),ATL@BKN,Atlanta Hawks,"Risacher, Zaccharie",Probable,Injury/Illness - Right Ankle; Sprain,2025-10-29
10/29/2025,07:00 (ET),CLE@BOS,Boston Celtics,"Brown, Jaylen",Probable,Injury/Illness - Left Hamstring; Strain Injury Management,2025-10-29
10/29/2025,07:00 (ET),CLE@BOS,Boston Celtics,"Harper Jr., Ron",Out,G League - Two-Way,2025-10-29
10/29/2025,07:00 (ET),CLE@BOS,Boston Celtics,"Shulga, Max",Out,G League - Two-Way,2025-10-29
10/29/2025,07:00 (ET),CLE@BOS,Boston Celtics,"Tatum, Jayson",Out,Injury/Illness - Right Achilles; Repair,2025-10-29
10/29/2025,07:00 (ET),CLE@BOS,Boston Celtics,"Williams, Amari",Out,G League - Two-Way,2025-10-29
10/29/2025,07:30 (ET),ATL@BKN,Brooklyn Nets,"Highsmith, Haywood",Out,"Injury/Illness - Right Knee; Surgery, Injury Recovery",2025-10-29
10/29/2025,07:30 (ET),ATL@BKN,Brooklyn Nets,"Williams, Ziaire",Out,Injury/Illness - Lower Back/glute; Contusion,2025-10-29
10/30/2025,07:00 (ET),ORL@CHA,Charlotte Hornets,"Green, Josh",Out,Injury/Illness - Left Shoulder; Surgery,2025-10-29
10/30/2025,07:00 (ET),ORL@CHA,Charlotte Hornets,"Miller, Brandon",Out,Injury/Illness - Left Shoulder; Subluxation,2025-10-29
10/30/2025,07:00 (ET),ORL@CHA,Charlotte Hornets,"Peterson, Drew",Out,G League - Two-Way,2025-10-29
10/30/2025,07:00 (ET),ORL@CHA,Charlotte Hornets,"Reeves, Antonio",Out,G League - Two-Way,2025-10-29
10/30/2025,07:00 (ET),ORL@CHA,Charlotte Hornets,"Simpson, KJ",Out,G League - Two-Way,2025-10-29
10/30/2025,07:00 (ET),ORL@CHA,Charlotte Hornets,"Williams, Grant",Out,Injury/Illness - Right Knee; Surgery,2025-10-29
10/29/2025,08:00 (ET),SAC@CHI,Chicago Bulls,"Collins, Zach",Out,Injury/Illness - Left Scaphoid; Fracture,2025-10-29
10/29/2025,08:00 (ET),SAC@CHI,Chicago Bulls,"White, Coby",Out,Injury/Illness - Right Calf; Strain,2025-10-29
10/29/2025,07:00 (ET),CLE@BOS,Cleveland Cavaliers,"Garland, Darius",Out,Injury/Illness - Left Great Toe; Surgical Recovery,2025-10-29
10/29/2025,07:00 (ET),CLE@BOS,Cleveland Cavaliers,"Merrill, Sam",Out,Injury/Illness - Right Hip; Contusion,2025-10-29
10/29/2025,07:00 (ET),CLE@BOS,Cleveland Cavaliers,"Mitchell, Donovan",Questionable,Injury/Illness - Left Hamstring; Tightness,2025-10-29
10/29/2025,07:00 (ET),CLE@BOS,Cleveland Cavaliers,"Strus, Max",Out,Injury/Illness - Left Foot; Surgery - Jones Fracture,2025-10-29
10/29/2025,07:00 (ET),CLE@BOS,Cleveland Cavaliers,"Tomlin, Nae'Qwan",Out,G League - Two-Way,2025-10-29
10/29/2025,08:30 (ET),IND@DAL,Dallas Mavericks,"Davis, Anthony",Probable,Injury/Illness - Bilateral Achilles; Tendinopathy,2025-10-29
10/29/2025,08:30 (ET),IND@DAL,Dallas Mavericks,"Exum, Dante",Out,Injury/Illness - Right Knee; Injury Management,2025-10-29
10/29/2025,08:30 (ET),IND@DAL,Dallas Mavericks,"Gafford, Daniel",Doubtful,Injury/Illness - Right Ankle; Sprain,2025-10-29
10/29/2025,08:30 (ET),IND@DAL,Dallas Mavericks,"Irving, Kyrie",Out,Injury/Illness - Left Knee; Surgery,2025-10-29
10/29/2025,08:30 (ET),IND@DAL,Dallas Mavericks,"Lively II, Dereck",Doubtful,Injury/Illness - Right Knee; Sprain,2025-10-29
10/29/2025,08:30 (ET),IND@DAL,Dallas Mavericks,"Williams, Brandon",Questionable,Personal Reasons,2025-10-29
10/29/2025,09:00 (ET),NOP@DEN,Denver Nuggets,"Bates, Tamar",Out,G League - Two-Way,2025-10-29
10/29/2025,09:00 (ET),NOP@DEN,Denver Nuggets,"Holmes II, DaRon",Out,G League - On Assignment,2025-10-29
10/29/2025,09:00 (ET),NOP@DEN,Denver Nuggets,"Johnson, Cameron",Questionable,Injury/Illness - Right Shoulder; Inflammation,2025-10-29
10/29/2025,09:00 (ET),NOP@DEN,Denver Nuggets,"Jones, Curtis",Out,G League - Two-Way,2025-10-29
10/29/2025,07:00 (ET),ORL@DET,Detroit Pistons,"Ivey, Jaden",Out,Injury/Illness - Right Knee; Arthroscopy,2025-10-29
10/29/2025,07:00 (ET),ORL@DET,Detroit Pistons,"LeVert, Caris",Questionable,Injury/Illness - Left Hamstring; Injury Recovery,2025-10-29
10/29/2025,07:00 (ET),ORL@DET,Detroit Pistons,"Sasser, Marcus",Questionable,Injury/Illness - Right Hip; Impingement,2025-10-29
10/29/2025,07:00 (ET),ORL@DET,Detroit Pistons,"Thompson, Ausar",Questionable,Injury/Illness - N/a; Illness,2025-10-29
10/30/2025,08:00 (ET),GSW@MIL,Golden State Warriors,"Melton, De'Anthony",Out,Injury/Illness - Left ACL; Surgery,2025-10-29
10/30/2025,08:00 (ET),GSW@MIL,Golden State Warriors,"Moody, Moses",Questionable,Injury/Illness - Right Thumb; Soreness,2025-10-29
10/30/2025,08:00 (ET),GSW@MIL,Golden State Warriors,"Toohey, Alex",Out,Injury/Illness - Left Knee; Injury Recovery,2025-10-29
10/29/2025,06:30 (ET),HOU@TOR,Houston Rockets,"Finney-Smith, Dorian",Out,Injury/Illness - Left Ankle; Surgery,2025-10-29
10/29/2025,06:30 (ET),HOU@TOR,Houston Rockets,"VanVleet, Fred",Out,Injury/Illness - Right Knee; ACL Repair,2025-10-29
10/29/2025,08:30 (ET),IND@DAL,Indiana Pacers,"Furphy, Johnny",Out,Injury/Illness - Left foot; Bone Bruise,2025-10-29
10/29/2025,08:30 (ET),IND@DAL,Indiana Pacers,"Haliburton, Tyrese",Out,Injury/Illness - Right Achilles Tendon; Torn,2025-10-29
10/29/2025,08:30 (ET),IND@DAL,Indiana Pacers,"Jones, Kam",Out,Injury/Illness - Lower Back; Stress Reaction,2025-10-29
10/29/2025,08:30 (ET),IND@DAL,Indiana Pacers,"Mathurin, Bennedict",Out,Injury/Illness - Right Great Toe; Sprain,2025-10-29
10/29/2025,08:30 (ET),IND@DAL,Indiana Pacers,"McConnell, T.J.",Out,Injury/Illness - Left Hamstring; Strain,2025-10-29
10/29/2025,08:30 (ET),IND@DAL,Indiana Pacers,"Nembhard, Andrew",Out,Injury/Illness - Left Shoulder; Strain,2025-10-29
10/29/2025,08:30 (ET),IND@DAL,Indiana Pacers,"Peter, Taelon",Doubtful,Injury/Illness - Right Groin; Strain,2025-10-29
10/29/2025,08:30 (ET),IND@DAL,Indiana Pacers,"Toppin, Obi",Out,Injury/Illness - Right Foot; Stress Reaction,2025-10-29
10/29/2025,09:30 (ET),LAL@MIN,Los Angeles Lakers,"Doncic, Luka",Out,Injury/Illness - Left Finger; Sprain; Lower Left Leg Contusion,2025-10-29
10/29/2025,09:30 (ET),LAL@MIN,Los Angeles Lakers,"Hayes, Jaxson",Available,Injury/Illness - Left Patellar; Tendinopathy,2025-10-29
10/29/2025,09:30 (ET),LAL@MIN,Los Angeles Lakers,"James, LeBron",Out,Injury/Illness - Right Sciatica; -,2025-10-29
10/29/2025,09:30 (ET),LAL@MIN,Los Angeles Lakers,"Kleber, Maxi",Out,Injury/Illness - Abdominal Muscle; Strain,2025-10-29
10/29/2025,09:30 (ET),LAL@MIN,Los Angeles Lakers,"Smart, Marcus",Out,Injury/Illness - Right Quad; Contusion,2025-10-29
10/29/2025,09:30 (ET),LAL@MIN,Los Angeles Lakers,"Thiero, Adou",Out,Injury/Illness - Left Knee; Surgery Recovery,2025-10-29
10/29/2025,09:30 (ET),LAL@MIN,Los Angeles Lakers,"Vincent, Gabe",Out,Injury/Illness - Left Ankle; Sprain,2025-10-29
10/29/2025,10:00 (ET),MEM@PHX,Memphis Grizzlies,"Aldama, Santi",Questionable,Injury/Illness - Left Shoulder; Soreness,2025-10-29
10/29/2025,10:00 (ET),MEM@PHX,Memphis Grizzlies,"Clarke, Brandon",Out,Injury/Illness - Right Knee; Surgery Recovery,2025-10-29
10/29/2025,10:00 (ET),MEM@PHX,Memphis Grizzlies,"Edey, Zach",Out,Injury/Illness - Left Ankle; Surgery Recovery,2025-10-29
10/29/2025,10:00 (ET),MEM@PHX,Memphis Grizzlies,"Jerome, Ty",Out,Injury/Illness - Right Calf; Strain,2025-10-29
10/29/2025,10:00 (ET),MEM@PHX,Memphis Grizzlies,"Pippen Jr., Scotty",Out,Injury/Illness - Left Great Toe; Surgery Recovery,2025-10-29
10/29/2025,10:00 (ET),MEM@PHX,Memphis Grizzlies,"Williams Jr., Vince",Questionable,Injury/Illness - Right Ankle; Impingement,2025-10-29
10/30/2025,08:30 (ET),MIA@SAS,Miami Heat,"Herro, Tyler",Out,Injury/Illness - Left Ankle; Surgery,2025-10-29
10/30/2025,08:30 (ET),MIA@SAS,Miami Heat,"Jakucionis, Kasparas",Out,Injury/Illness - Right Groin; Strain,2025-10-29
10/30/2025,08:30 (ET),MIA@SAS,Miami Heat,"Jovic, Nikola",Questionable,Injury/Illness - Right Hip; Contusion,2025-10-29
10/30/2025,08:30 (ET),MIA@SAS,Miami Heat,"Powell, Norman",Doubtful,Injury/Illness - Right Groin; Strain,2025-10-29
10/30/2025,08:30 (ET),MIA@SAS,Miami Heat,"Rozier, Terry",Out,Not With Team,2025-10-29
10/30/2025,08:00 (ET),GSW@MIL,Milwaukee Bucks,"Antetokounmpo, Giannis",Probable,Injury/Illness - Left Knee; Soreness,2025-10-29
10/30/2025,08:00 (ET),GSW@MIL,Milwaukee Bucks,"Porter Jr., Kevin",Out,Injury/Illness - Left Ankle; Sprain,2025-10-29
10/29/2025,09:30 (ET),LAL@MIN,Minnesota Timberwolves,"Clark, Jaylen",Questionable,Injury/Illness - Left Calf; Strain,2025-10-29
10/29/2025,09:30 (ET),LAL@MIN,Minnesota Timberwolves,"Dillingham, Rob",Available,Injury/Illness - Face; Face Mask,2025-10-29
10/29/2025,09:30 (ET),LAL@MIN,Minnesota Timberwolves,"Edwards, Anthony",Out,Injury/Illness - Right Hamstring; Strain,2025-10-29
10/29/2025,09:30 (ET),LAL@MIN,Minnesota Timberwolves,"Freeman, Enrique",Out,G League - Two-Way,2025-10-29
10/29/2025,09:30 (ET),LAL@MIN,Minnesota Timberwolves,"Zikarsky, Rocco",Out,G League - Two-Way,2025-10-29
10/29/2025,09:00 (ET),NOP@DEN,New Orleans Pelicans,"Alexander, Trey",Out,G League - Two-Way,2025-10-29
10/29/2025,09:00 (ET),NOP@DEN,New Orleans Pelicans,"Dickinson, Hunter",Out,G League - Two-Way,2025-10-29
10/29/2025,09:00 (ET),NOP@DEN,New Orleans Pelicans,"Looney, Kevon",Out,Injury/Illness - Left Knee; Sprain,2025-10-29
10/29/2025,09:00 (ET),NOP@DEN,New Orleans Pelicans,"Murray, Dejounte",Out,Injury/Illness - Right Achilles; Rupture,2025-10-29
10/29/2025,09:00 (ET),NOP@DEN,New Orleans Pelicans,"Williamson, Zion",Questionable,Injury/Illness - Left Foot; Bone Contusion,2025-10-29
10/30/2025,08:00 (ET),WAS@OKC,Oklahoma City Thunder,,,NOT YET SUBMITTED,2025-10-29
10/29/2025,07:00 (ET),ORL@DET,Orlando Magic,"Cain, Jamal",Out,Not With Team,2025-10-29
10/29/2025,07:00 (ET),ORL@DET,Orlando Magic,"Castleton, Colin",Out,Not With Team,2025-10-29
10/29/2025,07:00 (ET),ORL@DET,Orlando Magic,"Wagner, Moritz",Out,Injury/Illness - Left Knee; Injury recovery,2025-10-29
10/30/2025,07:00 (ET),ORL@CHA,Orlando Magic,,,NOT YET SUBMITTED,2025-10-29
10/29/2025,10:00 (ET),MEM@PHX,Phoenix Suns,"Brea, Koby",Out,G League - Two-Way,2025-10-29
10/29/2025,10:00 (ET),MEM@PHX,Phoenix Suns,"Brooks, Dillon",Out,Injury/Illness - Right Groin; Soreness,2025-10-29
10/29/2025,10:00 (ET),MEM@PHX,Phoenix Suns,"Green, Jalen",Questionable,Injury/Illness - Right Hamstring; Strain,2025-10-29
10/29/2025,10:00 (ET),MEM@PHX,Phoenix Suns,"Huntley, CJ",Out,G League - Two-Way,2025-10-29
10/29/2025,09:00 (ET),POR@UTA,Portland Trail Blazers,"Henderson, Scoot",Out,Injury/Illness - Left Hamstring; Tear,2025-10-29
10/29/2025,09:00 (ET),POR@UTA,Portland Trail Blazers,"Lillard, Damian",Out,Injury/Illness - Left Achilles Tendon; Injury Management,2025-10-29
10/29/2025,09:00 (ET),POR@UTA,Portland Trail Blazers,"Murray, Kris",Questionable,Injury/Illness - Illness; .,2025-10-29
10/29/2025,09:00 (ET),POR@UTA,Portland Trail Blazers,"Thybulle, Matisse",Questionable,Injury/Illness - Right Hip; Soreness,2025-10-29
10/29/2025,09:00 (ET),POR@UTA,Portland Trail Blazers,"Williams III, Robert",Out,G League - On Assignment,2025-10-29
10/29/2025,08:00 (ET),SAC@CHI,Sacramento Kings,"Clifford, Nique",Out,Injury/Illness - Right Hamstring; Strain,2025-10-29
10/29/2025,08:00 (ET),SAC@CHI,Sacramento Kings,"Ellis, Keon",Questionable,Injury/Illness - Left Shoulder; Soreness,2025-10-29
10/29/2025,08:00 (ET),SAC@CHI,Sacramento Kings,"Murray, Keegan",Out,Injury/Illness - Left Thumb; UCL Injury Recovery,2025-10-29
10/29/2025,08:00 (ET),SAC@CHI,Sacramento Kings,"Plowden, Daeqwon",Out,G League - Two-Way,2025-10-29
10/29/2025,08:00 (ET),SAC@CHI,Sacramento Kings,"Stevens, Isaiah",Out,G League - Two-Way,2025-10-29
10/30/2025,08:30 (ET),MIA@SAS,San Antonio Spurs,"Fox, De'Aaron",Out,Injury/Illness - Right Hamstring; Strain,2025-10-29
10/30/2025,08:30 (ET),MIA@SAS,San Antonio Spurs,"Kornet, Luke",Out,Injury/Illness - Left Ankle; Sprain,2025-10-29
10/30/2025,08:30 (ET),MIA@SAS,San Antonio Spurs,"Olynyk, Kelly",Out,Injury/Illness - Left Heel; Surgery,2025-10-29
10/30/2025,08:30 (ET),MIA@SAS,San Antonio Spurs,"Sochan, Jeremy",Out,Injury/Illness - Left Wrist; Sprain,2025-10-29
10/30/2025,08:30 (ET),MIA@SAS,San Antonio Spurs,"Waters III, Lindy",Out,Injury/Illness - Bilateral Eye; Procedure,2025-10-29
10/29/2025,06:30 (ET),HOU@TOR,Toronto Raptors,"Hepburn, Chucky",Out,G League - Two-Way,2025-10-29
10/29/2025,06:30 (ET),HOU@TOR,Toronto Raptors,"Lawson, A.J.",Out,G League - Two-Way,2025-10-29
10/29/2025,06:30 (ET),HOU@TOR,Toronto Raptors,"Martin, Alijah",Out,G League - Two-Way,2025-10-29
10/29/2025,06:30 (ET),HOU@TOR,Toronto Raptors,"Poeltl, Jakob",Out,Injury/Illness - Low Back; Tightness,2025-10-29
10/29/2025,09:00 (ET),POR@UTA,Utah Jazz,"Collier, Isaiah",Out,Injury/Illness - Right Hamstring; Strain,2025-10-29
10/29/2025,09:00 (ET),POR@UTA,Utah Jazz,"Niang, Georges",Out,Injury/Illness - Left Foot; Fourth Metatarsal Stress Reaction,2025-10-29
10/29/2025,09:00 (ET),POR@UTA,Utah Jazz,"Nurkic, Jusuf",Available,Injury/Illness - Right Hip; Contusion,2025-10-29
10/29/2025,09:00 (ET),POR@UTA,Utah Jazz,"Tonje, John",Out,G League - Two-Way,2025-10-29
10/29/2025,09:00 (ET),POR@UTA,Utah Jazz,"Tshiebwe, Oscar",Out,G League - Two-Way,2025-10-29
10/30/2025,08:00 (ET),WAS@OKC,Washington Wizards,"Bagley III, Marvin",Questionable,Injury/Illness - Right Ankle; Sprain,2025-10-29
10/31/2025,07:00 (ET),ATL@IND,Atlanta Hawks,"Djurisic, Nikola",Out,G League - On Assignment,2025-10-30
10/31/2025,07:00 (ET),ATL@IND,Atlanta Hawks,"Ndiaye, Eli John",Out,G League - Two-Way,2025-10-30
10/31/2025,07:00 (ET),ATL@IND,Atlanta Hawks,"Young, Trae",Out,Injury/Illness - Right Knee; Sprain,2025-10-30
10/31/2025,07:00 (ET),BOS@PHI,Boston Celtics,"Harper Jr., Ron",Out,G League - Two-Way,2025-10-30
10/31/2025,07:00 (ET),BOS@PHI,Boston Celtics,"Shulga, Max",Out,G League - Two-Way,2025-10-30
10/31/2025,07:00 (ET),BOS@PHI,Boston Celtics,"Tatum, Jayson",Out,Injury/Illness - Right Achilles; Repair,2025-10-30
10/31/2025,07:00 (ET),BOS@PHI,Boston Celtics,"Williams, Amari",Out,G League - Two-Way,2025-10-30
10/30/2025,07:00 (ET),ORL@CHA,Charlotte Hornets,"Green, Josh",Out,Injury/Illness - Left Shoulder; Surgery,2025-10-30
10/30/2025,07:00 (ET),ORL@CHA,Charlotte Hornets,"Miller, Brandon",Out,Injury/Illness - Left Shoulder; Subluxation,2025-10-30
10/30/2025,07:00 (ET),ORL@CHA,Charlotte Hornets,"Peterson, Drew",Out,G League - Two-Way,2025-10-30
10/30/2025,07:00 (ET),ORL@CHA,Charlotte Hornets,"Reeves, Antonio",Out,G League - Two-Way,2025-10-30
10/30/2025,07:00 (ET),ORL@CHA,Charlotte Hornets,"Simpson, KJ",Out,G League - Two-Way,2025-10-30
10/30/2025,07:00 (ET),ORL@CHA,Charlotte Hornets,"Williams, Grant",Out,Injury/Illness - Right Knee; Surgery,2025-10-30
10/31/2025,08:00 (ET),NYK@CHI,Chicago Bulls,"Collins, Zach",Out,Injury/Illness - Left Scaphoid; Fracture,2025-10-30
10/31/2025,08:00 (ET),NYK@CHI,Chicago Bulls,"White, Coby",Out,Injury/Illness - Right Calf; Strain,2025-10-30
10/31/2025,07:30 (ET),TOR@CLE,Cleveland Cavaliers,"Allen, Jarrett",Questionable,Injury/Illness - Left Hand; 4th Finger - Fracture,2025-10-30
10/31/2025,07:30 (ET),TOR@CLE,Cleveland Cavaliers,"Garland, Darius",Out,Injury/Illness - Left Great Toe; Surgical Recovery,2025-10-30
10/31/2025,07:30 (ET),TOR@CLE,Cleveland Cavaliers,"Merrill, Sam",Out,Injury/Illness - Right Hip; Contusion,2025-10-30
10/31/2025,07:30 (ET),TOR@CLE,Cleveland Cavaliers,"Mitchell, Donovan",Questionable,Injury/Illness - Left Hamstring; Tightness,2025-10-30
10/31/2025,07:30 (ET),TOR@CLE,Cleveland Cavaliers,"Strus, Max",Out,Injury/Illness - Left Foot; Surgery - Jones Fracture,2025-10-30
10/31/2025,10:00 (ET),DEN@POR,Denver Nuggets,,,NOT YET SUBMITTED,2025-10-30
10/30/2025,08:00 (ET),GSW@MIL,Golden State Warriors,"Melton, De'Anthony",Out,Injury/Illness - Left ACL; Surgery,2025-10-30
10/30/2025,08:00 (ET),GSW@MIL,Golden State Warriors,"Moody, Moses",Available,Injury/Illness - Right Thumb; Soreness,2025-10-30
10/30/2025,08:00 (ET),GSW@MIL,Golden State Warriors,"Toohey, Alex",Out,Injury/Illness - Left Knee; Injury Recovery,2025-10-30
10/31/2025,07:00 (ET),ATL@IND,Indiana Pacers,"Furphy, Johnny",Questionable,Injury/Illness - Left Foot; Bone Bruise,2025-10-30
10/31/2025,07:00 (ET),ATL@IND,Indiana Pacers,"Haliburton, Tyrese",Out,Injury/Illness - Right Achilles Tendon; Tear,2025-10-30
10/31/2025,07:00 (ET),ATL@IND,Indiana Pacers,"Jones, Kam",Out,Injury/Illness - Lower Back; Stress Reaction,2025-10-30
10/31/2025,07:00 (ET),ATL@IND,Indiana Pacers,"Mathurin, Bennedict",Out,Injury/Illness - Right Great Toe; Sprain,2025-10-30
10/31/2025,07:00 (ET),ATL@IND,Indiana Pacers,"McConnell, T.J.",Out,Injury/Illness - Left Hamstring; Strain,2025-10-30
10/31/2025,07:00 (ET),ATL@IND,Indiana Pacers,"Nembhard, Andrew",Out,Injury/Illness - Left Shoulder; Strain,2025-10-30
10/31/2025,07:00 (ET),ATL@IND,Indiana Pacers,"Peter, Taelon",Questionable,Injury/Illness - Right Groin; Strain,2025-10-30
10/31/2025,07:00 (ET),ATL@IND,Indiana Pacers,"Toppin, Obi",Out,Injury/Illness - Right Foot; Stress Reaction,2025-10-30
10/31/2025,10:30 (ET),NOP@LAC,LA Clippers,,,NOT YET SUBMITTED,2025-10-30
10/31/2025,09:30 (ET),LAL@MEM,Los Angeles Lakers,,,NOT YET SUBMITTED,2025-10-30
10/31/2025,09:30 (ET),LAL@MEM,Memphis Grizzlies,,,NOT YET SUBMITTED,2025-10-30
10/30/2025,08:30 (ET),MIA@SAS,Miami Heat,"Herro, Tyler",Out,Injury/Illness - Left Ankle; Surgery,2025-10-30
10/30/2025,08:30 (ET),MIA@SAS,Miami Heat,"Jakucionis, Kasparas",Out,Injury/Illness - Right Groin; Strain,2025-10-30
10/30/2025,08:30 (ET),MIA@SAS,Miami Heat,"Jovic, Nikola",Probable,Injury/Illness - Right Hip; Contusion,2025-10-30
10/30/2025,08:30 (ET),MIA@SAS,Miami Heat,"Powell, Norman",Doubtful,Injury/Illness - Right Groin; Strain,2025-10-30
10/30/2025,08:30 (ET),MIA@SAS,Miami Heat,"Rozier, Terry",Out,Not With Team,2025-10-30
10/30/2025,08:00 (ET),GSW@MIL,Milwaukee Bucks,"Antetokounmpo, Giannis",Probable,Injury/Illness - Left Knee; Soreness,2025-10-30
10/30/2025,08:00 (ET),GSW@MIL,Milwaukee Bucks,"Porter Jr., Kevin",Out,Injury/Illness - Left Ankle; Sprain,2025-10-30
10/31/2025,10:30 (ET),NOP@LAC,New Orleans Pelicans,"Alexander, Trey",Out,G League - Two-Way,2025-10-30
10/31/2025,10:30 (ET),NOP@LAC,New Orleans Pelicans,"Dickinson, Hunter",Out,G League - Two-Way,2025-10-30
10/31/2025,10:30 (ET),NOP@LAC,New Orleans Pelicans,"Looney, Kevon",Doubtful,Injury/Illness - Left Knee; Sprain,2025-10-30
10/31/2025,10:30 (ET),NOP@LAC,New Orleans Pelicans,"Murray, Dejounte",Out,Injury/Illness - Right Achilles; Rupture,2025-10-30
10/31/2025,08:00 (ET),NYK@CHI,New York Knicks,,,NOT YET SUBMITTED,2025-10-30
10/30/2025,08:00 (ET),WAS@OKC,Oklahoma City Thunder,"Holmgren, Chet",Out,Injury/Illness - N/a; Low Back Soreness,2025-10-30
10/30/2025,08:00 (ET),WAS@OKC,Oklahoma City Thunder,"Joe, Isaiah",Available,-,2025-10-30
10/30/2025,08:00 (ET),WAS@OKC,Oklahoma City Thunder,"Sorber, Thomas",Out,Injury/Illness - Right ACL; Surgical Recovery,2025-10-30
10/30/2025,08:00 (ET),WAS@OKC,Oklahoma City Thunder,"Topic, Nikola",Out,Injury/Illness - N/a; Surgical Recovery,2025-10-30
10/30/2025,08:00 (ET),WAS@OKC,Oklahoma City Thunder,"Williams, Jalen",Out,Injury/Illness - Right Wrist; Surgical recovery,2025-10-30
10/30/2025,08:00 (ET),WAS@OKC,Oklahoma City Thunder,"Williams, Kenrich",Out,Injury/Illness - Left Knee; Surgical Recovery,2025-10-30
10/30/2025,07:00 (ET),ORL@CHA,Orlando Magic,"Cain, Jamal",Out,Not With Team,2025-10-30
10/30/2025,07:00 (ET),ORL@CHA,Orlando Magic,"Castleton, Colin",Out,Not With Team,2025-10-30
10/30/2025,07:00 (ET),ORL@CHA,Orlando Magic,"Suggs, Jalen",Out,Injury/Illness - Left Knee; Injury management,2025-10-30
10/30/2025,07:00 (ET),ORL@CHA,Orlando Magic,"Wagner, Franz",Questionable,Injury/Illness - Left Heel; Contusion,2025-10-30
10/30/2025,07:00 (ET),ORL@CHA,Orlando Magic,"Wagner, Moritz",Out,Injury/Illness - Left Knee; Injury recovery,2025-10-30
10/31/2025,07:00 (ET),BOS@PHI,Philadelphia 76ers,"Barlow, Dominick",Out,Injury/Illness - Right Elbow; Laceration,2025-10-30
10/31/2025,07:00 (ET),BOS@PHI,Philadelphia 76ers,"George, Paul",Out,Injury/Illness - Left Knee; Surgery Recovery,2025-10-30
10/31/2025,07:00 (ET),BOS@PHI,Philadelphia 76ers,"McCain, Jared",Out,Injury/Illness - Right Thumb; Surgery Recovery,2025-10-30
10/31/2025,10:00 (ET),UTA@PHX,Phoenix Suns,,,NOT YET SUBMITTED,2025-10-30
10/31/2025,10:00 (ET),DEN@POR,Portland Trail Blazers,,,NOT YET SUBMITTED,2025-10-30
10/30/2025,08:30 (ET),MIA@SAS,San Antonio Spurs,"Fox, De'Aaron",Out,Injury/Illness - Right Hamstring; Strain,2025-10-30
10/30/2025,08:30 (ET),MIA@SAS,San Antonio Spurs,"Kornet, Luke",Out,Injury/Illness - Left Ankle; Sprain,2025-10-30
10/30/2025,08:30 (ET),MIA@SAS,San Antonio Spurs,"Olynyk, Kelly",Out,Injury/Illness - Left Heel; Surgery,2025-10-30
10/30/2025,08:30 (ET),MIA@SAS,San Antonio Spurs,"Sochan, Jeremy",Out,Injury/Illness - Left Wrist; Sprain,2025-10-30
10/30/2025,08:30 (ET),MIA@SAS,San Antonio Spurs,"Waters III, Lindy",Out,Injury/Illness - Bilateral Eye; Procedure,2025-10-30
10/31/2025,07:30 (ET),TOR@CLE,Toronto Raptors,"Hepburn, Chucky",Out,G League - Two-Way,2025-10-30
10/31/2025,07:30 (ET),TOR@CLE,Toronto Raptors,"Lawson, A.J.",Out,G League - Two-Way,2025-10-30
10/31/2025,07:30 (ET),TOR@CLE,Toronto Raptors,"Martin, Alijah",Out,G League - Two-Way,2025-10-30
10/31/2025,07:30 (ET),TOR@CLE,Toronto Raptors,"Poeltl, Jakob",Out,Injury/Illness - Low Back; Tightness,2025-10-30
10/31/2025,10:00 (ET),UTA@PHX,Utah Jazz,,,NOT YET SUBMITTED,2025-10-30
10/30/2025,08:00 (ET),WAS@OKC,Washington Wizards,"Bagley III, Marvin",Available,Injury/Illness - Right Ankle; Sprain,2025-10-30
10/31/2025,07:00 (ET),ATL@IND,Atlanta Hawks,"Djurisic, Nikola",Out,G League - On Assignment,2025-10-31
10/31/2025,07:00 (ET),ATL@IND,Atlanta Hawks,"Ndiaye, Eli John",Out,G League - Two-Way,2025-10-31
10/31/2025,07:00 (ET),ATL@IND,Atlanta Hawks,"Young, Trae",Out,Injury/Illness - Right Knee; Sprain,2025-10-31
10/31/2025,07:00 (ET),BOS@PHI,Boston Celtics,"Harper Jr., Ron",Out,G League - Two-Way,2025-10-31
10/31/2025,07:00 (ET),BOS@PHI,Boston Celtics,"Shulga, Max",Out,G League - Two-Way,2025-10-31
10/31/2025,07:00 (ET),BOS@PHI,Boston Celtics,"Tatum, Jayson",Out,Injury/Illness - Right Achilles; Repair,2025-10-31
10/31/2025,07:00 (ET),BOS@PHI,Boston Celtics,"Williams, Amari",Out,G League - Two-Way,2025-10-31
11/01/2025,08:00 (ET),HOU@BOS,Boston Celtics,,,NOT YET SUBMITTED,2025-10-31
11/01/2025,06:00 (ET),MIN@CHA,Charlotte Hornets,"Ball, LaMelo",Questionable,Injury/Illness - Right Ankle; Impingement,2025-10-31
11/01/2025,06:00 (ET),MIN@CHA,Charlotte Hornets,"Green, Josh",Out,Injury/Illness - Left Shoulder; Surgery,2025-10-31
11/01/2025,06:00 (ET),MIN@CHA,Charlotte Hornets,"Miller, Brandon",Out,Injury/Illness - Left Shoulder; Subluxation,2025-10-31
11/01/2025,06:00 (ET),MIN@CHA,Charlotte Hornets,"Peterson, Drew",Out,G League - Two-Way,2025-10-31
11/01/2025,06:00 (ET),MIN@CHA,Charlotte Hornets,"Reeves, Antonio",Out,G League - Two-Way,2025-10-31
11/01/2025,06:00 (ET),MIN@CHA,Charlotte Hornets,"Williams, Grant",Out,Injury/Illness - Right Knee; Surgery,2025-10-31
10/31/2025,08:00 (ET),NYK@CHI,Chicago Bulls,"Collins, Zach",Out,Injury/Illness - Left Scaphoid; Fracture,2025-10-31
10/31/2025,08:00 (ET),NYK@CHI,Chicago Bulls,"White, Coby",Out,Injury/Illness - Right Calf; Strain,2025-10-31
10/31/2025,07:30 (ET),TOR@CLE,Cleveland Cavaliers,"Allen, Jarrett",Questionable,Injury/Illness - Left Hand; 4th Finger - Fracture,2025-10-31
10/31/2025,07:30 (ET),TOR@CLE,Cleveland Cavaliers,"Garland, Darius",Out,Injury/Illness - Left Great Toe; Surgical Recovery,2025-10-31
10/31/2025,07:30 (ET),TOR@CLE,Cleveland Cavaliers,"Merrill, Sam",Out,Injury/Illness - Right Hip; Contusion,2025-10-31
10/31/2025,07:30 (ET),TOR@CLE,Cleveland Cavaliers,"Mitchell, Donovan",Questionable,Injury/Illness - Left Hamstring; Tightness,2025-10-31
10/31/2025,07:30 (ET),TOR@CLE,Cleveland Cavaliers,"Strus, Max",Out,Injury/Illness - Left Foot; Surgery - Jones Fracture,2025-10-31
11/01/2025,10:00 (ET),DAL@DET,Dallas Mavericks,,,NOT YET SUBMITTED,2025-10-31
10/31/2025,10:00 (ET),DEN@POR,Denver Nuggets,"Bates, Tamar",Out,G League - Two-Way,2025-10-31
10/31/2025,10:00 (ET),DEN@POR,Denver Nuggets,"Holmes II, DaRon",Out,G League - On Assignment,2025-10-31
10/31/2025,10:00 (ET),DEN@POR,Denver Nuggets,"Johnson, Cameron",Probable,Injury/Illness - Right Shoulder; Inflammation,2025-10-31
10/31/2025,10:00 (ET),DEN@POR,Denver Nuggets,"Jones, Curtis",Out,G League - Two-Way,2025-10-31
10/31/2025,10:00 (ET),DEN@POR,Denver Nuggets,"Murray, Jamal",Questionable,Injury/Illness - Left Calf; Tightness,2025-10-31
11/01/2025,10:00 (ET),DAL@DET,Detroit Pistons,,,NOT YET SUBMITTED,2025-10-31
11/01/2025,07:00 (ET),GSW@IND,Golden State Warriors,"Melton, De'Anthony",Out,Injury/Illness - Left ACL; Surgery,2025-10-31
11/01/2025,07:00 (ET),GSW@IND,Golden State Warriors,"Toohey, Alex",Out,Injury/Illness - Left Knee; Injury Recovery,2025-10-31
11/01/2025,08:00 (ET),HOU@BOS,Houston Rockets,"Finney-Smith, Dorian",Out,Injury/Illness - Left Ankle; Ankle Surgery,2025-10-31
11/01/2025,08:00 (ET),HOU@BOS,Houston Rockets,"VanVleet, Fred",Out,Injury/Illness - Right Knee; ACL Repair,2025-10-31
10/31/2025,07:00 (ET),ATL@IND,Indiana Pacers,"Furphy, Johnny",Out,Injury/Illness - Left Foot; Bone Bruise,2025-10-31
10/31/2025,07:00 (ET),ATL@IND,Indiana Pacers,"Haliburton, Tyrese",Out,Injury/Illness - Right Achilles Tendon; Tear,2025-10-31
10/31/2025,07:00 (ET),ATL@IND,Indiana Pacers,"Jones, Kam",Out,Injury/Illness - Lower Back; Stress Reaction,2025-10-31
10/31/2025,07:00 (ET),ATL@IND,Indiana Pacers,"Mathurin, Bennedict",Out,Injury/Illness - Right Great Toe; Sprain,2025-10-31
10/31/2025,07:00 (ET),ATL@IND,Indiana Pacers,"McConnell, T.J.",Out,Injury/Illness - Left Hamstring; Strain,2025-10-31
10/31/2025,07:00 (ET),ATL@IND,Indiana Pacers,"Nembhard, Andrew",Out,Injury/Illness - Left Shoulder; Strain,2025-10-31
10/31/2025,07:00 (ET),ATL@IND,Indiana Pacers,"Peter, Taelon",Available,Injury/Illness - Right Groin; Strain,2025-10-31
10/31/2025,07:00 (ET),ATL@IND,Indiana Pacers,"Toppin, Obi",Out,Injury/Illness - Right Foot; Stress Reaction,2025-10-31
11/01/2025,07:00 (ET),GSW@IND,Indiana Pacers,,,NOT YET SUBMITTED,2025-10-31
10/31/2025,10:30 (ET),NOP@LAC,LA Clippers,"Miller, Jordan",Out,Injury/Illness - Left Hamstring; Strain,2025-10-31
10/31/2025,10:30 (ET),NOP@LAC,LA Clippers,"Niederhauser, Yanic Konan",Out,Injury/Illness - Left Ankle; Sprain,2025-10-31
10/31/2025,10:30 (ET),NOP@LAC,LA Clippers,"Sanders, Kobe",Out,Injury/Illness - Right Knee; Sprain,2025-10-31
10/31/2025,09:30 (ET),LAL@MEM,Los Angeles Lakers,"Doncic, Luka",Probable,Injury/Illness - Left Finger; Sprain; Lower Left Leg Contusion,2025-10-31
10/31/2025,09:30 (ET),LAL@MEM,Los Angeles Lakers,"James, LeBron",Out,Injury/Illness - Right Sciatica; -,2025-10-31
10/31/2025,09:30 (ET),LAL@MEM,Los Angeles Lakers,"Kleber, Maxi",Out,Injury/Illness - Abdominal Muscle; Strain,2025-10-31
10/31/2025,09:30 (ET),LAL@MEM,Los Angeles Lakers,"Smart, Marcus",Probable,Injury/Illness - Right Quad; Contusion,2025-10-31
10/31/2025,09:30 (ET),LAL@MEM,Los Angeles Lakers,"Thiero, Adou",Out,Injury/Illness - Left Knee; Surgery Recovery,2025-10-31
10/31/2025,09:30 (ET),LAL@MEM,Los Angeles Lakers,"Vincent, Gabe",Out,Injury/Illness - Left Ankle; Sprain,2025-10-31
10/31/2025,09:30 (ET),LAL@MEM,Memphis Grizzlies,"Clarke, Brandon",Out,Injury/Illness - Right Knee; Surgery Recovery,2025-10-31
10/31/2025,09:30 (ET),LAL@MEM,Memphis Grizzlies,"Edey, Zach",Out,Injury/Illness - Left Ankle; Surgery Recovery,2025-10-31
10/31/2025,09:30 (ET),LAL@MEM,Memphis Grizzlies,"Jackson, GG",Questionable,Injury/Illness - Illness; Illness,2025-10-31
10/31/2025,09:30 (ET),LAL@MEM,Memphis Grizzlies,"Jerome, Ty",Out,Injury/Illness - Right Calf; Strain,2025-10-31
10/31/2025,09:30 (ET),LAL@MEM,Memphis Grizzlies,"Pippen Jr., Scotty",Out,Injury/Illness - Left Great Toe; Surgery Recovery,2025-10-31
11/01/2025,05:00 (ET),SAC@MIL,Milwaukee Bucks,,,NOT YET SUBMITTED,2025-10-31
11/01/2025,06:00 (ET),MIN@CHA,Minnesota Timberwolves,"Clark, Jaylen",Questionable,Injury/Illness - Left Calf; Strain,2025-10-31
11/01/2025,06:00 (ET),MIN@CHA,Minnesota Timberwolves,"Dillingham, Rob",Available,Injury/Illness - Face; Face Mask,2025-10-31
11/01/2025,06:00 (ET),MIN@CHA,Minnesota Timberwolves,"Edwards, Anthony",Out,Injury/Illness - Right Hamstring; Strain,2025-10-31
11/01/2025,06:00 (ET),MIN@CHA,Minnesota Timberwolves,"Freeman, Enrique",Out,G League - Two-Way,2025-10-31
11/01/2025,06:00 (ET),MIN@CHA,Minnesota Timberwolves,"Zikarsky, Rocco",Out,G League - Two-Way,2025-10-31
10/31/2025,10:30 (ET),NOP@LAC,New Orleans Pelicans,"Alexander, Trey",Out,G League - Two-Way,2025-10-31
10/31/2025,10:30 (ET),NOP@LAC,New Orleans Pelicans,"Dickinson, Hunter",Out,G League - Two-Way,2025-10-31
10/31/2025,10:30 (ET),NOP@LAC,New Orleans Pelicans,"Looney, Kevon",Out,Injury/Illness - Left Knee; Sprain,2025-10-31
10/31/2025,10:30 (ET),NOP@LAC,New Orleans Pelicans,"Murray, Dejounte",Out,Injury/Illness - Right Achilles; Rupture,2025-10-31
10/31/2025,08:00 (ET),NYK@CHI,New York Knicks,"Robinson, Mitchell",Questionable,Injury/Illness - Left Ankle; Left Ankle Injury Management,2025-10-31
10/31/2025,08:00 (ET),NYK@CHI,New York Knicks,"Towns, Karl-Anthony",Probable,Injury/Illness - Right Quad; Strain,2025-10-31
10/31/2025,08:00 (ET),NYK@CHI,New York Knicks,"Yabusele, Guerschon",Probable,Injury/Illness - Left Knee; Sprain,2025-10-31
11/01/2025,07:00 (ET),ORL@WAS,Orlando Magic,"Cain, Jamal",Out,Not With Team,2025-10-31
11/01/2025,07:00 (ET),ORL@WAS,Orlando Magic,"Castleton, Colin",Out,Not With Team,2025-10-31
11/01/2025,07:00 (ET),ORL@WAS,Orlando Magic,"Wagner, Moritz",Out,Injury/Illness - Left Knee; Injury recovery,2025-10-31
10/31/2025,07:00 (ET),BOS@PHI,Philadelphia 76ers,"Barlow, Dominick",Out,Injury/Illness - Right Elbow; Laceration,2025-10-31
10/31/2025,07:00 (ET),BOS@PHI,Philadelphia 76ers,"George, Paul",Out,Injury/Illness - Left Knee; Surgery Recovery,2025-10-31
10/31/2025,07:00 (ET),BOS@PHI,Philadelphia 76ers,"McCain, Jared",Out,Injury/Illness - Right Thumb; Surgery Recovery,2025-10-31
10/31/2025,10:00 (ET),UTA@PHX,Phoenix Suns,"Brea, Koby",Out,G League - Two-Way,2025-10-31
10/31/2025,10:00 (ET),UTA@PHX,Phoenix Suns,"Brooks, Dillon",Out,Injury/Illness - Core Muscle; Strain,2025-10-31
10/31/2025,10:00 (ET),UTA@PHX,Phoenix Suns,"Green, Jalen",Out,Injury/Illness - Right Hamstring; Strain,2025-10-31
10/31/2025,10:00 (ET),UTA@PHX,Phoenix Suns,"Huntley, CJ",Out,G League - Two-Way,2025-10-31
10/31/2025,10:00 (ET),DEN@POR,Portland Trail Blazers,"Henderson, Scoot",Out,Injury/Illness - Left Hamstring; Tear,2025-10-31
10/31/2025,10:00 (ET),DEN@POR,Portland Trail Blazers,"Lillard, Damian",Out,Injury/Illness - Left Achilles Tendon; Injury Management,2025-10-31
10/31/2025,10:00 (ET),DEN@POR,Portland Trail Blazers,"Murray, Kris",Questionable,Injury/Illness - Illness; .,2025-10-31
10/31/2025,10:00 (ET),DEN@POR,Portland Trail Blazers,"Sharpe, Shaedon",Probable,Injury/Illness - Left Calf; Soreness,2025-10-31
10/31/2025,10:00 (ET),DEN@POR,Portland Trail Blazers,"Thybulle, Matisse",Out,Injury/Illness - Left Thumb; Sprain,2025-10-31
10/31/2025,10:00 (ET),DEN@POR,Portland Trail Blazers,"Williams III, Robert",Questionable,G League - On Assignment,2025-10-31
11/01/2025,05:00 (ET),SAC@MIL,Sacramento Kings,"Clifford, Nique",Questionable,Injury/Illness - Right Hamstring; Strain,2025-10-31
11/01/2025,05:00 (ET),SAC@MIL,Sacramento Kings,"Monk, Malik",Out,Personal Reasons,2025-10-31
11/01/2025,05:00 (ET),SAC@MIL,Sacramento Kings,"Murray, Keegan",Out,Injury/Illness - Left Thumb; UCL Injury Recovery,2025-10-31
11/01/2025,05:00 (ET),SAC@MIL,Sacramento Kings,"Plowden, Daeqwon",Available,G League - Two-Way,2025-10-31
11/01/2025,05:00 (ET),SAC@MIL,Sacramento Kings,"Stevens, Isaiah",Out,G League - Two-Way,2025-10-31
10/31/2025,07:30 (ET),TOR@CLE,Toronto Raptors,"Hepburn, Chucky",Out,G League - Two-Way,2025-10-31
10/31/2025,07:30 (ET),TOR@CLE,Toronto Raptors,"Lawson, A.J.",Out,G League - Two-Way,2025-10-31
10/31/2025,07:30 (ET),TOR@CLE,Toronto Raptors,"Martin, Alijah",Out,G League - Two-Way,2025-10-31
10/31/2025,07:30 (ET),TOR@CLE,Toronto Raptors,"Poeltl, Jakob",Out,Injury/Illness - Low Back; Tightness,2025-10-31
10/31/2025,10:00 (ET),UTA@PHX,Utah Jazz,"Collier, Isaiah",Out,G League - On Assignment,2025-10-31
10/31/2025,10:00 (ET),UTA@PHX,Utah Jazz,"Niang, Georges",Out,Injury/Illness - Left Foot; Fourth Metatarsal Stress Reaction,2025-10-31
10/31/2025,10:00 (ET),UTA@PHX,Utah Jazz,"Tonje, John",Out,G League - Two-Way,2025-10-31
10/31/2025,10:00 (ET),UTA@PHX,Utah Jazz,"Tshiebwe, Oscar",Out,G League - Two-Way,2025-10-31
11/02/2025,06:00 (ET),ATL@CLE,Atlanta Hawks,,,NOT YET SUBMITTED,2025-11-01
11/01/2025,08:00 (ET),HOU@BOS,Boston Celtics,,,NOT YET SUBMITTED,2025-11-01
11/02/2025,06:00 (ET),PHI@BKN,Brooklyn Nets,,,NOT YET SUBMITTED,2025-11-01
11/01/2025,06:00 (ET),MIN@CHA,Charlotte Hornets,"Ball, LaMelo",Questionable,Injury/Illness - Right Ankle; Impingement,2025-11-01
11/01/2025,06:00 (ET),MIN@CHA,Charlotte Hornets,"Green, Josh",Out,Injury/Illness - Left Shoulder; Surgery,2025-11-01
11/01/2025,06:00 (ET),MIN@CHA,Charlotte Hornets,"Miller, Brandon",Out,Injury/Illness - Left Shoulder; Subluxation,2025-11-01
11/01/2025,06:00 (ET),MIN@CHA,Charlotte Hornets,"Peterson, Drew",Out,G League - Two-Way,2025-11-01
11/01/2025,06:00 (ET),MIN@CHA,Charlotte Hornets,"Reeves, Antonio",Out,G League - Two-Way,2025-11-01
11/01/2025,06:00 (ET),MIN@CHA,Charlotte Hornets,"Williams, Grant",Out,Injury/Illness - Right Knee; Surgery,2025-11-01
11/02/2025,06:00 (ET),UTA@CHA,Charlotte Hornets,,,NOT YET SUBMITTED,2025-11-01
11/02/2025,07:00 (ET),CHI@NYK,Chicago Bulls,,,NOT YET SUBMITTED,2025-11-01
11/02/2025,06:00 (ET),ATL@CLE,Cleveland Cavaliers,,,NOT YET SUBMITTED,2025-11-01
11/01/2025,10:00 (ET),DAL@DET,Dallas Mavericks,"Davis, Anthony",Out,Injury/Illness - Left Calf; Strain,2025-11-01
11/01/2025,10:00 (ET),DAL@DET,Dallas Mavericks,"Exum, Dante",Out,Injury/Illness - Right Knee; Injury Management,2025-11-01
11/01/2025,10:00 (ET),DAL@DET,Dallas Mavericks,"Gafford, Daniel",Questionable,Injury/Illness - Right Ankle; Sprain,2025-11-01
11/01/2025,10:00 (ET),DAL@DET,Dallas Mavericks,"Irving, Kyrie",Out,Injury/Illness - Left Knee; Surgery,2025-11-01
11/01/2025,10:00 (ET),DAL@DET,Dallas Mavericks,"Lively II, Dereck",Out,Injury/Illness - Right Knee; Sprain,2025-11-01
11/01/2025,10:00 (ET),DAL@DET,Dallas Mavericks,"Russell, D'Angelo",Questionable,Injury/Illness - Left Knee; Contusion,2025-11-01
11/01/2025,10:00 (ET),DAL@DET,Detroit Pistons,"Ivey, Jaden",Out,Injury/Illness - Right Knee; Arthroscopy,2025-11-01
11/01/2025,10:00 (ET),DAL@DET,Detroit Pistons,"Sasser, Marcus",Questionable,Injury/Illness - Right Hip; Impingement,2025-11-01
11/01/2025,07:00 (ET),GSW@IND,Golden State Warriors,"Melton, De'Anthony",Out,Injury/Illness - Left ACL; Surgery,2025-11-01
11/01/2025,07:00 (ET),GSW@IND,Golden State Warriors,"Toohey, Alex",Out,Injury/Illness - Left Knee; Injury Recovery,2025-11-01
11/01/2025,08:00 (ET),HOU@BOS,Houston Rockets,"Finney-Smith, Dorian",Out,Injury/Illness - Left Ankle; Ankle Surgery,2025-11-01
11/01/2025,08:00 (ET),HOU@BOS,Houston Rockets,"VanVleet, Fred",Out,Injury/Illness - Right Knee; ACL Repair,2025-11-01
11/01/2025,07:00 (ET),GSW@IND,Indiana Pacers,"Furphy, Johnny",Probable,Injury/Illness - Left Foot; Bone Bruise,2025-11-01
11/01/2025,07:00 (ET),GSW@IND,Indiana Pacers,"Haliburton, Tyrese",Out,Injury/Illness - Right Achilles Tendon; Tear,2025-11-01
11/01/2025,07:00 (ET),GSW@IND,Indiana Pacers,"Jones, Kam",Out,Injury/Illness - Lower Back; Stress Reaction,2025-11-01
11/01/2025,07:00 (ET),GSW@IND,Indiana Pacers,"Mathurin, Bennedict",Out,Injury/Illness - Right Great Toe; Sprain,2025-11-01
11/01/2025,07:00 (ET),GSW@IND,Indiana Pacers,"McConnell, T.J.",Out,Injury/Illness - Left Hamstring; Strain,2025-11-01
11/01/2025,07:00 (ET),GSW@IND,Indiana Pacers,"Nembhard, Andrew",Out,Injury/Illness - Left Shoulder; Strain,2025-11-01
11/01/2025,07:00 (ET),GSW@IND,Indiana Pacers,"Peter, Taelon",Probable,Injury/Illness - Right Groin; Strain,2025-11-01
11/01/2025,07:00 (ET),GSW@IND,Indiana Pacers,"Toppin, Obi",Out,Injury/Illness - Right Foot; Stress Fracture,2025-11-01
11/02/2025,09:30 (ET),MIA@LAL,Los Angeles Lakers,,,NOT YET SUBMITTED,2025-11-01
11/02/2025,06:00 (ET),MEM@TOR,Memphis Grizzlies,,,NOT YET SUBMITTED,2025-11-01
11/02/2025,09:30 (ET),MIA@LAL,Miami Heat,,,NOT YET SUBMITTED,2025-11-01
11/01/2025,05:00 (ET),SAC@MIL,Milwaukee Bucks,"Antetokounmpo, Giannis",Questionable,Injury/Illness - Left Knee; Patellar Tendinopathy,2025-11-01
11/01/2025,05:00 (ET),SAC@MIL,Milwaukee Bucks,"Porter Jr., Kevin",Out,Injury/Illness - Right Knee; Meniscus Tear,2025-11-01
11/01/2025,06:00 (ET),MIN@CHA,Minnesota Timberwolves,"Clark, Jaylen",Questionable,Injury/Illness - Left Calf; Strain,2025-11-01
11/01/2025,06:00 (ET),MIN@CHA,Minnesota Timberwolves,"Dillingham, Rob",Available,Injury/Illness - Face; Face Mask,2025-11-01
11/01/2025,06:00 (ET),MIN@CHA,Minnesota Timberwolves,"Edwards, Anthony",Out,Injury/Illness - Right Hamstring; Strain,2025-11-01
11/01/2025,06:00 (ET),MIN@CHA,Minnesota Timberwolves,"Freeman, Enrique",Out,G League - Two-Way,2025-11-01
11/01/2025,06:00 (ET),MIN@CHA,Minnesota Timberwolves,"Zikarsky, Rocco",Out,G League - Two-Way,2025-11-01
11/02/2025,03:30 (ET),NOP@OKC,New Orleans Pelicans,,,NOT YET SUBMITTED,2025-11-01
11/02/2025,07:00 (ET),CHI@NYK,New York Knicks,,,NOT YET SUBMITTED,2025-11-01
11/02/2025,03:30 (ET),NOP@OKC,Oklahoma City Thunder,,,NOT YET SUBMITTED,2025-11-01
11/01/2025,07:00 (ET),ORL@WAS,Orlando Magic,"Cain, Jamal",Out,Not With Team,2025-11-01
11/01/2025,07:00 (ET),ORL@WAS,Orlando Magic,"Castleton, Colin",Out,Not With Team,2025-11-01
11/01/2025,07:00 (ET),ORL@WAS,Orlando Magic,"Wagner, Moritz",Out,Injury/Illness - Left Knee; Injury recovery,2025-11-01
11/02/2025,06:00 (ET),PHI@BKN,Philadelphia 76ers,,,NOT YET SUBMITTED,2025-11-01
11/02/2025,08:00 (ET),SAS@PHX,Phoenix Suns,,,NOT YET SUBMITTED,2025-11-01
11/01/2025,05:00 (ET),SAC@MIL,Sacramento Kings,"Clifford, Nique",Questionable,Injury/Illness - Right Hamstring; Strain,2025-11-01
11/01/2025,05:00 (ET),SAC@MIL,Sacramento Kings,"Monk, Malik",Out,Personal Reasons,2025-11-01
11/01/2025,05:00 (ET),SAC@MIL,Sacramento Kings,"Murray, Keegan",Out,Injury/Illness - Left Thumb; UCL Injury Recovery,2025-11-01
11/01/2025,05:00 (ET),SAC@MIL,Sacramento Kings,"Plowden, Daeqwon",Available,G League - Two-Way,2025-11-01
11/01/2025,05:00 (ET),SAC@MIL,Sacramento Kings,"Stevens, Isaiah",Out,G League - Two-Way,2025-11-01
11/02/2025,08:00 (ET),SAS@PHX,San Antonio Spurs,,,NOT YET SUBMITTED,2025-11-01
11/02/2025,06:00 (ET),MEM@TOR,Toronto Raptors,,,NOT YET SUBMITTED,2025-11-01
11/02/2025,06:00 (ET),UTA@CHA,Utah Jazz,,,NOT YET SUBMITTED,2025-11-01
11/02/2025,06:00 (ET),ATL@CLE,Atlanta Hawks,"Djurisic, Nikola",Out,G League - On Assignment,2025-11-02
11/02/2025,06:00 (ET),ATL@CLE,Atlanta Hawks,"Ndiaye, Eli John",Out,G League - Two-Way,2025-11-02
11/02/2025,06:00 (ET),ATL@CLE,Atlanta Hawks,"Wallace, Keaton",Out,Injury/Illness - Flu-like; Symptoms,2025-11-02
11/02/2025,06:00 (ET),ATL@CLE,Atlanta Hawks,"Young, Trae",Out,Injury/Illness - Right Knee; Sprain,2025-11-02
11/03/2025,07:30 (ET),UTA@BOS,Boston Celtics,"Harper Jr., Ron",Out,G League - Two-Way,2025-11-02
11/03/2025,07:30 (ET),UTA@BOS,Boston Celtics,"Shulga, Max",Out,G League - Two-Way,2025-11-02
11/03/2025,07:30 (ET),UTA@BOS,Boston Celtics,"Tatum, Jayson",Out,Injury/Illness - Right Achilles; Repair,2025-11-02
11/03/2025,07:30 (ET),UTA@BOS,Boston Celtics,"Williams, Amari",Out,G League - Two-Way,2025-11-02
11/02/2025,06:00 (ET),PHI@BKN,Brooklyn Nets,"Highsmith, Haywood",Out,"Injury/Illness - Right Knee; Surgery, Injury Recovery",2025-11-02
11/02/2025,06:00 (ET),PHI@BKN,Brooklyn Nets,"Mann, Terance",Available,Injury/Illness - N/a; Illness,2025-11-02
11/02/2025,06:00 (ET),PHI@BKN,Brooklyn Nets,"Wolf, Danny",Out,Injury/Illness - Left Ankle; Sprain,2025-11-02
11/03/2025,07:00 (ET),MIN@BKN,Brooklyn Nets,,,NOT YET SUBMITTED,2025-11-02
11/02/2025,06:00 (ET),UTA@CHA,Charlotte Hornets,"Ball, LaMelo",Out,Injury/Illness - Right Ankle; Impingement,2025-11-02
11/02/2025,06:00 (ET),UTA@CHA,Charlotte Hornets,"Green, Josh",Out,Injury/Illness - Left Shoulder; Surgery,2025-11-02
11/02/2025,06:00 (ET),UTA@CHA,Charlotte Hornets,"Kalkbrenner, Ryan",Available,Personal Reasons,2025-11-02
11/02/2025,06:00 (ET),UTA@CHA,Charlotte Hornets,"Miller, Brandon",Out,Injury/Illness - Left Shoulder; Subluxation,2025-11-02
11/02/2025,06:00 (ET),UTA@CHA,Charlotte Hornets,"Peterson, Drew",Out,G League - Two-Way,2025-11-02
11/02/2025,06:00 (ET),UTA@CHA,Charlotte Hornets,"Reeves, Antonio",Out,G League - Two-Way,2025-11-02
11/02/2025,06:00 (ET),UTA@CHA,Charlotte Hornets,"Williams, Grant",Out,Injury/Illness - Right Knee; Surgery,2025-11-02
11/02/2025,07:00 (ET),CHI@NYK,Chicago Bulls,"Collins, Zach",Out,Injury/Illness - Left Scaphoid; Fracture,2025-11-02
11/02/2025,07:00 (ET),CHI@NYK,Chicago Bulls,"Dosunmu, Ayo",Out,Injury/Illness - Left Quad; Contusion,2025-11-02
11/02/2025,07:00 (ET),CHI@NYK,Chicago Bulls,"Essengue, Noa",Out,G League - On Assignment,2025-11-02
11/02/2025,07:00 (ET),CHI@NYK,Chicago Bulls,"Phillips, Julian",Available,-,2025-11-02
11/02/2025,07:00 (ET),CHI@NYK,Chicago Bulls,"White, Coby",Out,Injury/Illness - Right Calf; Strain,2025-11-02
11/02/2025,06:00 (ET),ATL@CLE,Cleveland Cavaliers,"Allen, Jarrett",Out,Injury/Illness - Left Hand; 4th Finger - Fracture,2025-11-02
11/02/2025,06:00 (ET),ATL@CLE,Cleveland Cavaliers,"Garland, Darius",Out,Injury/Illness - Left Great Toe; Surgical Recovery,2025-11-02
11/02/2025,06:00 (ET),ATL@CLE,Cleveland Cavaliers,"Livingston, Chris",Out,Coach's Decision,2025-11-02
11/02/2025,06:00 (ET),ATL@CLE,Cleveland Cavaliers,"Merrill, Sam",Out,Injury/Illness - Right Hip; Contusion,2025-11-02
11/02/2025,06:00 (ET),ATL@CLE,Cleveland Cavaliers,"Mitchell, Donovan",Available,Injury/Illness - Left Hamstring; Tightness,2025-11-02
11/02/2025,06:00 (ET),ATL@CLE,Cleveland Cavaliers,"Strus, Max",Out,Injury/Illness - Left Foot; Surgery - Jones Fracture,2025-11-02
11/03/2025,08:00 (ET),DAL@HOU,Dallas Mavericks,"Davis, Anthony",Out,Injury/Illness - Left Calf; Strain,2025-11-02
11/03/2025,08:00 (ET),DAL@HOU,Dallas Mavericks,"Exum, Dante",Out,Injury/Illness - Right Knee; Injury Management,2025-11-02
11/03/2025,08:00 (ET),DAL@HOU,Dallas Mavericks,"Irving, Kyrie",Out,Injury/Illness - Left Knee; Surgery,2025-11-02
11/03/2025,08:00 (ET),DAL@HOU,Dallas Mavericks,"Lively II, Dereck",Out,Injury/Illness - Right Knee; Sprain,2025-11-02
11/03/2025,09:00 (ET),SAC@DEN,Denver Nuggets,"Bates, Tamar",Out,G League - Two-Way,2025-11-02
11/03/2025,09:00 (ET),SAC@DEN,Denver Nuggets,"Holmes II, DaRon",Out,G League - On Assignment,2025-11-02
11/03/2025,09:00 (ET),SAC@DEN,Denver Nuggets,"Johnson, Cameron",Probable,Injury/Illness - Right Shoulder; Inflammation,2025-11-02
11/03/2025,09:00 (ET),SAC@DEN,Denver Nuggets,"Jones, Curtis",Out,G League - Two-Way,2025-11-02
11/03/2025,09:00 (ET),SAC@DEN,Denver Nuggets,"Murray, Jamal",Probable,Injury/Illness - Left Calf; Tightness,2025-11-02
11/03/2025,08:00 (ET),DET@MEM,Detroit Pistons,,,NOT YET SUBMITTED,2025-11-02
11/03/2025,08:00 (ET),DAL@HOU,Houston Rockets,"Crawford, Isaiah",Out,G League - Two-Way,2025-11-02
11/03/2025,08:00 (ET),DAL@HOU,Houston Rockets,"Finney-Smith, Dorian",Out,Injury/Illness - Left Ankle; Surgery,2025-11-02
11/03/2025,08:00 (ET),DAL@HOU,Houston Rockets,"Harris, Kevon",Out,G League - Two-Way,2025-11-02
11/03/2025,08:00 (ET),DAL@HOU,Houston Rockets,"Smith Jr., Jabari",Questionable,Injury/Illness - Right Ankle; Sprain,2025-11-02
11/03/2025,08:00 (ET),DAL@HOU,Houston Rockets,"VanVleet, Fred",Out,Injury/Illness - Right Knee; ACL Repair,2025-11-02
11/03/2025,07:00 (ET),MIL@IND,Indiana Pacers,"Dennis, RayJ",Questionable,Injury/Illness - Low Back; Sprain,2025-11-02
11/03/2025,07:00 (ET),MIL@IND,Indiana Pacers,"Furphy, Johnny",Probable,Injury/Illness - Left Foot; Bone Bruise,2025-11-02
11/03/2025,07:00 (ET),MIL@IND,Indiana Pacers,"Haliburton, Tyrese",Out,Injury/Illness - Right Achilles Tendon; Tear,2025-11-02
11/03/2025,07:00 (ET),MIL@IND,Indiana Pacers,"Jones, Kam",Out,Injury/Illness - Lower Back; Stress Reaction,2025-11-02
11/03/2025,07:00 (ET),MIL@IND,Indiana Pacers,"Mathurin, Bennedict",Out,Injury/Illness - Right Great Toe; Sprain,2025-11-02
11/03/2025,07:00 (ET),MIL@IND,Indiana Pacers,"McConnell, T.J.",Out,Injury/Illness - Left Hamstring; Strain,2025-11-02
11/03/2025,07:00 (ET),MIL@IND,Indiana Pacers,"Nembhard, Andrew",Out,Injury/Illness - Left Shoulder; Strain,2025-11-02
11/03/2025,07:00 (ET),MIL@IND,Indiana Pacers,"Toppin, Obi",Out,Injury/Illness - Right Foot; Stress Fracture,2025-11-02
11/03/2025,10:30 (ET),MIA@LAC,LA Clippers,,,NOT YET SUBMITTED,2025-11-02
11/02/2025,09:30 (ET),MIA@LAL,Los Angeles Lakers,"Ayton, Deandre",Probable,Injury/Illness - Back; Spasms,2025-11-02
11/02/2025,09:30 (ET),MIA@LAL,Los Angeles Lakers,"James, LeBron",Out,Injury/Illness - Right Sciatica; -,2025-11-02
11/02/2025,09:30 (ET),MIA@LAL,Los Angeles Lakers,"Kleber, Maxi",Out,Injury/Illness - Abdominal Muscle; Strain,2025-11-02
11/02/2025,09:30 (ET),MIA@LAL,Los Angeles Lakers,"Thiero, Adou",Out,Injury/Illness - Left Knee; Surgery Recovery,2025-11-02
11/02/2025,09:30 (ET),MIA@LAL,Los Angeles Lakers,"Vincent, Gabe",Out,Injury/Illness - Left Ankle; Sprain,2025-11-02
11/03/2025,10:00 (ET),LAL@POR,Los Angeles Lakers,,,NOT YET SUBMITTED,2025-11-02
11/02/2025,06:00 (ET),MEM@TOR,Memphis Grizzlies,"Clarke, Brandon",Out,Injury/Illness - Right Knee; Surgery Recovery,2025-11-02
11/02/2025,06:00 (ET),MEM@TOR,Memphis Grizzlies,"Edey, Zach",Out,Injury/Illness - Left Ankle; Surgery Recovery,2025-11-02
11/02/2025,06:00 (ET),MEM@TOR,Memphis Grizzlies,"Jerome, Ty",Out,Injury/Illness - Right Calf; Strain,2025-11-02
11/02/2025,06:00 (ET),MEM@TOR,Memphis Grizzlies,"Morant, Ja",Out,Team Suspension,2025-11-02
11/02/2025,06:00 (ET),MEM@TOR,Memphis Grizzlies,"Pippen Jr., Scotty",Out,Injury/Illness - Left Great Toe; Surgery Recovery,2025-11-02
11/03/2025,08:00 (ET),DET@MEM,Memphis Grizzlies,,,NOT YET SUBMITTED,2025-11-02
11/02/2025,09:30 (ET),MIA@LAL,Miami Heat,"Goldin, Vladislav",Out,G League - Two-Way,2025-11-02
11/02/2025,09:30 (ET),MIA@LAL,Miami Heat,"Herro, Tyler",Out,Injury/Illness - Left Ankle; Surgery,2025-11-02
11/02/2025,09:30 (ET),MIA@LAL,Miami Heat,"Jakucionis, Kasparas",Out,Injury/Illness - Right Groin; Strain,2025-11-02
11/02/2025,09:30 (ET),MIA@LAL,Miami Heat,"Jovic, Nikola",Available,Injury/Illness - Right Hip; Contusion,2025-11-02
11/02/2025,09:30 (ET),MIA@LAL,Miami Heat,"Powell, Norman",Questionable,Injury/Illness - Right Groin; Strain,2025-11-02
11/02/2025,09:30 (ET),MIA@LAL,Miami Heat,"Rozier, Terry",Out,Not With Team,2025-11-02
11/03/2025,10:30 (ET),MIA@LAC,Miami Heat,,,NOT YET SUBMITTED,2025-11-02
11/03/2025,07:00 (ET),MIL@IND,Milwaukee Bucks,"Antetokounmpo, Alex",Out,G League - Two-Way,2025-11-02
11/03/2025,07:00 (ET),MIL@IND,Milwaukee Bucks,"Antetokounmpo, Giannis",Probable,Injury/Illness - Left Knee; Patellar Tendinopathy,2025-11-02
11/03/2025,07:00 (ET),MIL@IND,Milwaukee Bucks,"Nance, Pete",Out,G League - Two-Way,2025-11-02
11/03/2025,07:00 (ET),MIL@IND,Milwaukee Bucks,"Porter Jr., Kevin",Out,Injury/Illness - Right Knee; Meniscus Tear,2025-11-02
11/03/2025,07:00 (ET),MIN@BKN,Minnesota Timberwolves,"DiVincenzo, Donte",Available,Injury/Illness - Face; Face Mask,2025-11-02
11/03/2025,07:00 (ET),MIN@BKN,Minnesota Timberwolves,"Dillingham, Rob",Available,Injury/Illness - Face; Face Mask,2025-11-02
11/03/2025,07:00 (ET),MIN@BKN,Minnesota Timberwolves,"Edwards, Anthony",Out,Injury/Illness - Right Hamstring; Strain,2025-11-02
11/03/2025,07:00 (ET),MIN@BKN,Minnesota Timberwolves,"Freeman, Enrique",Out,G League - Two-Way,2025-11-02
11/03/2025,07:00 (ET),MIN@BKN,Minnesota Timberwolves,"Zikarsky, Rocco",Out,G League - Two-Way,2025-11-02
11/02/2025,03:30 (ET),NOP@OKC,New Orleans Pelicans,"Alexander, Trey",Out,G League - Two-Way,2025-11-02
11/02/2025,03:30 (ET),NOP@OKC,New Orleans Pelicans,"Dickinson, Hunter",Out,G League - Two-Way,2025-11-02
11/02/2025,03:30 (ET),NOP@OKC,New Orleans Pelicans,"Looney, Kevon",Available,Injury/Illness - Left Knee; Sprain,2025-11-02
11/02/2025,03:30 (ET),NOP@OKC,New Orleans Pelicans,"Murray, Dejounte",Out,Injury/Illness - Right Achilles; Rupture,2025-11-02
11/02/2025,07:00 (ET),CHI@NYK,New York Knicks,"Robinson, Mitchell",Questionable,Injury/Illness - Left Ankle; Left Ankle Injury Management,2025-11-02
11/03/2025,07:30 (ET),WAS@NYK,New York Knicks,,,NOT YET SUBMITTED,2025-11-02
11/02/2025,03:30 (ET),NOP@OKC,Oklahoma City Thunder,"Dort, Luguentz",Out,Injury/Illness - N/a; Illness,2025-11-02
11/02/2025,03:30 (ET),NOP@OKC,Oklahoma City Thunder,"Holmgren, Chet",Out,Injury/Illness - Low Back; Sprain,2025-11-02
11/02/2025,03:30 (ET),NOP@OKC,Oklahoma City Thunder,"Sorber, Thomas",Out,Injury/Illness - Right ACL; Surgical Recovery,2025-11-02
11/02/2025,03:30 (ET),NOP@OKC,Oklahoma City Thunder,"Topic, Nikola",Out,Injury/Illness - N/a; Surgical Recovery,2025-11-02
11/02/2025,03:30 (ET),NOP@OKC,Oklahoma City Thunder,"Williams, Jalen",Out,Injury/Illness - Right Wrist; Surgical Recovery,2025-11-02
11/02/2025,03:30 (ET),NOP@OKC,Oklahoma City Thunder,"Williams, Kenrich",Out,Injury/Illness - Left Knee; Surgical Recovery,2025-11-02
11/02/2025,06:00 (ET),PHI@BKN,Philadelphia 76ers,"Barlow, Dominick",Out,Injury/Illness - Right Elbow;,2025-11-02
11/02/2025,06:00 (ET),PHI@BKN,Philadelphia 76ers,"Broome, Johni",Available,Laceration - Injury/Illness - Left Knee; Injury,2025-11-02
11/02/2025,06:00 (ET),PHI@BKN,Philadelphia 76ers,"Embiid, Joel",Out,Injury/Illness - Left Knee; Injury Recovery,2025-11-02
11/02/2025,06:00 (ET),PHI@BKN,Philadelphia 76ers,"George, Paul",Out,Injury/Illness - Left Knee; Surgery Recovery,2025-11-02
11/02/2025,06:00 (ET),PHI@BKN,Philadelphia 76ers,"McCain, Jared",Out,Injury/Illness - Right Thumb; Surgery Recovery,2025-11-02
11/02/2025,08:00 (ET),SAS@PHX,Phoenix Suns,"Brooks, Dillon",Out,Injury/Illness - Core Muscle; Strain,2025-11-02
11/02/2025,08:00 (ET),SAS@PHX,Phoenix Suns,"Green, Jalen",Out,Injury/Illness - Right Hamstring; Strain,2025-11-02
11/02/2025,08:00 (ET),SAS@PHX,Phoenix Suns,"Livers, Isaiah",Doubtful,Injury/Illness - Right Hip; Contusion,2025-11-02
11/03/2025,10:00 (ET),LAL@POR,Portland Trail Blazers,,,NOT YET SUBMITTED,2025-11-02
11/03/2025,09:00 (ET),SAC@DEN,Sacramento Kings,,,NOT YET SUBMITTED,2025-11-02
11/02/2025,08:00 (ET),SAS@PHX,San Antonio Spurs,"Fox, De'Aaron",Out,Injury/Illness - Right Hamstring; Strain,2025-11-02
11/02/2025,08:00 (ET),SAS@PHX,San Antonio Spurs,"Ingram, Harrison",Out,G League - Two-Way,2025-11-02
11/02/2025,08:00 (ET),SAS@PHX,San Antonio Spurs,"Kornet, Luke",Out,Injury/Illness - Left Ankle; Sprain,2025-11-02
11/02/2025,08:00 (ET),SAS@PHX,San Antonio Spurs,"Minix, Riley",Out,G League - Two-Way,2025-11-02
11/02/2025,08:00 (ET),SAS@PHX,San Antonio Spurs,"Olynyk, Kelly",Out,Injury/Illness - Left Heel; Surgery,2025-11-02
11/02/2025,08:00 (ET),SAS@PHX,San Antonio Spurs,"Sochan, Jeremy",Out,Injury/Illness - Left Wrist; Sprain,2025-11-02
11/02/2025,08:00 (ET),SAS@PHX,San Antonio Spurs,"Waters III, Lindy",Out,Injury/Illness - Bilateral Eye; Procedure,2025-11-02
11/02/2025,06:00 (ET),MEM@TOR,Toronto Raptors,"Lawson, A.J.",Out,G League - Two-Way,2025-11-02
11/02/2025,06:00 (ET),MEM@TOR,Toronto Raptors,"Martin, Alijah",Out,G League - Two-Way,2025-11-02
11/02/2025,06:00 (ET),MEM@TOR,Toronto Raptors,"Poeltl, Jakob",Out,Injury/Illness - Back; Lower; injury management,2025-11-02
11/02/2025,06:00 (ET),MEM@TOR,Toronto Raptors,"Shead, Jamal",Available,Injury/Illness - Illness; Illness,2025-11-02
11/02/2025,06:00 (ET),UTA@CHA,Utah Jazz,"Collier, Isaiah",Out,G League - On Assignment,2025-11-02
11/02/2025,06:00 (ET),UTA@CHA,Utah Jazz,"Kessler, Walker",Out,Injury/Illness - Left Shoulder; Bursitis,2025-11-02
11/02/2025,06:00 (ET),UTA@CHA,Utah Jazz,"Niang, Georges",Out,Injury/Illness - Left Foot; Fourth Metatarsal Stress Reaction,2025-11-02
11/02/2025,06:00 (ET),UTA@CHA,Utah Jazz,"Tonje, John",Out,G League - Two-Way,2025-11-02
11/02/2025,06:00 (ET),UTA@CHA,Utah Jazz,"Tshiebwe, Oscar",Out,G League - Two-Way,2025-11-02
11/03/2025,07:30 (ET),UTA@BOS,Utah Jazz,,,NOT YET SUBMITTED,2025-11-02
11/03/2025,07:30 (ET),WAS@NYK,Washington Wizards,"Middleton, Khris",Questionable,Injury/Illness - Left Elbow; Contusion,2025-11-02
11/04/2025,08:00 (ET),ORL@ATL,Atlanta Hawks,,,NOT YET SUBMITTED,2025-11-03
11/03/2025,07:30 (ET),UTA@BOS,Boston Celtics,"Harper Jr., Ron",Out,G League - Two-Way,2025-11-03
11/03/2025,07:30 (ET),UTA@BOS,Boston Celtics,"Shulga, Max",Out,G League - Two-Way,2025-11-03
11/03/2025,07:30 (ET),UTA@BOS,Boston Celtics,"Tatum, Jayson",Out,Injury/Illness - Right Achilles; Repair,2025-11-03
11/03/2025,07:30 (ET),UTA@BOS,Boston Celtics,"Williams, Amari",Out,G League - Two-Way,2025-11-03
11/03/2025,07:00 (ET),MIN@BKN,Brooklyn Nets,,,NOT YET SUBMITTED,2025-11-03
11/04/2025,08:00 (ET),CHA@NOP,Charlotte Hornets,,,NOT YET SUBMITTED,2025-11-03
11/04/2025,08:00 (ET),PHI@CHI,Chicago Bulls,,,NOT YET SUBMITTED,2025-11-03
11/03/2025,08:00 (ET),DAL@HOU,Dallas Mavericks,"Davis, Anthony",Out,Injury/Illness - Left Calf; Strain,2025-11-03
11/03/2025,08:00 (ET),DAL@HOU,Dallas Mavericks,"Exum, Dante",Out,Injury/Illness - Right Knee; Injury Management,2025-11-03
11/03/2025,08:00 (ET),DAL@HOU,Dallas Mavericks,"Irving, Kyrie",Out,Injury/Illness - Left Knee; Surgery,2025-11-03
11/03/2025,08:00 (ET),DAL@HOU,Dallas Mavericks,"Lively II, Dereck",Out,Injury/Illness - Right Knee; Sprain,2025-11-03
11/03/2025,09:00 (ET),SAC@DEN,Denver Nuggets,"Bates, Tamar",Out,G League - Two-Way,2025-11-03
11/03/2025,09:00 (ET),SAC@DEN,Denver Nuggets,"Holmes II, DaRon",Out,G League - On Assignment,2025-11-03
11/03/2025,09:00 (ET),SAC@DEN,Denver Nuggets,"Johnson, Cameron",Probable,Injury/Illness - Right Shoulder; Inflammation,2025-11-03
11/03/2025,09:00 (ET),SAC@DEN,Denver Nuggets,"Jones, Curtis",Out,G League - Two-Way,2025-11-03
11/03/2025,09:00 (ET),SAC@DEN,Denver Nuggets,"Murray, Jamal",Probable,Injury/Illness - Left Calf; Tightness,2025-11-03
11/03/2025,08:00 (ET),DET@MEM,Detroit Pistons,"Harris, Tobias",Questionable,Injury/Illness - Right Ankle; Sprain,2025-11-03
11/03/2025,08:00 (ET),DET@MEM,Detroit Pistons,"Ivey, Jaden",Out,Injury/Illness - Right Knee; Arthroscopy,2025-11-03
11/03/2025,08:00 (ET),DET@MEM,Detroit Pistons,"Sasser, Marcus",Out,Injury/Illness - Right Hip; Impingement,2025-11-03
11/04/2025,10:00 (ET),PHX@GSW,Golden State Warriors,,,NOT YET SUBMITTED,2025-11-03
11/03/2025,08:00 (ET),DAL@HOU,Houston Rockets,"Crawford, Isaiah",Out,G League - Two-Way,2025-11-03
11/03/2025,08:00 (ET),DAL@HOU,Houston Rockets,"Finney-Smith, Dorian",Out,Injury/Illness - Left Ankle; Surgery,2025-11-03
11/03/2025,08:00 (ET),DAL@HOU,Houston Rockets,"Harris, Kevon",Out,G League - Two-Way,2025-11-03
11/03/2025,08:00 (ET),DAL@HOU,Houston Rockets,"Smith Jr., Jabari",Questionable,Injury/Illness - Right Ankle; Sprain,2025-11-03
11/03/2025,08:00 (ET),DAL@HOU,Houston Rockets,"VanVleet, Fred",Out,Injury/Illness - Right Knee; ACL Repair,2025-11-03
11/03/2025,07:00 (ET),MIL@IND,Indiana Pacers,"Dennis, RayJ",Questionable,Injury/Illness - Low Back; Sprain,2025-11-03
11/03/2025,07:00 (ET),MIL@IND,Indiana Pacers,"Furphy, Johnny",Probable,Injury/Illness - Left Foot; Bone Bruise,2025-11-03
11/03/2025,07:00 (ET),MIL@IND,Indiana Pacers,"Haliburton, Tyrese",Out,Injury/Illness - Right Achilles Tendon; Tear,2025-11-03
11/03/2025,07:00 (ET),MIL@IND,Indiana Pacers,"Jones, Kam",Out,Injury/Illness - Lower Back; Stress Reaction,2025-11-03
11/03/2025,07:00 (ET),MIL@IND,Indiana Pacers,"Mathurin, Bennedict",Out,Injury/Illness - Right Great Toe; Sprain,2025-11-03
11/03/2025,07:00 (ET),MIL@IND,Indiana Pacers,"McConnell, T.J.",Out,Injury/Illness - Left Hamstring; Strain,2025-11-03
11/03/2025,07:00 (ET),MIL@IND,Indiana Pacers,"Nembhard, Andrew",Out,Injury/Illness - Left Shoulder; Strain,2025-11-03
11/03/2025,07:00 (ET),MIL@IND,Indiana Pacers,"Toppin, Obi",Out,Injury/Illness - Right Foot; Stress Fracture,2025-11-03
11/03/2025,10:30 (ET),MIA@LAC,LA Clippers,"Miller, Jordan",Out,Injury/Illness - Left Hamstring; Strain,2025-11-03
11/03/2025,10:30 (ET),MIA@LAC,LA Clippers,"Sanders, Kobe",Out,Injury/Illness - Right Knee; Sprain,2025-11-03
11/04/2025,11:00 (ET),OKC@LAC,LA Clippers,,,NOT YET SUBMITTED,2025-11-03
11/03/2025,10:00 (ET),LAL@POR,Los Angeles Lakers,,,NOT YET SUBMITTED,2025-11-03
11/03/2025,08:00 (ET),DET@MEM,Memphis Grizzlies,,,NOT YET SUBMITTED,2025-11-03
11/03/2025,10:30 (ET),MIA@LAC,Miami Heat,,,NOT YET SUBMITTED,2025-11-03
11/03/2025,07:00 (ET),MIL@IND,Milwaukee Bucks,"Antetokounmpo, Alex",Out,G League - Two-Way,2025-11-03
11/03/2025,07:00 (ET),MIL@IND,Milwaukee Bucks,"Antetokounmpo, Giannis",Probable,Injury/Illness - Left Knee; Patellar Tendinopathy,2025-11-03
11/03/2025,07:00 (ET),MIL@IND,Milwaukee Bucks,"Nance, Pete",Out,G League - Two-Way,2025-11-03
11/03/2025,07:00 (ET),MIL@IND,Milwaukee Bucks,"Porter Jr., Kevin",Out,Injury/Illness - Right Knee; Meniscus Tear,2025-11-03
11/04/2025,07:30 (ET),MIL@TOR,Milwaukee Bucks,,,NOT YET SUBMITTED,2025-11-03
11/03/2025,07:00 (ET),MIN@BKN,Minnesota Timberwolves,"DiVincenzo, Donte",Available,Injury/Illness - Face; Face Mask,2025-11-03
11/03/2025,07:00 (ET),MIN@BKN,Minnesota Timberwolves,"Dillingham, Rob",Available,Injury/Illness - Face; Face Mask,2025-11-03
11/03/2025,07:00 (ET),MIN@BKN,Minnesota Timberwolves,"Edwards, Anthony",Out,Injury/Illness - Right Hamstring; Strain,2025-11-03
11/03/2025,07:00 (ET),MIN@BKN,Minnesota Timberwolves,"Freeman, Enrique",Out,G League - Two-Way,2025-11-03
11/03/2025,07:00 (ET),MIN@BKN,Minnesota Timberwolves,"Zikarsky, Rocco",Out,G League - Two-Way,2025-11-03
11/04/2025,08:00 (ET),CHA@NOP,New Orleans Pelicans,,,NOT YET SUBMITTED,2025-11-03
11/03/2025,07:30 (ET),WAS@NYK,New York Knicks,"Hart, Josh",Questionable,Injury/Illness - Left Ankle; Sprain,2025-11-03
11/03/2025,07:30 (ET),WAS@NYK,New York Knicks,"Robinson, Mitchell",Out,Injury/Illness - Left Ankle; Left Ankle Injury Management,2025-11-03
11/04/2025,11:00 (ET),OKC@LAC,Oklahoma City Thunder,,,NOT YET SUBMITTED,2025-11-03
11/04/2025,08:00 (ET),ORL@ATL,Orlando Magic,,,NOT YET SUBMITTED,2025-11-03
11/04/2025,08:00 (ET),PHI@CHI,Philadelphia 76ers,,,NOT YET SUBMITTED,2025-11-03
11/04/2025,10:00 (ET),PHX@GSW,Phoenix Suns,,,NOT YET SUBMITTED,2025-11-03
11/03/2025,10:00 (ET),LAL@POR,Portland Trail Blazers,"Henderson, Scoot",Out,Injury/Illness - Left Hamstring; Tear,2025-11-03
11/03/2025,10:00 (ET),LAL@POR,Portland Trail Blazers,"Lillard, Damian",Out,Injury/Illness - Left Achilles Tendon; Injury Management,2025-11-03
11/03/2025,10:00 (ET),LAL@POR,Portland Trail Blazers,"Sharpe, Shaedon",Probable,Injury/Illness - Left Calf; Soreness,2025-11-03
11/03/2025,10:00 (ET),LAL@POR,Portland Trail Blazers,"Thybulle, Matisse",Out,Injury/Illness - Left Thumb; Ligament Tear,2025-11-03
11/03/2025,10:00 (ET),LAL@POR,Portland Trail Blazers,"Wesley, Blake",Out,Injury/Illness - Right Foot; Fracture,2025-11-03
11/03/2025,09:00 (ET),SAC@DEN,Sacramento Kings,"Carter, Devin",Questionable,Injury/Illness - Right Knee; Soreness,2025-11-03
11/03/2025,09:00 (ET),SAC@DEN,Sacramento Kings,"LaVine, Zach",Questionable,Injury/Illness - Lower Back; Soreness,2025-11-03
11/03/2025,09:00 (ET),SAC@DEN,Sacramento Kings,"Monk, Malik",Out,Personal Reasons,2025-11-03
11/03/2025,09:00 (ET),SAC@DEN,Sacramento Kings,"Murray, Keegan",Out,Injury/Illness - Left Thumb; UCL Injury Recovery,2025-11-03
11/03/2025,09:00 (ET),SAC@DEN,Sacramento Kings,"Schroder, Dennis",Questionable,Injury/Illness - Right Hip; Soreness,2025-11-03
11/03/2025,09:00 (ET),SAC@DEN,Sacramento Kings,"Stevens, Isaiah",Out,G League - Two-Way,2025-11-03
11/04/2025,07:30 (ET),MIL@TOR,Toronto Raptors,,,NOT YET SUBMITTED,2025-11-03
11/03/2025,07:30 (ET),UTA@BOS,Utah Jazz,,,NOT YET SUBMITTED,2025-11-03
11/03/2025,07:30 (ET),WAS@NYK,Washington Wizards,"Middleton, Khris",Questionable,Injury/Illness - Left Elbow; Contusion,2025-11-03
11/04/2025,08:00 (ET),ORL@ATL,Atlanta Hawks,"Dante, N'Faly",Questionable,G League - On Assignment,2025-11-04
11/04/2025,08:00 (ET),ORL@ATL,Atlanta Hawks,"Djurisic, Nikola",Questionable,G League - On Assignment,2025-11-04
11/04/2025,08:00 (ET),ORL@ATL,Atlanta Hawks,"Ndiaye, Eli John",Questionable,G League - Two-Way,2025-11-04
11/04/2025,08:00 (ET),ORL@ATL,Atlanta Hawks,"Toppin, Jacob",Questionable,G League - Two-Way,2025-11-04
11/04/2025,08:00 (ET),ORL@ATL,Atlanta Hawks,"Young, Trae",Out,Injury/Illness - Right Knee; MCL Sprain,2025-11-04
11/05/2025,07:30 (ET),WAS@BOS,Boston Celtics,"Harper Jr., Ron",Out,G League - Two-Way,2025-11-04
11/05/2025,07:30 (ET),WAS@BOS,Boston Celtics,"Shulga, Max",Out,G League - Two-Way,2025-11-04
11/05/2025,07:30 (ET),WAS@BOS,Boston Celtics,"Tatum, Jayson",Out,Injury/Illness - Right Achilles; Repair,2025-11-04
11/05/2025,07:30 (ET),WAS@BOS,Boston Celtics,"Williams, Amari",Out,G League - Two-Way,2025-11-04
11/05/2025,07:00 (ET),BKN@IND,Brooklyn Nets,"Highsmith, Haywood",Out,"Injury/Illness - Right Knee; Surgery, Injury Recovery",2025-11-04
11/05/2025,07:00 (ET),BKN@IND,Brooklyn Nets,"Powell, Drake",Out,Injury/Illness - Right Ankle; Sprain,2025-11-04
11/05/2025,07:00 (ET),BKN@IND,Brooklyn Nets,"Saraf, Ben",Out,G League - On Assignment,2025-11-04
11/05/2025,07:00 (ET),BKN@IND,Brooklyn Nets,"Traore, Nolan",Out,G League - On Assignment,2025-11-04
11/05/2025,07:00 (ET),BKN@IND,Brooklyn Nets,"Wolf, Danny",Out,G League - On Assignment,2025-11-04
11/04/2025,08:00 (ET),CHA@NOP,Charlotte Hornets,"Ball, LaMelo",Out,Injury/Illness - Right Ankle; Impingement,2025-11-04
11/04/2025,08:00 (ET),CHA@NOP,Charlotte Hornets,"Green, Josh",Out,Injury/Illness - Left Shoulder; Surgery,2025-11-04
11/04/2025,08:00 (ET),CHA@NOP,Charlotte Hornets,"Miller, Brandon",Out,Injury/Illness - Left Shoulder; Subluxation,2025-11-04
11/04/2025,08:00 (ET),CHA@NOP,Charlotte Hornets,"Peterson, Drew",Out,G League - Two-Way,2025-11-04
11/04/2025,08:00 (ET),CHA@NOP,Charlotte Hornets,"Reeves, Antonio",Out,G League - Two-Way,2025-11-04
11/04/2025,08:00 (ET),CHA@NOP,Charlotte Hornets,"Salaun, Tidjane",Out,G League - On Assignment,2025-11-04
11/04/2025,08:00 (ET),CHA@NOP,Charlotte Hornets,"Williams, Grant",Out,Injury/Illness - Right Knee; Surgery,2025-11-04
11/04/2025,08:00 (ET),PHI@CHI,Chicago Bulls,"Collins, Zach",Out,Injury/Illness - Left Scaphoid; Fracture,2025-11-04
11/04/2025,08:00 (ET),PHI@CHI,Chicago Bulls,"Dosunmu, Ayo",Questionable,Injury/Illness - Left Quadricep; Contusion,2025-11-04
11/04/2025,08:00 (ET),PHI@CHI,Chicago Bulls,"Essengue, Noa",Out,G League - On Assignment,2025-11-04
11/04/2025,08:00 (ET),PHI@CHI,Chicago Bulls,"White, Coby",Out,Injury/Illness - Right Calf; Strain,2025-11-04
11/05/2025,07:00 (ET),PHI@CLE,Cleveland Cavaliers,"Allen, Jarrett",Questionable,Injury/Illness - Left Hand; 4th Finger - Fracture,2025-11-04
11/05/2025,07:00 (ET),PHI@CLE,Cleveland Cavaliers,"Garland, Darius",Questionable,Injury/Illness - Left Great Toe; Surgical Recovery,2025-11-04
11/05/2025,07:00 (ET),PHI@CLE,Cleveland Cavaliers,"Livingston, Chris",Out,G League - Two-Way,2025-11-04
11/05/2025,07:00 (ET),PHI@CLE,Cleveland Cavaliers,"Merrill, Sam",Questionable,Injury/Illness - Right Hip; Contusion,2025-11-04
11/05/2025,07:00 (ET),PHI@CLE,Cleveland Cavaliers,"Strus, Max",Out,Injury/Illness - Left Foot; Surgery - Jones Fracture,2025-11-04
11/05/2025,08:30 (ET),NOP@DAL,Dallas Mavericks,"Davis, Anthony",Out,Injury/Illness - Left Calf; Strain,2025-11-04
11/05/2025,08:30 (ET),NOP@DAL,Dallas Mavericks,"Exum, Dante",Out,Injury/Illness - Right Knee; Injury Management,2025-11-04
11/05/2025,08:30 (ET),NOP@DAL,Dallas Mavericks,"Irving, Kyrie",Out,Injury/Illness - Left Knee; Surgery,2025-11-04
11/05/2025,08:30 (ET),NOP@DAL,Dallas Mavericks,"Lively II, Dereck",Out,Injury/Illness - Right Knee; Sprain,2025-11-04
11/05/2025,09:00 (ET),MIA@DEN,Denver Nuggets,,,NOT YET SUBMITTED,2025-11-04
11/05/2025,07:00 (ET),UTA@DET,Detroit Pistons,"Harris, Tobias",Out,Injury/Illness - Right Ankle; Sprain,2025-11-04
11/05/2025,07:00 (ET),UTA@DET,Detroit Pistons,"Ivey, Jaden",Out,Injury/Illness - Right Knee; Arthroscopy,2025-11-04
11/05/2025,07:00 (ET),UTA@DET,Detroit Pistons,"Sasser, Marcus",Out,Injury/Illness - Right Hip; Impingement,2025-11-04
11/04/2025,10:00 (ET),PHX@GSW,Golden State Warriors,"Butler III, Jimmy",Questionable,Injury/Illness - Right Low Back; Soreness,2025-11-04
11/04/2025,10:00 (ET),PHX@GSW,Golden State Warriors,"Horford, Al",Out,Injury/Illness - Left Toe; Injury Management,2025-11-04
11/04/2025,10:00 (ET),PHX@GSW,Golden State Warriors,"Melton, De'Anthony",Out,Injury/Illness - Left ACL; Surgery,2025-11-04
11/04/2025,10:00 (ET),PHX@GSW,Golden State Warriors,"Toohey, Alex",Out,Injury/Illness - Left Knee; Injury Recovery,2025-11-04
11/05/2025,10:00 (ET),GSW@SAC,Golden State Warriors,,,NOT YET SUBMITTED,2025-11-04
11/05/2025,08:00 (ET),HOU@MEM,Houston Rockets,"Adams, Steven",Questionable,Injury/Illness - Left Hip Flexor; Tightness,2025-11-04
11/05/2025,08:00 (ET),HOU@MEM,Houston Rockets,"Crawford, Isaiah",Out,G League - Two-Way,2025-11-04
11/05/2025,08:00 (ET),HOU@MEM,Houston Rockets,"Finney-Smith, Dorian",Out,Injury/Illness - Left Ankle; Surgery,2025-11-04
11/05/2025,08:00 (ET),HOU@MEM,Houston Rockets,"Harris, Kevon",Out,G League - Two-Way,2025-11-04
11/05/2025,08:00 (ET),HOU@MEM,Houston Rockets,"Smith Jr., Jabari",Questionable,Injury/Illness - Right Ankle; Sprain,2025-11-04
11/05/2025,08:00 (ET),HOU@MEM,Houston Rockets,"VanVleet, Fred",Out,Injury/Illness - Right Knee; ACL Repair,2025-11-04
11/05/2025,07:00 (ET),BKN@IND,Indiana Pacers,"Dennis, RayJ",Probable,Injury/Illness - Low Back; Sprain,2025-11-04
11/05/2025,07:00 (ET),BKN@IND,Indiana Pacers,"Furphy, Johnny",Out,Injury/Illness - Left Ankle; Sprain,2025-11-04
11/05/2025,07:00 (ET),BKN@IND,Indiana Pacers,"Haliburton, Tyrese",Out,Injury/Illness - Right Achilles Tendon; Tear,2025-11-04
11/05/2025,07:00 (ET),BKN@IND,Indiana Pacers,"Jackson, Quenton",Out,Injury/Illness - Right Hamstring; Strain,2025-11-04
11/05/2025,07:00 (ET),BKN@IND,Indiana Pacers,"Jones, Kam",Out,Injury/Illness - Lower Back; Stress Reaction,2025-11-04
11/05/2025,07:00 (ET),BKN@IND,Indiana Pacers,"Mathurin, Bennedict",Out,Injury/Illness - Right Great Toe; Strain,2025-11-04
11/05/2025,07:00 (ET),BKN@IND,Indiana Pacers,"McConnell, T.J.",Out,Injury/Illness - Left Hamstring; Strain,2025-11-04
11/05/2025,07:00 (ET),BKN@IND,Indiana Pacers,"Nembhard, Andrew",Out,Injury/Illness - Left Shoulder; Strain,2025-11-04
11/05/2025,07:00 (ET),BKN@IND,Indiana Pacers,"Toppin, Obi",Out,Injury/Illness - Right Foot; Stress Fracture,2025-11-04
11/04/2025,11:00 (ET),OKC@LAC,LA Clippers,"Beal, Bradley",Out,Injury/Illness - Right Knee; Injury Management,2025-11-04
11/04/2025,11:00 (ET),OKC@LAC,LA Clippers,"Leonard, Kawhi",Out,Injury/Illness - Right Ankle; Sprain,2025-11-04
11/04/2025,11:00 (ET),OKC@LAC,LA Clippers,"Miller, Jordan",Out,Injury/Illness - Left Hamstring; Strain,2025-11-04
11/04/2025,11:00 (ET),OKC@LAC,LA Clippers,"Sanders, Kobe",Out,Injury/Illness - Right Knee; Sprain,2025-11-04
11/05/2025,10:00 (ET),SAS@LAL,Los Angeles Lakers,,,NOT YET SUBMITTED,2025-11-04
11/05/2025,08:00 (ET),HOU@MEM,Memphis Grizzlies,,,NOT YET SUBMITTED,2025-11-04
11/05/2025,09:00 (ET),MIA@DEN,Miami Heat,,,NOT YET SUBMITTED,2025-11-04
11/04/2025,07:30 (ET),MIL@TOR,Milwaukee Bucks,"Antetokounmpo, Alex",Out,G League - Two-Way,2025-11-04
11/04/2025,07:30 (ET),MIL@TOR,Milwaukee Bucks,"Antetokounmpo, Giannis",Probable,Injury/Illness - Left Knee; Patellar Tendinopathy,2025-11-04
11/04/2025,07:30 (ET),MIL@TOR,Milwaukee Bucks,"Nance, Pete",Out,G League - Two-Way,2025-11-04
11/04/2025,07:30 (ET),MIL@TOR,Milwaukee Bucks,"Porter Jr., Kevin",Out,Injury/Illness - Right Knee; Meniscus Tear,2025-11-04
11/05/2025,07:30 (ET),MIN@NYK,Minnesota Timberwolves,"DiVincenzo, Donte",Available,Injury/Illness - Face; Face Mask,2025-11-04
11/05/2025,07:30 (ET),MIN@NYK,Minnesota Timberwolves,"Dillingham, Rob",Available,Injury/Illness - Face; Face Mask,2025-11-04
11/05/2025,07:30 (ET),MIN@NYK,Minnesota Timberwolves,"Edwards, Anthony",Questionable,Injury/Illness - Right Hamstring; Strain,2025-11-04
11/05/2025,07:30 (ET),MIN@NYK,Minnesota Timberwolves,"Freeman, Enrique",Out,G League - Two-Way,2025-11-04
11/05/2025,07:30 (ET),MIN@NYK,Minnesota Timberwolves,"Zikarsky, Rocco",Out,G League - Two-Way,2025-11-04
11/04/2025,08:00 (ET),CHA@NOP,New Orleans Pelicans,"Alexander, Trey",Out,G League - Two-Way,2025-11-04
11/04/2025,08:00 (ET),CHA@NOP,New Orleans Pelicans,"Dickinson, Hunter",Out,G League - Two-Way,2025-11-04
11/04/2025,08:00 (ET),CHA@NOP,New Orleans Pelicans,"McGowens, Bryce",Out,G League - Two-Way,2025-11-04
11/04/2025,08:00 (ET),CHA@NOP,New Orleans Pelicans,"Missi, Yves",Out,Injury/Illness - N/A; Illness,2025-11-04
11/04/2025,08:00 (ET),CHA@NOP,New Orleans Pelicans,"Murray, Dejounte",Out,Injury/Illness - Right Achilles; Rupture,2025-11-04
11/04/2025,08:00 (ET),CHA@NOP,New Orleans Pelicans,"Williamson, Zion",Out,Injury/Illness - Left Hamstring; Strain,2025-11-04
11/05/2025,08:30 (ET),NOP@DAL,New Orleans Pelicans,,,NOT YET SUBMITTED,2025-11-04
11/04/2025,11:00 (ET),OKC@LAC,Oklahoma City Thunder,"Dort, Luguentz",Available,-,2025-11-04
11/04/2025,11:00 (ET),OKC@LAC,Oklahoma City Thunder,"Mitchell, Ajay",Questionable,Injury/Illness - Bilateral Gluteal; Contusion,2025-11-04
11/04/2025,11:00 (ET),OKC@LAC,Oklahoma City Thunder,"Sorber, Thomas",Out,Injury/Illness - Right ACL; Surgical Recovery,2025-11-04
11/04/2025,11:00 (ET),OKC@LAC,Oklahoma City Thunder,"Topic, Nikola",Out,Injury/Illness - N/a; Surgical Recovery,2025-11-04
11/04/2025,11:00 (ET),OKC@LAC,Oklahoma City Thunder,"Williams, Jalen",Out,Injury/Illness - Right Wrist; Surgical Recovery,2025-11-04
11/04/2025,11:00 (ET),OKC@LAC,Oklahoma City Thunder,"Williams, Jaylin",Available,-,2025-11-04
11/04/2025,11:00 (ET),OKC@LAC,Oklahoma City Thunder,"Williams, Kenrich",Out,Injury/Illness - Left Knee; Surgical Recovery,2025-11-04
11/05/2025,10:00 (ET),OKC@POR,Oklahoma City Thunder,,,NOT YET SUBMITTED,2025-11-04
11/04/2025,08:00 (ET),ORL@ATL,Orlando Magic,"Cain, Jamal",Out,Not With Team,2025-11-04
11/04/2025,08:00 (ET),ORL@ATL,Orlando Magic,"Castleton, Colin",Out,Not With Team,2025-11-04
11/04/2025,08:00 (ET),ORL@ATL,Orlando Magic,"Wagner, Moritz",Out,Injury/Illness - Left Knee; Injury recovery,2025-11-04
11/04/2025,08:00 (ET),PHI@CHI,Philadelphia 76ers,"Barlow, Dominick",Out,Injury/Illness - Right Elbow; Laceration,2025-11-04
11/04/2025,08:00 (ET),PHI@CHI,Philadelphia 76ers,"George, Paul",Out,Injury/Illness - Left Knee; Surgery Recovery,2025-11-04
11/04/2025,08:00 (ET),PHI@CHI,Philadelphia 76ers,"McCain, Jared",Available,Recovery - Splint; Left Knee Surgery,2025-11-04
11/05/2025,07:00 (ET),PHI@CLE,Philadelphia 76ers,,,NOT YET SUBMITTED,2025-11-04
11/04/2025,10:00 (ET),PHX@GSW,Phoenix Suns,"Brooks, Dillon",Out,Injury/Illness - Core Muscle; Strain,2025-11-04
11/04/2025,10:00 (ET),PHX@GSW,Phoenix Suns,"Dunn, Ryan",Available,Injury/Illness - Left Knee; Contusion,2025-11-04
11/04/2025,10:00 (ET),PHX@GSW,Phoenix Suns,"Green, Jalen",Out,Injury/Illness - Right Hamstring; Strain,2025-11-04
11/04/2025,10:00 (ET),PHX@GSW,Phoenix Suns,"Livers, Isaiah",Available,Injury/Illness - Right Hip; Contusion,2025-11-04
11/05/2025,10:00 (ET),OKC@POR,Portland Trail Blazers,,,NOT YET SUBMITTED,2025-11-04
11/05/2025,10:00 (ET),GSW@SAC,Sacramento Kings,,,NOT YET SUBMITTED,2025-11-04
11/05/2025,10:00 (ET),SAS@LAL,San Antonio Spurs,,,NOT YET SUBMITTED,2025-11-04
11/04/2025,07:30 (ET),MIL@TOR,Toronto Raptors,"Hepburn, Chucky",Out,G League - Two-Way,2025-11-04
11/04/2025,07:30 (ET),MIL@TOR,Toronto Raptors,"Lawson, A.J.",Out,G League - Two-Way,2025-11-04
11/04/2025,07:30 (ET),MIL@TOR,Toronto Raptors,"Martin, Alijah",Out,G League - Two-Way,2025-11-04
11/04/2025,07:30 (ET),MIL@TOR,Toronto Raptors,"Poeltl, Jakob",Questionable,Injury/Illness - Back; Injury Management,2025-11-04
11/05/2025,07:00 (ET),UTA@DET,Utah Jazz,"Kessler, Walker",Out,Injury/Illness - Left Shoulder; Bursitis,2025-11-04
11/05/2025,07:00 (ET),UTA@DET,Utah Jazz,"Niang, Georges",Out,Injury/Illness - Left Foot; Fourth Metatarsal Stress Reaction,2025-11-04
11/05/2025,07:00 (ET),UTA@DET,Utah Jazz,"Tonje, John",Out,G League - Two-Way,2025-11-04
11/05/2025,07:00 (ET),UTA@DET,Utah Jazz,"Tshiebwe, Oscar",Out,G League - Two-Way,2025-11-04
11/05/2025,07:30 (ET),WAS@BOS,Washington Wizards,"Middleton, Khris",Out,Injury/Illness - Right Knee; Soreness,2025-11-04
11/05/2025,07:30 (ET),WAS@BOS,Boston Celtics,"Harper Jr., Ron",Out,G League - Two-Way,2025-11-05
11/05/2025,07:30 (ET),WAS@BOS,Boston Celtics,"Shulga, Max",Out,G League - Two-Way,2025-11-05
11/05/2025,07:30 (ET),WAS@BOS,Boston Celtics,"Tatum, Jayson",Out,Injury/Illness - Right Achilles; Repair,2025-11-05
11/05/2025,07:30 (ET),WAS@BOS,Boston Celtics,"Williams, Amari",Out,G League - Two-Way,2025-11-05
11/05/2025,07:00 (ET),BKN@IND,Brooklyn Nets,"Highsmith, Haywood",Out,"Injury/Illness - Right Knee; Surgery, Injury Recovery",2025-11-05
11/05/2025,07:00 (ET),BKN@IND,Brooklyn Nets,"Powell, Drake",Out,Injury/Illness - Right Ankle; Sprain,2025-11-05
11/05/2025,07:00 (ET),BKN@IND,Brooklyn Nets,"Saraf, Ben",Out,G League - On Assignment,2025-11-05
11/05/2025,07:00 (ET),BKN@IND,Brooklyn Nets,"Traore, Nolan",Out,G League - On Assignment,2025-11-05
11/05/2025,07:00 (ET),BKN@IND,Brooklyn Nets,"Wolf, Danny",Out,G League - On Assignment,2025-11-05
11/05/2025,07:00 (ET),PHI@CLE,Cleveland Cavaliers,"Allen, Jarrett",Questionable,Injury/Illness - Left Hand; 4th Finger - Fracture,2025-11-05
11/05/2025,07:00 (ET),PHI@CLE,Cleveland Cavaliers,"Garland, Darius",Questionable,Injury/Illness - Left Great Toe; Surgical Recovery,2025-11-05
11/05/2025,07:00 (ET),PHI@CLE,Cleveland Cavaliers,"Hunter, De'Andre",Questionable,Injury/Illness - Illness; Illness,2025-11-05
11/05/2025,07:00 (ET),PHI@CLE,Cleveland Cavaliers,"Livingston, Chris",Out,G League - Two-Way,2025-11-05
11/05/2025,07:00 (ET),PHI@CLE,Cleveland Cavaliers,"Merrill, Sam",Questionable,Injury/Illness - Right Hip; Contusion,2025-11-05
11/05/2025,07:00 (ET),PHI@CLE,Cleveland Cavaliers,"Strus, Max",Out,Injury/Illness - Left Foot; Surgery - Jones Fracture,2025-11-05
11/05/2025,08:30 (ET),NOP@DAL,Dallas Mavericks,"Davis, Anthony",Out,Injury/Illness - Left Calf; Strain,2025-11-05
11/05/2025,08:30 (ET),NOP@DAL,Dallas Mavericks,"Exum, Dante",Out,Injury/Illness - Right Knee; Injury Management,2025-11-05
11/05/2025,08:30 (ET),NOP@DAL,Dallas Mavericks,"Irving, Kyrie",Out,Injury/Illness - Left Knee; Surgery,2025-11-05
11/05/2025,08:30 (ET),NOP@DAL,Dallas Mavericks,"Lively II, Dereck",Out,Injury/Illness - Right Knee; Sprain,2025-11-05
11/05/2025,09:00 (ET),MIA@DEN,Denver Nuggets,"Bates, Tamar",Out,G League - Two-Way,2025-11-05
11/05/2025,09:00 (ET),MIA@DEN,Denver Nuggets,"Holmes II, DaRon",Out,G League - On Assignment,2025-11-05
11/05/2025,09:00 (ET),MIA@DEN,Denver Nuggets,"Jones, Curtis",Out,G League - Two-Way,2025-11-05
11/05/2025,09:00 (ET),MIA@DEN,Denver Nuggets,"Murray, Jamal",Probable,Injury/Illness - Left Calf; Tightness,2025-11-05
11/05/2025,07:00 (ET),UTA@DET,Detroit Pistons,"Harris, Tobias",Out,Injury/Illness - Right Ankle; Sprain,2025-11-05
11/05/2025,07:00 (ET),UTA@DET,Detroit Pistons,"Ivey, Jaden",Out,Injury/Illness - Right Knee; Arthroscopy,2025-11-05
11/05/2025,07:00 (ET),UTA@DET,Detroit Pistons,"Sasser, Marcus",Out,Injury/Illness - Right Hip; Impingement,2025-11-05
11/05/2025,10:00 (ET),GSW@SAC,Golden State Warriors,,,NOT YET SUBMITTED,2025-11-05
11/05/2025,08:00 (ET),HOU@MEM,Houston Rockets,"Adams, Steven",Questionable,Injury/Illness - Left Hip Flexor; Tightness,2025-11-05
11/05/2025,08:00 (ET),HOU@MEM,Houston Rockets,"Crawford, Isaiah",Out,G League - Two-Way,2025-11-05
11/05/2025,08:00 (ET),HOU@MEM,Houston Rockets,"Finney-Smith, Dorian",Out,Injury/Illness - Left Ankle; Surgery,2025-11-05
11/05/2025,08:00 (ET),HOU@MEM,Houston Rockets,"Harris, Kevon",Out,G League - Two-Way,2025-11-05
11/05/2025,08:00 (ET),HOU@MEM,Houston Rockets,"Smith Jr., Jabari",Questionable,Injury/Illness - Right Ankle; Sprain,2025-11-05
11/05/2025,08:00 (ET),HOU@MEM,Houston Rockets,"VanVleet, Fred",Out,Injury/Illness - Right Knee; ACL Repair,2025-11-05
11/05/2025,07:00 (ET),BKN@IND,Indiana Pacers,"Dennis, RayJ",Probable,Injury/Illness - Low Back; Sprain,2025-11-05
11/05/2025,07:00 (ET),BKN@IND,Indiana Pacers,"Furphy, Johnny",Out,Injury/Illness - Left Ankle; Sprain,2025-11-05
11/05/2025,07:00 (ET),BKN@IND,Indiana Pacers,"Haliburton, Tyrese",Out,Injury/Illness - Right Achilles Tendon; Tear,2025-11-05
11/05/2025,07:00 (ET),BKN@IND,Indiana Pacers,"Jackson, Quenton",Out,Injury/Illness - Right Hamstring; Strain,2025-11-05
11/05/2025,07:00 (ET),BKN@IND,Indiana Pacers,"Jones, Kam",Out,Injury/Illness - Lower Back; Stress Reaction,2025-11-05
11/05/2025,07:00 (ET),BKN@IND,Indiana Pacers,"Mathurin, Bennedict",Out,Injury/Illness - Right Great Toe; Strain,2025-11-05
11/05/2025,07:00 (ET),BKN@IND,Indiana Pacers,"McConnell, T.J.",Out,Injury/Illness - Left Hamstring; Strain,2025-11-05
11/05/2025,07:00 (ET),BKN@IND,Indiana Pacers,"Nembhard, Andrew",Out,Injury/Illness - Left Shoulder; Strain,2025-11-05
11/05/2025,07:00 (ET),BKN@IND,Indiana Pacers,"Toppin, Obi",Out,Injury/Illness - Right Foot; Stress Fracture,2025-11-05
11/06/2025,09:00 (ET),LAC@PHX,LA Clippers,,,NOT YET SUBMITTED,2025-11-05
11/05/2025,10:00 (ET),SAS@LAL,Los Angeles Lakers,"Hayes, Jaxson",Probable,Injury/Illness - Right Ankle; Sprain,2025-11-05
11/05/2025,10:00 (ET),SAS@LAL,Los Angeles Lakers,"James, LeBron",Out,Injury/Illness - Right Sciatica; -,2025-11-05
11/05/2025,10:00 (ET),SAS@LAL,Los Angeles Lakers,"Kleber, Maxi",Out,Injury/Illness - Abdominal Muscle; Strain,2025-11-05
11/05/2025,10:00 (ET),SAS@LAL,Los Angeles Lakers,"Reaves, Austin",Questionable,Injury/Illness - Right Groin; Soreness,2025-11-05
11/05/2025,10:00 (ET),SAS@LAL,Los Angeles Lakers,"Thiero, Adou",Out,Injury/Illness - Left Knee; Surgery Recovery,2025-11-05
11/05/2025,10:00 (ET),SAS@LAL,Los Angeles Lakers,"Vincent, Gabe",Out,Injury/Illness - Left Ankle; Sprain,2025-11-05
11/05/2025,08:00 (ET),HOU@MEM,Memphis Grizzlies,"Clarke, Brandon",Out,Injury/Illness - Right Knee; Surgery Recovery,2025-11-05
11/05/2025,08:00 (ET),HOU@MEM,Memphis Grizzlies,"Edey, Zach",Out,Injury/Illness - Left Ankle; Surgery Recovery,2025-11-05
11/05/2025,08:00 (ET),HOU@MEM,Memphis Grizzlies,"Jerome, Ty",Out,Injury/Illness - Right Calf; Strain,2025-11-05
11/05/2025,08:00 (ET),HOU@MEM,Memphis Grizzlies,"Pippen Jr., Scotty",Out,Injury/Illness - Left Great Toe; Surgery Recovery,2025-11-05
11/05/2025,09:00 (ET),MIA@DEN,Miami Heat,"Gardner, Myron",Out,G League - Two-Way,2025-11-05
11/05/2025,09:00 (ET),MIA@DEN,Miami Heat,"Goldin, Vladislav",Out,G League - Two-Way,2025-11-05
11/05/2025,09:00 (ET),MIA@DEN,Miami Heat,"Herro, Tyler",Out,Injury/Illness - Left Ankle; Surgery,2025-11-05
11/05/2025,09:00 (ET),MIA@DEN,Miami Heat,"Jakucionis, Kasparas",Questionable,Injury/Illness - Right Groin; Strain,2025-11-05
11/05/2025,09:00 (ET),MIA@DEN,Miami Heat,"Jovic, Nikola",Available,Injury/Illness - Right Hip; Contusion,2025-11-05
11/05/2025,09:00 (ET),MIA@DEN,Miami Heat,"Powell, Norman",Available,Injury/Illness - Right Groin; Strain,2025-11-05
11/05/2025,09:00 (ET),MIA@DEN,Miami Heat,"Rozier, Terry",Out,Not With Team,2025-11-05
11/05/2025,09:00 (ET),MIA@DEN,Miami Heat,"Young, Jahmir",Out,G League - Two-Way,2025-11-05
11/05/2025,07:30 (ET),MIN@NYK,Minnesota Timberwolves,"DiVincenzo, Donte",Available,Injury/Illness - Face; Face Mask,2025-11-05
11/05/2025,07:30 (ET),MIN@NYK,Minnesota Timberwolves,"Dillingham, Rob",Available,Injury/Illness - Face; Face Mask,2025-11-05
11/05/2025,07:30 (ET),MIN@NYK,Minnesota Timberwolves,"Edwards, Anthony",Questionable,Injury/Illness - Right Hamstring; Strain,2025-11-05
11/05/2025,07:30 (ET),MIN@NYK,Minnesota Timberwolves,"Freeman, Enrique",Out,G League - Two-Way,2025-11-05
11/05/2025,07:30 (ET),MIN@NYK,Minnesota Timberwolves,"Shannon Jr., Terrence",Questionable,Injury/Illness - Left Foot; Soreness,2025-11-05
11/05/2025,07:30 (ET),MIN@NYK,Minnesota Timberwolves,"Zikarsky, Rocco",Out,G League - Two-Way,2025-11-05
11/05/2025,08:30 (ET),NOP@DAL,New Orleans Pelicans,"Alexander, Trey",Out,G League - Two-Way,2025-11-05
11/05/2025,08:30 (ET),NOP@DAL,New Orleans Pelicans,"Dickinson, Hunter",Out,G League - Two-Way,2025-11-05
11/05/2025,08:30 (ET),NOP@DAL,New Orleans Pelicans,"Missi, Yves",Out,Injury/Illness - N/A; Illness,2025-11-05
11/05/2025,08:30 (ET),NOP@DAL,New Orleans Pelicans,"Murray, Dejounte",Out,Injury/Illness - Right Achilles; Rupture,2025-11-05
11/05/2025,08:30 (ET),NOP@DAL,New Orleans Pelicans,"Poole, Jordan",Questionable,Injury/Illness - Left Knee; Soreness,2025-11-05
11/05/2025,08:30 (ET),NOP@DAL,New Orleans Pelicans,"Williamson, Zion",Out,Injury/Illness - Left Hamstring; Strain,2025-11-05
11/05/2025,07:30 (ET),MIN@NYK,New York Knicks,"Towns, Karl-Anthony",Questionable,Injury/Illness - Illness; Illness,2025-11-05
11/05/2025,10:00 (ET),OKC@POR,Oklahoma City Thunder,,,NOT YET SUBMITTED,2025-11-05
11/05/2025,07:00 (ET),PHI@CLE,Philadelphia 76ers,,,NOT YET SUBMITTED,2025-11-05
11/06/2025,09:00 (ET),LAC@PHX,Phoenix Suns,,,NOT YET SUBMITTED,2025-11-05
11/05/2025,10:00 (ET),OKC@POR,Portland Trail Blazers,"Henderson, Scoot",Out,Injury/Illness - Left Hamstring; Tear,2025-11-05
11/05/2025,10:00 (ET),OKC@POR,Portland Trail Blazers,"Lillard, Damian",Out,Injury/Illness - Left Achilles Tendon; Injury recovery,2025-11-05
11/05/2025,10:00 (ET),OKC@POR,Portland Trail Blazers,"Sharpe, Shaedon",Probable,Injury/Illness - Left Calf; Strain,2025-11-05
11/05/2025,10:00 (ET),OKC@POR,Portland Trail Blazers,"Thybulle, Matisse",Out,Injury/Illness - Left Thumb; Ligament Tear,2025-11-05
11/05/2025,10:00 (ET),OKC@POR,Portland Trail Blazers,"Wesley, Blake",Out,Injury/Illness - Right Foot; Fracture,2025-11-05
11/05/2025,10:00 (ET),GSW@SAC,Sacramento Kings,"Cardwell, Dylan",Out,G League - Two-Way,2025-11-05
11/05/2025,10:00 (ET),GSW@SAC,Sacramento Kings,"LaVine, Zach",Questionable,Injury/Illness - Low Back; Soreness,2025-11-05
11/05/2025,10:00 (ET),GSW@SAC,Sacramento Kings,"Murray, Keegan",Out,Injury/Illness - Left Thumb; UCL Injury Recovery,2025-11-05
11/05/2025,10:00 (ET),GSW@SAC,Sacramento Kings,"Plowden, Daeqwon",Out,G League - Two-Way,2025-11-05
11/05/2025,10:00 (ET),GSW@SAC,Sacramento Kings,"Sabonis, Domantas",Questionable,Injury/Illness - Left Ribcage; Contusion,2025-11-05
11/05/2025,10:00 (ET),GSW@SAC,Sacramento Kings,"Stevens, Isaiah",Out,G League - Two-Way,2025-11-05
11/05/2025,10:00 (ET),SAS@LAL,San Antonio Spurs,"Fox, De'Aaron",Out,Injury/Illness - Right Hamstring; Strain,2025-11-05
11/05/2025,10:00 (ET),SAS@LAL,San Antonio Spurs,"Harper, Dylan",Out,Injury/Illness - Left Calf; Strain,2025-11-05
11/05/2025,10:00 (ET),SAS@LAL,San Antonio Spurs,"Ingram, Harrison",Questionable,G League - Two-Way,2025-11-05
11/05/2025,10:00 (ET),SAS@LAL,San Antonio Spurs,"Kornet, Luke",Out,Injury/Illness - Left Ankle; Sprain,2025-11-05
11/05/2025,10:00 (ET),SAS@LAL,San Antonio Spurs,"Minix, Riley",Questionable,G League - Two-Way,2025-11-05
11/05/2025,10:00 (ET),SAS@LAL,San Antonio Spurs,"Olynyk, Kelly",Questionable,Injury/Illness - Left Heel; Surgery,2025-11-05
11/05/2025,10:00 (ET),SAS@LAL,San Antonio Spurs,"Sochan, Jeremy",Questionable,Injury/Illness - Left Wrist; Sprain,2025-11-05
11/05/2025,10:00 (ET),SAS@LAL,San Antonio Spurs,"Waters III, Lindy",Questionable,Injury/Illness - Bilateral Eye; Procedure,2025-11-05
11/05/2025,07:00 (ET),UTA@DET,Utah Jazz,"Kessler, Walker",Out,Injury/Illness - Left Shoulder; Bursitis,2025-11-05
11/05/2025,07:00 (ET),UTA@DET,Utah Jazz,"Niang, Georges",Out,Injury/Illness - Left Foot; Fourth Metatarsal Stress Reaction,2025-11-05
11/05/2025,07:00 (ET),UTA@DET,Utah Jazz,"Tonje, John",Out,G League - Two-Way,2025-11-05
11/05/2025,07:00 (ET),UTA@DET,Utah Jazz,"Tshiebwe, Oscar",Out,G League - Two-Way,2025-11-05
11/05/2025,07:30 (ET),WAS@BOS,Washington Wizards,"Middleton, Khris",Out,Injury/Illness - Right Knee; Soreness,2025-11-05
11/07/2025,07:30 (ET),TOR@ATL,Atlanta Hawks,"Djurisic, Nikola",Out,Injury/Illness - Right Elbow; Sprain,2025-11-06
11/07/2025,07:30 (ET),TOR@ATL,Atlanta Hawks,"Ndiaye, Eli John",Out,G League - Two-Way,2025-11-06
11/07/2025,07:30 (ET),TOR@ATL,Atlanta Hawks,"Toppin, Jacob",Out,G League - Two-Way,2025-11-06
11/07/2025,07:30 (ET),TOR@ATL,Atlanta Hawks,"Young, Trae",Out,Injury/Illness - Right Knee; MCL Sprain,2025-11-06
11/07/2025,07:00 (ET),BOS@ORL,Boston Celtics,"Shulga, Max",Out,G League - Two-Way,2025-11-06
11/07/2025,07:00 (ET),BOS@ORL,Boston Celtics,"Tatum, Jayson",Out,Injury/Illness - Right Achilles; Repair,2025-11-06
11/07/2025,07:00 (ET),BOS@ORL,Boston Celtics,"Tillman, Xavier",Out,Personal Reasons,2025-11-06
11/07/2025,07:00 (ET),BOS@ORL,Boston Celtics,"Williams, Amari",Out,G League - Two-Way,2025-11-06
11/07/2025,07:30 (ET),DET@BKN,Brooklyn Nets,"Highsmith, Haywood",Out,"Injury/Illness - Right Knee; Surgery, Injury Recovery",2025-11-06
11/07/2025,07:30 (ET),DET@BKN,Brooklyn Nets,"Mann, Terance",Probable,Injury/Illness - Left Shoulder; Soreness,2025-11-06
11/07/2025,07:30 (ET),DET@BKN,Brooklyn Nets,"Powell, Drake",Questionable,Injury/Illness - Right Ankle; Sprain,2025-11-06
11/07/2025,07:30 (ET),DET@BKN,Brooklyn Nets,"Saraf, Ben",Out,G League - On Assignment,2025-11-06
11/07/2025,07:30 (ET),DET@BKN,Brooklyn Nets,"Thomas, Cam",Out,Injury/Illness - Left Hamstring; Tightness,2025-11-06
11/07/2025,07:30 (ET),DET@BKN,Brooklyn Nets,"Traore, Nolan",Out,G League - On Assignment,2025-11-06
11/07/2025,07:30 (ET),DET@BKN,Brooklyn Nets,"Wolf, Danny",Out,G League - On Assignment,2025-11-06
11/07/2025,08:00 (ET),CHA@MIA,Charlotte Hornets,"Ball, LaMelo",Questionable,Injury/Illness - Right Ankle; Impingement,2025-11-06
11/07/2025,08:00 (ET),CHA@MIA,Charlotte Hornets,"Green, Josh",Out,Injury/Illness - Left Shoulder; Surgery,2025-11-06
11/07/2025,08:00 (ET),CHA@MIA,Charlotte Hornets,"Miller, Brandon",Out,Injury/Illness - Left Shoulder; Subluxation,2025-11-06
11/07/2025,08:00 (ET),CHA@MIA,Charlotte Hornets,"Peterson, Drew",Out,G League - Two-Way,2025-11-06
11/07/2025,08:00 (ET),CHA@MIA,Charlotte Hornets,"Reeves, Antonio",Out,G League - Two-Way,2025-11-06
11/07/2025,08:00 (ET),CHA@MIA,Charlotte Hornets,"Salaun, Tidjane",Out,G League - On Assignment,2025-11-06
11/07/2025,08:00 (ET),CHA@MIA,Charlotte Hornets,"Sexton, Collin",Probable,Injury/Illness - Neck; Strain,2025-11-06
11/07/2025,08:00 (ET),CHA@MIA,Charlotte Hornets,"Williams, Grant",Out,Injury/Illness - Right Knee; Surgery,2025-11-06
11/07/2025,08:00 (ET),CHI@MIL,Chicago Bulls,"Collins, Zach",Out,Injury/Illness - Left Scaphoid; Fracture,2025-11-06
11/07/2025,08:00 (ET),CHI@MIL,Chicago Bulls,"Dosunmu, Ayo",Questionable,Injury/Illness - Left Quadricep; Contusion,2025-11-06
11/07/2025,08:00 (ET),CHI@MIL,Chicago Bulls,"White, Coby",Out,Injury/Illness - Right Calf; Strain,2025-11-06
11/07/2025,07:00 (ET),CLE@WAS,Cleveland Cavaliers,"Ball, Lonzo",Out,Rest - Left Knee - Injury Management,2025-11-06
11/07/2025,07:00 (ET),CLE@WAS,Cleveland Cavaliers,"Hunter, De'Andre",Probable,Injury/Illness - Illness; Illness,2025-11-06
11/07/2025,07:00 (ET),CLE@WAS,Cleveland Cavaliers,"Livingston, Chris",Out,G League - Two-Way,2025-11-06
11/07/2025,07:00 (ET),CLE@WAS,Cleveland Cavaliers,"Strus, Max",Out,Injury/Illness - Left Foot; Surgery - Jones Fracture,2025-11-06
11/07/2025,07:00 (ET),CLE@WAS,Cleveland Cavaliers,"Wade, Dean",Out,Injury/Illness - Right Eye; Contusion,2025-11-06
11/07/2025,08:00 (ET),DAL@MEM,Dallas Mavericks,"Davis, Anthony",Doubtful,Injury/Illness - Left Calf; Strain,2025-11-06
11/07/2025,08:00 (ET),DAL@MEM,Dallas Mavericks,"Exum, Dante",Out,Injury/Illness - Right Knee; Injury Management,2025-11-06
11/07/2025,08:00 (ET),DAL@MEM,Dallas Mavericks,"Irving, Kyrie",Out,Injury/Illness - Left Knee; Surgery,2025-11-06
11/07/2025,08:00 (ET),DAL@MEM,Dallas Mavericks,"Lively II, Dereck",Out,Injury/Illness - Right Knee; Sprain,2025-11-06
11/07/2025,10:00 (ET),GSW@DEN,Denver Nuggets,"Bates, Tamar",Out,G League - Two-Way,2025-11-06
11/07/2025,10:00 (ET),GSW@DEN,Denver Nuggets,"Holmes II, DaRon",Out,G League - On Assignment,2025-11-06
11/07/2025,10:00 (ET),GSW@DEN,Denver Nuggets,"Jones, Curtis",Out,G League - Two-Way,2025-11-06
11/07/2025,10:00 (ET),GSW@DEN,Denver Nuggets,"Nnaji, Zeke",Probable,Injury/Illness - Right Ankle; Sprain,2025-11-06
11/07/2025,07:30 (ET),DET@BKN,Detroit Pistons,"Harris, Tobias",Out,Injury/Illness - Right Ankle; Sprain,2025-11-06
11/07/2025,07:30 (ET),DET@BKN,Detroit Pistons,"Ivey, Jaden",Out,Injury/Illness - Right Knee; Arthroscopy,2025-11-06
11/07/2025,07:30 (ET),DET@BKN,Detroit Pistons,"Jones, Colby",Out,G League - Two-Way,2025-11-06
11/07/2025,07:30 (ET),DET@BKN,Detroit Pistons,"LeVert, Caris",Questionable,Injury/Illness - Left Knee; Soreness,2025-11-06
11/07/2025,07:30 (ET),DET@BKN,Detroit Pistons,"Sasser, Marcus",Out,Injury/Illness - Right Hip; Impingement,2025-11-06
11/07/2025,07:30 (ET),DET@BKN,Detroit Pistons,"Smith, Tolu",Out,G League - Two-Way,2025-11-06
11/07/2025,10:00 (ET),GSW@DEN,Golden State Warriors,"Butler III, Jimmy",Questionable,Injury/Illness - Right Low Back; Strain,2025-11-06
11/07/2025,10:00 (ET),GSW@DEN,Golden State Warriors,"Curry, Stephen",Out,Injury/Illness - General; Illness,2025-11-06
11/07/2025,10:00 (ET),GSW@DEN,Golden State Warriors,"Green, Draymond",Probable,Injury/Illness - Right Rib; Contusion,2025-11-06
11/07/2025,10:00 (ET),GSW@DEN,Golden State Warriors,"Melton, De'Anthony",Out,Injury/Illness - Left ACL; Surgery,2025-11-06
11/07/2025,07:30 (ET),HOU@SAS,Houston Rockets,"Adams, Steven",Questionable,Injury/Illness - Left Hip Flexor; Tightness,2025-11-06
11/07/2025,07:30 (ET),HOU@SAS,Houston Rockets,"Crawford, Isaiah",Out,G League - Two-Way,2025-11-06
11/07/2025,07:30 (ET),HOU@SAS,Houston Rockets,"Finney-Smith, Dorian",Out,Injury/Illness - Left Ankle; Surgery,2025-11-06
11/07/2025,07:30 (ET),HOU@SAS,Houston Rockets,"Harris, Kevon",Out,G League - Two-Way,2025-11-06
11/07/2025,07:30 (ET),HOU@SAS,Houston Rockets,"VanVleet, Fred",Out,Injury/Illness - Left Knee; ACL Repair,2025-11-06
11/06/2025,09:00 (ET),LAC@PHX,LA Clippers,"Harden, James",Out,Personal Reasons,2025-11-06
11/06/2025,09:00 (ET),LAC@PHX,LA Clippers,"Leonard, Kawhi",Out,Injury/Illness - Right Ankle; Sprain,2025-11-06
11/06/2025,09:00 (ET),LAC@PHX,LA Clippers,"Miller, Jordan",Out,Injury/Illness - Left Hamstring; Strain,2025-11-06
11/06/2025,09:00 (ET),LAC@PHX,LA Clippers,"Sanders, Kobe",Out,Injury/Illness - Right Knee; Sprain,2025-11-06
11/07/2025,08:00 (ET),DAL@MEM,Memphis Grizzlies,,,NOT YET SUBMITTED,2025-11-06
11/07/2025,08:00 (ET),CHA@MIA,Miami Heat,"Adebayo, Bam",Out,Injury/Illness - Left Big Toe; Sprain,2025-11-06
11/07/2025,08:00 (ET),CHA@MIA,Miami Heat,"Gardner, Myron",Out,G League - Two-Way,2025-11-06
11/07/2025,08:00 (ET),CHA@MIA,Miami Heat,"Goldin, Vladislav",Probable,G League - Two-Way,2025-11-06
11/07/2025,08:00 (ET),CHA@MIA,Miami Heat,"Herro, Tyler",Out,Injury/Illness - Left Ankle; Surgery,2025-11-06
11/07/2025,08:00 (ET),CHA@MIA,Miami Heat,"Jakucionis, Kasparas",Available,Injury/Illness - Right Groin; Strain,2025-11-06
11/07/2025,08:00 (ET),CHA@MIA,Miami Heat,"Jovic, Nikola",Available,Injury/Illness - Right Hip; Contusion,2025-11-06
11/07/2025,08:00 (ET),CHA@MIA,Miami Heat,"Powell, Norman",Available,Injury/Illness - Right Groin; Strain,2025-11-06
11/07/2025,08:00 (ET),CHA@MIA,Miami Heat,"Rozier, Terry",Out,Not With Team,2025-11-06
11/07/2025,08:00 (ET),CHA@MIA,Miami Heat,"Young, Jahmir",Out,G League - Two-Way,2025-11-06
11/07/2025,08:00 (ET),CHI@MIL,Milwaukee Bucks,,,NOT YET SUBMITTED,2025-11-06
11/07/2025,08:00 (ET),UTA@MIN,Minnesota Timberwolves,,,NOT YET SUBMITTED,2025-11-06
11/07/2025,10:00 (ET),OKC@SAC,Oklahoma City Thunder,,,NOT YET SUBMITTED,2025-11-06
11/07/2025,07:00 (ET),BOS@ORL,Orlando Magic,"Wagner, Moritz",Out,Injury/Illness - Left Knee; Injury recovery,2025-11-06
11/06/2025,09:00 (ET),LAC@PHX,Phoenix Suns,"Allen, Grayson",Questionable,Injury/Illness - N/a; Illness,2025-11-06
11/06/2025,09:00 (ET),LAC@PHX,Phoenix Suns,"Brooks, Dillon",Out,Injury/Illness - Core Muscle; Strain,2025-11-06
11/06/2025,09:00 (ET),LAC@PHX,Phoenix Suns,"Green, Jalen",Probable,Injury/Illness - Right Hamstring; Strain,2025-11-06
11/07/2025,10:00 (ET),OKC@SAC,Sacramento Kings,,,NOT YET SUBMITTED,2025-11-06
11/07/2025,07:30 (ET),HOU@SAS,San Antonio Spurs,,,NOT YET SUBMITTED,2025-11-06
11/07/2025,07:30 (ET),TOR@ATL,Toronto Raptors,"Hepburn, Chucky",Out,G League - Two-Way,2025-11-06
11/07/2025,07:30 (ET),TOR@ATL,Toronto Raptors,"Lawson, A.J.",Out,G League - Two-Way,2025-11-06
11/07/2025,07:30 (ET),TOR@ATL,Toronto Raptors,"Martin, Alijah",Out,G League - Two-Way,2025-11-06
11/07/2025,07:30 (ET),TOR@ATL,Toronto Raptors,"Mogbo, Jonathan",Out,G League - On Assignment,2025-11-06
11/07/2025,08:00 (ET),UTA@MIN,Utah Jazz,,,NOT YET SUBMITTED,2025-11-06
11/07/2025,07:00 (ET),CLE@WAS,Washington Wizards,"Coulibaly, Bilal",Out,Injury/Illness - Left Lower Leg; Tightness,2025-11-06
11/07/2025,07:30 (ET),TOR@ATL,Atlanta Hawks,"Djurisic, Nikola",Out,Injury/Illness - Right Elbow; Sprain,2025-11-07
11/07/2025,07:30 (ET),TOR@ATL,Atlanta Hawks,"Kennard, Luke",Questionable,Injury/Illness - N/A; Illness,2025-11-07
11/07/2025,07:30 (ET),TOR@ATL,Atlanta Hawks,"Ndiaye, Eli John",Out,G League - Two-Way,2025-11-07
11/07/2025,07:30 (ET),TOR@ATL,Atlanta Hawks,"Toppin, Jacob",Out,G League - Two-Way,2025-11-07
11/07/2025,07:30 (ET),TOR@ATL,Atlanta Hawks,"Young, Trae",Out,Injury/Illness - Right Knee; MCL Sprain,2025-11-07
11/08/2025,08:00 (ET),LAL@ATL,Atlanta Hawks,,,NOT YET SUBMITTED,2025-11-07
11/07/2025,07:00 (ET),BOS@ORL,Boston Celtics,"Shulga, Max",Out,G League - Two-Way,2025-11-07
11/07/2025,07:00 (ET),BOS@ORL,Boston Celtics,"Tatum, Jayson",Out,Injury/Illness - Right Achilles; Repair,2025-11-07
11/07/2025,07:00 (ET),BOS@ORL,Boston Celtics,"Tillman, Xavier",Out,Personal Reasons,2025-11-07
11/07/2025,07:00 (ET),BOS@ORL,Boston Celtics,"Williams, Amari",Out,G League - Two-Way,2025-11-07
11/07/2025,07:30 (ET),DET@BKN,Brooklyn Nets,"Highsmith, Haywood",Out,"Injury/Illness - Right Knee; Surgery, Injury Recovery",2025-11-07
11/07/2025,07:30 (ET),DET@BKN,Brooklyn Nets,"Mann, Terance",Available,Injury/Illness - Left Shoulder; Soreness,2025-11-07
11/07/2025,07:30 (ET),DET@BKN,Brooklyn Nets,"Powell, Drake",Available,Injury/Illness - Right Ankle; Sprain,2025-11-07
11/07/2025,07:30 (ET),DET@BKN,Brooklyn Nets,"Saraf, Ben",Out,G League - On Assignment,2025-11-07
11/07/2025,07:30 (ET),DET@BKN,Brooklyn Nets,"Thomas, Cam",Out,Injury/Illness - Left Hamstring; Tightness,2025-11-07
11/07/2025,07:30 (ET),DET@BKN,Brooklyn Nets,"Traore, Nolan",Out,G League - On Assignment,2025-11-07
11/07/2025,07:30 (ET),DET@BKN,Brooklyn Nets,"Wolf, Danny",Out,G League - On Assignment,2025-11-07
11/07/2025,08:00 (ET),CHA@MIA,Charlotte Hornets,"Ball, LaMelo",Questionable,Injury/Illness - Right Ankle; Impingement,2025-11-07
11/07/2025,08:00 (ET),CHA@MIA,Charlotte Hornets,"Green, Josh",Out,Injury/Illness - Left Shoulder; Surgery,2025-11-07
11/07/2025,08:00 (ET),CHA@MIA,Charlotte Hornets,"Miller, Brandon",Out,Injury/Illness - Left Shoulder; Subluxation,2025-11-07
11/07/2025,08:00 (ET),CHA@MIA,Charlotte Hornets,"Peterson, Drew",Out,G League - Two-Way,2025-11-07
11/07/2025,08:00 (ET),CHA@MIA,Charlotte Hornets,"Reeves, Antonio",Out,G League - Two-Way,2025-11-07
11/07/2025,08:00 (ET),CHA@MIA,Charlotte Hornets,"Salaun, Tidjane",Out,G League - On Assignment,2025-11-07
11/07/2025,08:00 (ET),CHA@MIA,Charlotte Hornets,"Sexton, Collin",Probable,Injury/Illness - Neck; Strain,2025-11-07
11/07/2025,08:00 (ET),CHA@MIA,Charlotte Hornets,"Williams, Grant",Out,Injury/Illness - Right Knee; Surgery,2025-11-07
11/07/2025,08:00 (ET),CHI@MIL,Chicago Bulls,"Collins, Zach",Out,Injury/Illness - Left Scaphoid; Fracture,2025-11-07
11/07/2025,08:00 (ET),CHI@MIL,Chicago Bulls,"Dosunmu, Ayo",Questionable,Injury/Illness - Left Quadricep; Contusion,2025-11-07
11/07/2025,08:00 (ET),CHI@MIL,Chicago Bulls,"White, Coby",Out,Injury/Illness - Right Calf; Strain,2025-11-07
11/08/2025,08:00 (ET),CHI@CLE,Chicago Bulls,,,NOT YET SUBMITTED,2025-11-07
11/07/2025,07:00 (ET),CLE@WAS,Cleveland Cavaliers,"Ball, Lonzo",Out,Rest - Left Knee - Injury Management,2025-11-07
11/07/2025,07:00 (ET),CLE@WAS,Cleveland Cavaliers,"Hunter, De'Andre",Probable,Injury/Illness - Illness; Illness,2025-11-07
11/07/2025,07:00 (ET),CLE@WAS,Cleveland Cavaliers,"Livingston, Chris",Out,G League - Two-Way,2025-11-07
11/07/2025,07:00 (ET),CLE@WAS,Cleveland Cavaliers,"Strus, Max",Out,Injury/Illness - Left Foot; Surgery - Jones Fracture,2025-11-07
11/07/2025,07:00 (ET),CLE@WAS,Cleveland Cavaliers,"Wade, Dean",Out,Injury/Illness - Right Eye; Contusion,2025-11-07
11/08/2025,08:00 (ET),CHI@CLE,Cleveland Cavaliers,,,NOT YET SUBMITTED,2025-11-07
11/07/2025,08:00 (ET),DAL@MEM,Dallas Mavericks,"Davis, Anthony",Doubtful,Injury/Illness - Left Calf; Strain,2025-11-07
11/07/2025,08:00 (ET),DAL@MEM,Dallas Mavericks,"Exum, Dante",Out,Injury/Illness - Right Knee; Injury Management,2025-11-07
11/07/2025,08:00 (ET),DAL@MEM,Dallas Mavericks,"Irving, Kyrie",Out,Injury/Illness - Left Knee; Surgery,2025-11-07
11/07/2025,08:00 (ET),DAL@MEM,Dallas Mavericks,"Lively II, Dereck",Out,Injury/Illness - Right Knee; Sprain,2025-11-07
11/08/2025,07:00 (ET),DAL@WAS,Dallas Mavericks,,,NOT YET SUBMITTED,2025-11-07
11/07/2025,10:00 (ET),GSW@DEN,Denver Nuggets,"Bates, Tamar",Out,G League - Two-Way,2025-11-07
11/07/2025,10:00 (ET),GSW@DEN,Denver Nuggets,"Holmes II, DaRon",Out,G League - On Assignment,2025-11-07
11/07/2025,10:00 (ET),GSW@DEN,Denver Nuggets,"Jones, Curtis",Out,G League - Two-Way,2025-11-07
11/07/2025,10:00 (ET),GSW@DEN,Denver Nuggets,"Nnaji, Zeke",Probable,Injury/Illness - Right Ankle; Sprain,2025-11-07
11/08/2025,09:00 (ET),IND@DEN,Denver Nuggets,,,NOT YET SUBMITTED,2025-11-07
11/07/2025,07:30 (ET),DET@BKN,Detroit Pistons,"Harris, Tobias",Out,Injury/Illness - Right Ankle; Sprain,2025-11-07
11/07/2025,07:30 (ET),DET@BKN,Detroit Pistons,"Ivey, Jaden",Out,Injury/Illness - Right Knee; Arthroscopy,2025-11-07
11/07/2025,07:30 (ET),DET@BKN,Detroit Pistons,"Jones, Colby",Out,G League - Two-Way,2025-11-07
11/07/2025,07:30 (ET),DET@BKN,Detroit Pistons,"LeVert, Caris",Questionable,Injury/Illness - Left Knee; Soreness,2025-11-07
11/07/2025,07:30 (ET),DET@BKN,Detroit Pistons,"Sasser, Marcus",Out,Injury/Illness - Right Hip; Impingement,2025-11-07
11/07/2025,07:30 (ET),DET@BKN,Detroit Pistons,"Smith, Tolu",Out,G League - Two-Way,2025-11-07
11/07/2025,10:00 (ET),GSW@DEN,Golden State Warriors,"Butler III, Jimmy",Questionable,Injury/Illness - Right Low Back; Strain,2025-11-07
11/07/2025,10:00 (ET),GSW@DEN,Golden State Warriors,"Curry, Stephen",Out,Injury/Illness - General; Illness,2025-11-07
11/07/2025,10:00 (ET),GSW@DEN,Golden State Warriors,"Green, Draymond",Probable,Injury/Illness - Right Rib; Contusion,2025-11-07
11/07/2025,10:00 (ET),GSW@DEN,Golden State Warriors,"Melton, De'Anthony",Out,Injury/Illness - Left ACL; Surgery,2025-11-07
11/07/2025,07:30 (ET),HOU@SAS,Houston Rockets,"Adams, Steven",Questionable,Injury/Illness - Left Hip Flexor; Tightness,2025-11-07
11/07/2025,07:30 (ET),HOU@SAS,Houston Rockets,"Crawford, Isaiah",Out,G League - Two-Way,2025-11-07
11/07/2025,07:30 (ET),HOU@SAS,Houston Rockets,"Finney-Smith, Dorian",Out,Injury/Illness - Left Ankle; Surgery,2025-11-07
11/07/2025,07:30 (ET),HOU@SAS,Houston Rockets,"Harris, Kevon",Out,G League - Two-Way,2025-11-07
11/07/2025,07:30 (ET),HOU@SAS,Houston Rockets,"VanVleet, Fred",Out,Injury/Illness - Right Knee; ACL Repair,2025-11-07
11/08/2025,09:00 (ET),IND@DEN,Indiana Pacers,,,NOT YET SUBMITTED,2025-11-07
11/08/2025,10:30 (ET),PHX@LAC,LA Clippers,,,NOT YET SUBMITTED,2025-11-07
11/08/2025,08:00 (ET),LAL@ATL,Los Angeles Lakers,,,NOT YET SUBMITTED,2025-11-07
11/07/2025,08:00 (ET),DAL@MEM,Memphis Grizzlies,"Clarke, Brandon",Out,Injury/Illness - Right Knee; Surgery Recovery,2025-11-07
11/07/2025,08:00 (ET),DAL@MEM,Memphis Grizzlies,"Edey, Zach",Out,Injury/Illness - Left Ankle; Surgery Recovery,2025-11-07
11/07/2025,08:00 (ET),DAL@MEM,Memphis Grizzlies,"Jerome, Ty",Out,Injury/Illness - Right Calf; Strain,2025-11-07
11/07/2025,08:00 (ET),DAL@MEM,Memphis Grizzlies,"Pippen Jr., Scotty",Out,Injury/Illness - Left Great Toe; Surgery Recovery,2025-11-07
11/07/2025,08:00 (ET),CHA@MIA,Miami Heat,"Adebayo, Bam",Out,Injury/Illness - Left Big Toe; Sprain,2025-11-07
11/07/2025,08:00 (ET),CHA@MIA,Miami Heat,"Gardner, Myron",Out,G League - Two-Way,2025-11-07
11/07/2025,08:00 (ET),CHA@MIA,Miami Heat,"Goldin, Vladislav",Probable,G League - Two-Way,2025-11-07
11/07/2025,08:00 (ET),CHA@MIA,Miami Heat,"Herro, Tyler",Out,Injury/Illness - Left Ankle; Surgery,2025-11-07
11/07/2025,08:00 (ET),CHA@MIA,Miami Heat,"Jakucionis, Kasparas",Available,Injury/Illness - Right Groin; Strain,2025-11-07
11/07/2025,08:00 (ET),CHA@MIA,Miami Heat,"Jovic, Nikola",Available,Injury/Illness - Right Hip; Contusion,2025-11-07
11/07/2025,08:00 (ET),CHA@MIA,Miami Heat,"Powell, Norman",Available,Injury/Illness - Right Groin; Strain,2025-11-07
11/07/2025,08:00 (ET),CHA@MIA,Miami Heat,"Rozier, Terry",Out,Not With Team,2025-11-07
11/07/2025,08:00 (ET),CHA@MIA,Miami Heat,"Young, Jahmir",Out,G League - Two-Way,2025-11-07
11/08/2025,08:00 (ET),POR@MIA,Miami Heat,,,NOT YET SUBMITTED,2025-11-07
11/07/2025,08:00 (ET),CHI@MIL,Milwaukee Bucks,"Antetokounmpo, Alex",Out,G League - Two-Way,2025-11-07
11/07/2025,08:00 (ET),CHI@MIL,Milwaukee Bucks,"Porter Jr., Kevin",Out,Injury/Illness - Right Knee; Meniscus Surgery,2025-11-07
11/07/2025,08:00 (ET),CHI@MIL,Milwaukee Bucks,"Prince, Taurean",Out,Injury/Illness - Neck; Strain,2025-11-07
11/07/2025,08:00 (ET),UTA@MIN,Minnesota Timberwolves,"DiVincenzo, Donte",Available,Injury/Illness - Face; Face Mask,2025-11-07
11/07/2025,08:00 (ET),UTA@MIN,Minnesota Timberwolves,"Dillingham, Rob",Available,Injury/Illness - Face; Face Mask,2025-11-07
11/07/2025,08:00 (ET),UTA@MIN,Minnesota Timberwolves,"Edwards, Anthony",Questionable,Injury/Illness - Right Hamstring; Strain,2025-11-07
11/07/2025,08:00 (ET),UTA@MIN,Minnesota Timberwolves,"Freeman, Enrique",Out,G League - Two-Way,2025-11-07
11/07/2025,08:00 (ET),UTA@MIN,Minnesota Timberwolves,"Shannon Jr., Terrence",Questionable,Injury/Illness - Left Foot; Soreness,2025-11-07
11/07/2025,08:00 (ET),UTA@MIN,Minnesota Timberwolves,"Zikarsky, Rocco",Out,G League - Two-Way,2025-11-07
11/08/2025,08:00 (ET),NOP@SAS,New Orleans Pelicans,,,NOT YET SUBMITTED,2025-11-07
11/07/2025,10:00 (ET),OKC@SAC,Oklahoma City Thunder,"Dort, Luguentz",Questionable,Injury/Illness - Right Upper Trap; Strain,2025-11-07
11/07/2025,10:00 (ET),OKC@SAC,Oklahoma City Thunder,"Sorber, Thomas",Out,Injury/Illness - Right ACL; Surgical Recovery,2025-11-07
11/07/2025,10:00 (ET),OKC@SAC,Oklahoma City Thunder,"Topic, Nikola",Out,Injury/Illness - N/a; Surgical Recovery,2025-11-07
11/07/2025,10:00 (ET),OKC@SAC,Oklahoma City Thunder,"Wiggins, Aaron",Out,Injury/Illness - Left Adductor; Strain,2025-11-07
11/07/2025,10:00 (ET),OKC@SAC,Oklahoma City Thunder,"Williams, Jalen",Out,Injury/Illness - Right Wrist; Surgical Recovery,2025-11-07
11/07/2025,10:00 (ET),OKC@SAC,Oklahoma City Thunder,"Williams, Kenrich",Out,Injury/Illness - Left Knee; Surgical Recovery,2025-11-07
11/07/2025,07:00 (ET),BOS@ORL,Orlando Magic,"Wagner, Moritz",Out,Injury/Illness - Left Knee; Injury recovery,2025-11-07
11/08/2025,07:30 (ET),TOR@PHI,Philadelphia 76ers,,,NOT YET SUBMITTED,2025-11-07
11/08/2025,10:30 (ET),PHX@LAC,Phoenix Suns,,,NOT YET SUBMITTED,2025-11-07
11/08/2025,08:00 (ET),POR@MIA,Portland Trail Blazers,,,NOT YET SUBMITTED,2025-11-07
11/07/2025,10:00 (ET),OKC@SAC,Sacramento Kings,"Cardwell, Dylan",Out,G League - Two-Way,2025-11-07
11/07/2025,10:00 (ET),OKC@SAC,Sacramento Kings,"Murray, Keegan",Out,Injury/Illness - Left Thumb; UCL Injury Recovery,2025-11-07
11/07/2025,10:00 (ET),OKC@SAC,Sacramento Kings,"Plowden, Daeqwon",Out,G League - Two-Way,2025-11-07
11/07/2025,10:00 (ET),OKC@SAC,Sacramento Kings,"Sabonis, Domantas",Questionable,Injury/Illness - Left Ribcage; Contusion,2025-11-07
11/07/2025,10:00 (ET),OKC@SAC,Sacramento Kings,"Stevens, Isaiah",Out,G League - Two-Way,2025-11-07
11/07/2025,07:30 (ET),HOU@SAS,San Antonio Spurs,"Fox, De'Aaron",Out,Injury/Illness - Right Hamstring; Strain,2025-11-07
11/07/2025,07:30 (ET),HOU@SAS,San Antonio Spurs,"Harper, Dylan",Out,Injury/Illness - Left Calf; Strain,2025-11-07
11/07/2025,07:30 (ET),HOU@SAS,San Antonio Spurs,"Ingram, Harrison",Questionable,G League - Two-Way,2025-11-07
11/07/2025,07:30 (ET),HOU@SAS,San Antonio Spurs,"Kornet, Luke",Out,Injury/Illness - Left Ankle; Sprain,2025-11-07
11/07/2025,07:30 (ET),HOU@SAS,San Antonio Spurs,"Minix, Riley",Questionable,G League - Two-Way,2025-11-07
11/07/2025,07:30 (ET),HOU@SAS,San Antonio Spurs,"Olynyk, Kelly",Questionable,Injury/Illness - Left Heel; Surgery/Return to play,2025-11-07
11/07/2025,07:30 (ET),HOU@SAS,San Antonio Spurs,"Sochan, Jeremy",Questionable,Injury/Illness - Left Wrist; Sprain/Return to Play,2025-11-07
11/08/2025,08:00 (ET),NOP@SAS,San Antonio Spurs,,,NOT YET SUBMITTED,2025-11-07
11/07/2025,07:30 (ET),TOR@ATL,Toronto Raptors,"Hepburn, Chucky",Out,G League - Two-Way,2025-11-07
11/07/2025,07:30 (ET),TOR@ATL,Toronto Raptors,"Lawson, A.J.",Out,G League - Two-Way,2025-11-07
11/07/2025,07:30 (ET),TOR@ATL,Toronto Raptors,"Martin, Alijah",Out,G League - Two-Way,2025-11-07
11/07/2025,07:30 (ET),TOR@ATL,Toronto Raptors,"Mogbo, Jonathan",Out,G League - On Assignment,2025-11-07
11/08/2025,07:30 (ET),TOR@PHI,Toronto Raptors,,,NOT YET SUBMITTED,2025-11-07
11/07/2025,08:00 (ET),UTA@MIN,Utah Jazz,"Kessler, Walker",Out,Injury/Illness - Left Shoulder; Injury Recovery,2025-11-07
11/07/2025,08:00 (ET),UTA@MIN,Utah Jazz,"Niang, Georges",Out,Injury/Illness - Left Foot; Fourth Metatarsal Stress Reaction,2025-11-07
11/07/2025,08:00 (ET),UTA@MIN,Utah Jazz,"Tonje, John",Out,G League - Two-Way,2025-11-07
11/07/2025,08:00 (ET),UTA@MIN,Utah Jazz,"Tshiebwe, Oscar",Out,G League - Two-Way,2025-11-07
11/07/2025,07:00 (ET),CLE@WAS,Washington Wizards,"Coulibaly, Bilal",Out,Injury/Illness - Left Lower Leg; Tightness,2025-11-07
11/07/2025,07:00 (ET),CLE@WAS,Washington Wizards,"George, Kyshawn",Questionable,Injury/Illness - N/a; Illness,2025-11-07
11/08/2025,07:00 (ET),DAL@WAS,Washington Wizards,,,NOT YET SUBMITTED,2025-11-07
11/08/2025,08:00 (ET),LAL@ATL,Atlanta Hawks,"Alexander-Walker, Nickeil",Questionable,Injury/Illness - Low Back; Strain,2025-11-08
11/08/2025,08:00 (ET),LAL@ATL,Atlanta Hawks,"Djurisic, Nikola",Out,Injury/Illness - Right Elbow; Sprain,2025-11-08
11/08/2025,08:00 (ET),LAL@ATL,Atlanta Hawks,"Johnson, Jalen",Questionable,Injury/Illness - Right Quad; Contusion,2025-11-08
11/08/2025,08:00 (ET),LAL@ATL,Atlanta Hawks,"Kennard, Luke",Out,Injury/Illness - N/A; Illness,2025-11-08
11/08/2025,08:00 (ET),LAL@ATL,Atlanta Hawks,"Ndiaye, Eli John",Out,G League - Two-Way,2025-11-08
11/08/2025,08:00 (ET),LAL@ATL,Atlanta Hawks,"Porzingis, Kristaps",Out,Injury/Illness - Illness; Management,2025-11-08
11/08/2025,08:00 (ET),LAL@ATL,Atlanta Hawks,"Young, Trae",Out,Injury/Illness - Right Knee; MCL Sprain,2025-11-08
11/09/2025,06:00 (ET),BOS@ORL,Boston Celtics,"Shulga, Max",Out,G League - Two-Way,2025-11-08
11/09/2025,06:00 (ET),BOS@ORL,Boston Celtics,"Tatum, Jayson",Out,Injury/Illness - Right Achilles; Repair,2025-11-08
11/09/2025,06:00 (ET),BOS@ORL,Boston Celtics,"Williams, Amari",Out,G League - Two-Way,2025-11-08
11/09/2025,06:00 (ET),BKN@NYK,Brooklyn Nets,"Highsmith, Haywood",Out,"Injury/Illness - Right Knee; Surgery, Injury Recovery",2025-11-08
11/09/2025,06:00 (ET),BKN@NYK,Brooklyn Nets,"Saraf, Ben",Out,G League - On Assignment,2025-11-08
11/09/2025,06:00 (ET),BKN@NYK,Brooklyn Nets,"Thomas, Cam",Out,Injury/Illness - Left Hamstring; Strain,2025-11-08
11/09/2025,06:00 (ET),BKN@NYK,Brooklyn Nets,"Traore, Nolan",Out,G League - On Assignment,2025-11-08
11/09/2025,06:00 (ET),BKN@NYK,Brooklyn Nets,"Wolf, Danny",Out,G League - On Assignment,2025-11-08
11/08/2025,08:00 (ET),CHI@CLE,Chicago Bulls,"Collins, Zach",Out,Injury/Illness - Left Scaphoid; Fracture,2025-11-08
11/08/2025,08:00 (ET),CHI@CLE,Chicago Bulls,"Dosunmu, Ayo",Probable,Injury/Illness - Left Quadricep; Contusion,2025-11-08
11/08/2025,08:00 (ET),CHI@CLE,Chicago Bulls,"White, Coby",Out,Injury/Illness - Right Calf; Strain,2025-11-08
11/08/2025,08:00 (ET),CHI@CLE,Cleveland Cavaliers,"Garland, Darius",Out,Injury/Illness - Left Great Toe; Injury Management,2025-11-08
11/08/2025,08:00 (ET),CHI@CLE,Cleveland Cavaliers,"Livingston, Chris",Out,G League - Two-Way,2025-11-08
11/08/2025,08:00 (ET),CHI@CLE,Cleveland Cavaliers,"Nance Jr., Larry",Questionable,Injury/Illness - Left Knee; Contusion,2025-11-08
11/08/2025,08:00 (ET),CHI@CLE,Cleveland Cavaliers,"Strus, Max",Out,Injury/Illness - Left Foot; Surgery - Jones Fracture,2025-11-08
11/08/2025,08:00 (ET),CHI@CLE,Cleveland Cavaliers,"Wade, Dean",Questionable,Injury/Illness - Right Eye; Contusion,2025-11-08
11/08/2025,07:00 (ET),DAL@WAS,Dallas Mavericks,"Davis, Anthony",Questionable,Injury/Illness - Left Calf; Strain,2025-11-08
11/08/2025,07:00 (ET),DAL@WAS,Dallas Mavericks,"Exum, Dante",Out,Injury/Illness - Right Knee; Injury Management,2025-11-08
11/08/2025,07:00 (ET),DAL@WAS,Dallas Mavericks,"Gafford, Daniel",Questionable,Injury/Illness - Right Ankle; Sprain,2025-11-08
11/08/2025,07:00 (ET),DAL@WAS,Dallas Mavericks,"Irving, Kyrie",Out,Injury/Illness - Left Knee; Surgery,2025-11-08
11/08/2025,07:00 (ET),DAL@WAS,Dallas Mavericks,"Lively II, Dereck",Out,Injury/Illness - Right Knee; Sprain,2025-11-08
11/08/2025,07:00 (ET),DAL@WAS,Dallas Mavericks,"Thompson, Klay",Out,Injury/Illness - Illness; Illness,2025-11-08
11/08/2025,09:00 (ET),IND@DEN,Denver Nuggets,"Bates, Tamar",Out,G League - Two-Way,2025-11-08
11/08/2025,09:00 (ET),IND@DEN,Denver Nuggets,"Gordon, Aaron",Questionable,Injury/Illness - Left Hamstring; Injury Management,2025-11-08
11/08/2025,09:00 (ET),IND@DEN,Denver Nuggets,"Holmes II, DaRon",Out,G League - On Assignment,2025-11-08
11/08/2025,09:00 (ET),IND@DEN,Denver Nuggets,"Jones, Curtis",Out,G League - Two-Way,2025-11-08
11/08/2025,09:00 (ET),IND@DEN,Denver Nuggets,"Murray, Jamal",Questionable,Injury/Illness - Left Calf; Tightness,2025-11-08
11/08/2025,09:00 (ET),IND@DEN,Denver Nuggets,"Nnaji, Zeke",Probable,Injury/Illness - Right Ankle; Sprain,2025-11-08
11/09/2025,07:30 (ET),DET@PHI,Detroit Pistons,"Harris, Tobias",Out,Injury/Illness - Right Ankle; Sprain,2025-11-08
11/09/2025,07:30 (ET),DET@PHI,Detroit Pistons,"Ivey, Jaden",Out,Injury/Illness - Right Knee; Arthroscopy,2025-11-08
11/09/2025,07:30 (ET),DET@PHI,Detroit Pistons,"Jones, Colby",Out,G League - Two-Way,2025-11-08
11/09/2025,07:30 (ET),DET@PHI,Detroit Pistons,"LeVert, Caris",Probable,Injury/Illness - Left Knee; Soreness,2025-11-08
11/09/2025,07:30 (ET),DET@PHI,Detroit Pistons,"Sasser, Marcus",Out,Injury/Illness - Right Hip; Impingement,2025-11-08
11/09/2025,07:30 (ET),DET@PHI,Detroit Pistons,"Stewart, Isaiah",Doubtful,Injury/Illness - Left Ankle; Sprain,2025-11-08
11/09/2025,08:30 (ET),IND@GSW,Golden State Warriors,,,NOT YET SUBMITTED,2025-11-08
11/09/2025,03:30 (ET),HOU@MIL,Houston Rockets,"Crawford, Isaiah",Out,G League - Two-Way,2025-11-08
11/09/2025,03:30 (ET),HOU@MIL,Houston Rockets,"Finney-Smith, Dorian",Out,Injury/Illness - Left Ankle; Surgery,2025-11-08
11/09/2025,03:30 (ET),HOU@MIL,Houston Rockets,"Harris, Kevon",Out,G League - Two-Way,2025-11-08
11/09/2025,03:30 (ET),HOU@MIL,Houston Rockets,"VanVleet, Fred",Out,Injury/Illness - Right Knee; ACL Repair,2025-11-08
11/08/2025,09:00 (ET),IND@DEN,Indiana Pacers,"Furphy, Johnny",Out,Injury/Illness - Left Ankle; Sprain,2025-11-08
11/08/2025,09:00 (ET),IND@DEN,Indiana Pacers,"Haliburton, Tyrese",Out,Injury/Illness - Right Achilles Tendon; Tear,2025-11-08
11/08/2025,09:00 (ET),IND@DEN,Indiana Pacers,"Jackson, Quenton",Out,Injury/Illness - Right Hamstring; Strain,2025-11-08
11/08/2025,09:00 (ET),IND@DEN,Indiana Pacers,"Jones, Kam",Out,Injury/Illness - Low Back; Stress Reaction,2025-11-08
11/08/2025,09:00 (ET),IND@DEN,Indiana Pacers,"Mathurin, Bennedict",Out,Injury/Illness - Right Great Toe; Sprain,2025-11-08
11/08/2025,09:00 (ET),IND@DEN,Indiana Pacers,"McConnell, T.J.",Out,Injury/Illness - Left Hamstring; Strain,2025-11-08
11/08/2025,09:00 (ET),IND@DEN,Indiana Pacers,"Nembhard, Andrew",Questionable,Injury/Illness - Left Shoulder; Strain,2025-11-08
11/08/2025,09:00 (ET),IND@DEN,Indiana Pacers,"Peter, Taelon",Questionable,Injury/Illness - Right Groin; Soreness,2025-11-08
11/08/2025,09:00 (ET),IND@DEN,Indiana Pacers,"Toppin, Obi",Out,Injury/Illness - Right Foot; Stress Fracture,2025-11-08
11/09/2025,08:30 (ET),IND@GSW,Indiana Pacers,,,NOT YET SUBMITTED,2025-11-08
11/08/2025,10:30 (ET),PHX@LAC,LA Clippers,"Leonard, Kawhi",Out,Injury/Illness - Right Ankle; Sprain,2025-11-08
11/08/2025,10:30 (ET),PHX@LAC,LA Clippers,"Miller, Jordan",Out,Injury/Illness - Left Hamstring; Strain,2025-11-08
11/08/2025,10:30 (ET),PHX@LAC,LA Clippers,"Niederhauser, Yanic Konan",Out,G League - On Assignment,2025-11-08
11/08/2025,10:30 (ET),PHX@LAC,LA Clippers,"Sanders, Kobe",Out,Injury/Illness - Right Knee; Sprain,2025-11-08
11/08/2025,10:30 (ET),PHX@LAC,LA Clippers,"Telfort, Jahmyl",Out,G League - Two-Way,2025-11-08
11/08/2025,08:00 (ET),LAL@ATL,Los Angeles Lakers,"James, LeBron",Out,Injury/Illness - Right Sciatica; -,2025-11-08
11/08/2025,08:00 (ET),LAL@ATL,Los Angeles Lakers,"Kleber, Maxi",Available,Injury/Illness - Abdominal Muscle; Strain,2025-11-08
11/08/2025,08:00 (ET),LAL@ATL,Los Angeles Lakers,"Reaves, Austin",Out,Injury/Illness - Right Groin; Strain,2025-11-08
11/08/2025,08:00 (ET),LAL@ATL,Los Angeles Lakers,"Thiero, Adou",Out,Injury/Illness - Left Knee; Surgery Recovery,2025-11-08
11/08/2025,08:00 (ET),LAL@ATL,Los Angeles Lakers,"Vincent, Gabe",Out,Injury/Illness - Left Ankle; Sprain,2025-11-08
11/09/2025,06:00 (ET),OKC@MEM,Memphis Grizzlies,,,NOT YET SUBMITTED,2025-11-08
11/08/2025,08:00 (ET),POR@MIA,Miami Heat,"Adebayo, Bam",Out,Injury/Illness - Left Big Toe; Sprain,2025-11-08
11/08/2025,08:00 (ET),POR@MIA,Miami Heat,"Gardner, Myron",Out,G League - Two-Way,2025-11-08
11/08/2025,08:00 (ET),POR@MIA,Miami Heat,"Herro, Tyler",Out,Injury/Illness - Left Ankle; Surgery,2025-11-08
11/08/2025,08:00 (ET),POR@MIA,Miami Heat,"Jakucionis, Kasparas",Available,Injury/Illness - Right Groin; Strain,2025-11-08
11/08/2025,08:00 (ET),POR@MIA,Miami Heat,"Jaquez Jr., Jaime",Questionable,Injury/Illness - Left Ankle; Sprain,2025-11-08
11/08/2025,08:00 (ET),POR@MIA,Miami Heat,"Jovic, Nikola",Available,Injury/Illness - Right Hip; Contusion,2025-11-08
11/08/2025,08:00 (ET),POR@MIA,Miami Heat,"Larsson, Pelle",Probable,Injury/Illness - Head; Illness,2025-11-08
11/08/2025,08:00 (ET),POR@MIA,Miami Heat,"Powell, Norman",Probable,Injury/Illness - Right Ankle; Sprain,2025-11-08
11/08/2025,08:00 (ET),POR@MIA,Miami Heat,"Rozier, Terry",Out,Not With Team,2025-11-08
11/08/2025,08:00 (ET),POR@MIA,Miami Heat,"Young, Jahmir",Out,G League - Two-Way,2025-11-08
11/09/2025,03:30 (ET),HOU@MIL,Milwaukee Bucks,"Antetokounmpo, Alex",Out,G League - Two-Way,2025-11-08
11/09/2025,03:30 (ET),HOU@MIL,Milwaukee Bucks,"Antetokounmpo, Giannis",Probable,Injury/Illness - Left Knee; Patellar Tendinopathy,2025-11-08
11/09/2025,03:30 (ET),HOU@MIL,Milwaukee Bucks,"Porter Jr., Kevin",Out,Injury/Illness - Right Knee; Meniscus Surgery,2025-11-08
11/09/2025,03:30 (ET),HOU@MIL,Milwaukee Bucks,"Prince, Taurean",Out,Injury/Illness - Neck; Strain,2025-11-08
11/09/2025,09:00 (ET),MIN@SAC,Minnesota Timberwolves,,,NOT YET SUBMITTED,2025-11-08
11/08/2025,08:00 (ET),NOP@SAS,New Orleans Pelicans,"Alexander, Trey",Out,G League - Two-Way,2025-11-08
11/08/2025,08:00 (ET),NOP@SAS,New Orleans Pelicans,"Dickinson, Hunter",Out,G League - Two-Way,2025-11-08
11/08/2025,08:00 (ET),NOP@SAS,New Orleans Pelicans,"Missi, Yves",Out,Injury/Illness - N/A; Illness,2025-11-08
11/08/2025,08:00 (ET),NOP@SAS,New Orleans Pelicans,"Murray, Dejounte",Out,Injury/Illness - Right Achilles; Rupture,2025-11-08
11/08/2025,08:00 (ET),NOP@SAS,New Orleans Pelicans,"Poole, Jordan",Out,Injury/Illness - Left Quad; Strain,2025-11-08
11/08/2025,08:00 (ET),NOP@SAS,New Orleans Pelicans,"Williamson, Zion",Out,Injury/Illness - Left Hamstring; Strain,2025-11-08
11/09/2025,06:00 (ET),OKC@MEM,Oklahoma City Thunder,"Dort, Luguentz",Questionable,Injury/Illness - Right Upper Trap; Strain,2025-11-08
11/09/2025,06:00 (ET),OKC@MEM,Oklahoma City Thunder,"Sorber, Thomas",Out,Injury/Illness - Right ACL; Surgical Recovery,2025-11-08
11/09/2025,06:00 (ET),OKC@MEM,Oklahoma City Thunder,"Topic, Nikola",Out,Injury/Illness - N/a; Surgical Recovery,2025-11-08
11/09/2025,06:00 (ET),OKC@MEM,Oklahoma City Thunder,"Wiggins, Aaron",Out,Injury/Illness - Left Adductor; Strain,2025-11-08
11/09/2025,06:00 (ET),OKC@MEM,Oklahoma City Thunder,"Williams, Jalen",Out,Injury/Illness - Right Wrist; Surgical Recovery,2025-11-08
11/09/2025,06:00 (ET),OKC@MEM,Oklahoma City Thunder,"Williams, Kenrich",Out,Injury/Illness - Left Knee; Surgical Recovery,2025-11-08
11/09/2025,06:00 (ET),BOS@ORL,Orlando Magic,"Cain, Jamal",Out,G League - Two-Way,2025-11-08
11/09/2025,06:00 (ET),BOS@ORL,Orlando Magic,"Castleton, Colin",Out,G League - Two-Way,2025-11-08
11/09/2025,06:00 (ET),BOS@ORL,Orlando Magic,"Robinson, Orlando",Out,G League - Two-Way,2025-11-08
11/09/2025,06:00 (ET),BOS@ORL,Orlando Magic,"Wagner, Moritz",Out,Injury/Illness - Left Knee; Injury recovery,2025-11-08
11/08/2025,07:30 (ET),TOR@PHI,Philadelphia 76ers,"Barlow, Dominick",Out,Injury/Illness - Right Elbow; Laceration,2025-11-08
11/08/2025,07:30 (ET),TOR@PHI,Philadelphia 76ers,"Broome, Johni",Doubtful,Injury/Illness - Right Ankle; Sprain,2025-11-08
11/08/2025,07:30 (ET),TOR@PHI,Philadelphia 76ers,"George, Paul",Out,Injury/Illness - Left Knee; Surgery Recovery,2025-11-08
11/08/2025,07:30 (ET),TOR@PHI,Philadelphia 76ers,"McCain, Jared",Available,Recovery - Splint; Left Knee Surgery,2025-11-08
11/08/2025,07:30 (ET),TOR@PHI,Philadelphia 76ers,"Sallis, Hunter",Available,Recovery - Brace - Injury/Illness - Left Scaphoid;,2025-11-08
11/09/2025,07:30 (ET),DET@PHI,Philadelphia 76ers,,,NOT YET SUBMITTED,2025-11-08
11/08/2025,10:30 (ET),PHX@LAC,Phoenix Suns,"Brea, Koby",Out,G League - Two-Way,2025-11-08
11/08/2025,10:30 (ET),PHX@LAC,Phoenix Suns,"Brooks, Dillon",Questionable,Injury/Illness - Core Muscle; Strain,2025-11-08
11/08/2025,10:30 (ET),PHX@LAC,Phoenix Suns,"Huntley, CJ",Out,G League - Two-Way,2025-11-08
11/08/2025,10:30 (ET),PHX@LAC,Phoenix Suns,"Williams, Mark",Questionable,Injury/Illness - N/a; Illness,2025-11-08
11/08/2025,08:00 (ET),POR@MIA,Portland Trail Blazers,"Cooke, Javonte",Out,G League - Two-Way,2025-11-08
11/08/2025,08:00 (ET),POR@MIA,Portland Trail Blazers,"Henderson, Scoot",Out,Injury/Illness - Left Hamstring; Tear,2025-11-08
11/08/2025,08:00 (ET),POR@MIA,Portland Trail Blazers,"Lillard, Damian",Out,Injury/Illness - Left Achilles Tendon; Injury Management,2025-11-08
11/08/2025,08:00 (ET),POR@MIA,Portland Trail Blazers,"Sharpe, Shaedon",Probable,Injury/Illness - Left Calf; Strain,2025-11-08
11/08/2025,08:00 (ET),POR@MIA,Portland Trail Blazers,"Thybulle, Matisse",Out,Injury/Illness - Left Thumb; Ligament Tear,2025-11-08
11/08/2025,08:00 (ET),POR@MIA,Portland Trail Blazers,"Wesley, Blake",Out,Injury/Illness - Right Foot; Fracture,2025-11-08
11/09/2025,09:00 (ET),MIN@SAC,Sacramento Kings,,,NOT YET SUBMITTED,2025-11-08
11/08/2025,08:00 (ET),NOP@SAS,San Antonio Spurs,"Harper, Dylan",Out,Injury/Illness - Left Calf; Strain,2025-11-08
11/08/2025,08:00 (ET),NOP@SAS,San Antonio Spurs,"Ingram, Harrison",Out,G League - Two-Way,2025-11-08
11/08/2025,08:00 (ET),NOP@SAS,San Antonio Spurs,"Kornet, Luke",Questionable,Injury/Illness - Left Ankle; Sprain,2025-11-08
11/08/2025,08:00 (ET),NOP@SAS,San Antonio Spurs,"Minix, Riley",Out,G League - Two-Way,2025-11-08
11/08/2025,08:00 (ET),NOP@SAS,San Antonio Spurs,"Olynyk, Kelly",Questionable,Injury/Illness - Left Heel; Surgery Injury Recovery,2025-11-08
11/08/2025,08:00 (ET),NOP@SAS,San Antonio Spurs,"Sochan, Jeremy",Questionable,Injury/Illness - Left Wrist; Sprain Injury Recovery,2025-11-08
11/08/2025,07:30 (ET),TOR@PHI,Toronto Raptors,"Hepburn, Chucky",Out,G League - Two-Way,2025-11-08
11/08/2025,07:30 (ET),TOR@PHI,Toronto Raptors,"Lawson, A.J.",Out,G League - Two-Way,2025-11-08
11/08/2025,07:30 (ET),TOR@PHI,Toronto Raptors,"Martin, Alijah",Out,G League - Two-Way,2025-11-08
11/08/2025,07:30 (ET),TOR@PHI,Toronto Raptors,"Poeltl, Jakob",Out,Injury/Illness - Lower Back; Injury Management,2025-11-08
11/08/2025,07:00 (ET),DAL@WAS,Washington Wizards,"Coulibaly, Bilal",Out,Injury/Illness - Left calf; Contusion,2025-11-08
11/08/2025,07:00 (ET),DAL@WAS,Washington Wizards,"George, Kyshawn",Questionable,Injury/Illness - N/a; Illness,2025-11-08
11/08/2025,07:00 (ET),DAL@WAS,Washington Wizards,"Middleton, Khris",Out,Injury/Illness - Right Knee; Injury Management,2025-11-08
11/10/2025,10:30 (ET),ATL@LAC,Atlanta Hawks,,,NOT YET SUBMITTED,2025-11-09
11/09/2025,06:00 (ET),BOS@ORL,Boston Celtics,"Shulga, Max",Out,G League - Two-Way,2025-11-09
11/09/2025,06:00 (ET),BOS@ORL,Boston Celtics,"Tatum, Jayson",Out,Injury/Illness - Right Achilles; Repair,2025-11-09
11/09/2025,06:00 (ET),BOS@ORL,Boston Celtics,"Williams, Amari",Out,G League - Two-Way,2025-11-09
11/09/2025,06:00 (ET),BKN@NYK,Brooklyn Nets,"Highsmith, Haywood",Out,"Injury/Illness - Right Knee; Surgery, Injury Recovery",2025-11-09
11/09/2025,06:00 (ET),BKN@NYK,Brooklyn Nets,"Saraf, Ben",Out,G League - On Assignment,2025-11-09
11/09/2025,06:00 (ET),BKN@NYK,Brooklyn Nets,"Thomas, Cam",Out,Injury/Illness - Left Hamstring; Strain,2025-11-09
11/09/2025,06:00 (ET),BKN@NYK,Brooklyn Nets,"Traore, Nolan",Out,G League - On Assignment,2025-11-09
11/09/2025,06:00 (ET),BKN@NYK,Brooklyn Nets,"Wolf, Danny",Out,G League - On Assignment,2025-11-09
11/10/2025,07:00 (ET),LAL@CHA,Charlotte Hornets,"Ball, LaMelo",Out,Injury/Illness - Right Ankle; Impingement,2025-11-09
11/10/2025,07:00 (ET),LAL@CHA,Charlotte Hornets,"Bridges, Miles",Questionable,Injury/Illness - Back; Spasms,2025-11-09
11/10/2025,07:00 (ET),LAL@CHA,Charlotte Hornets,"Green, Josh",Out,Injury/Illness - Left Shoulder; Surgery,2025-11-09
11/10/2025,07:00 (ET),LAL@CHA,Charlotte Hornets,"Miller, Brandon",Out,Injury/Illness - Left Shoulder; Subluxation,2025-11-09
11/10/2025,07:00 (ET),LAL@CHA,Charlotte Hornets,"Peterson, Drew",Out,G League - Two-Way,2025-11-09
11/10/2025,07:00 (ET),LAL@CHA,Charlotte Hornets,"Salaun, Tidjane",Out,G League - On Assignment,2025-11-09
11/10/2025,07:00 (ET),LAL@CHA,Charlotte Hornets,"Williams, Grant",Out,Injury/Illness - Right Knee; Surgery,2025-11-09
11/10/2025,08:00 (ET),SAS@CHI,Chicago Bulls,"Collins, Zach",Out,Injury/Illness - Left Scaphoid; Fracture,2025-11-09
11/10/2025,08:00 (ET),SAS@CHI,Chicago Bulls,"Giddey, Josh",Questionable,Injury/Illness - Right Ankle; Sprain,2025-11-09
11/10/2025,08:00 (ET),SAS@CHI,Chicago Bulls,"White, Coby",Out,Injury/Illness - Right Calf; Strain,2025-11-09
11/10/2025,08:00 (ET),SAS@CHI,Chicago Bulls,"Williams, Patrick",Probable,Injury/Illness - Left Finger; Sprain,2025-11-09
11/10/2025,07:30 (ET),CLE@MIA,Cleveland Cavaliers,"Livingston, Chris",Out,G League - Two-Way,2025-11-09
11/10/2025,07:30 (ET),CLE@MIA,Cleveland Cavaliers,"Nance Jr., Larry",Questionable,Injury/Illness - Left Knee; Contusion,2025-11-09
11/10/2025,07:30 (ET),CLE@MIA,Cleveland Cavaliers,"Strus, Max",Out,Injury/Illness - Left Foot; Surgery - Jones Fracture,2025-11-09
11/10/2025,08:30 (ET),MIL@DAL,Dallas Mavericks,"Davis, Anthony",Questionable,Injury/Illness - Left Calf; Strain,2025-11-09
11/10/2025,08:30 (ET),MIL@DAL,Dallas Mavericks,"Exum, Dante",Out,Injury/Illness - Right Knee; Injury Management,2025-11-09
11/10/2025,08:30 (ET),MIL@DAL,Dallas Mavericks,"Gafford, Daniel",Questionable,Injury/Illness - Right Ankle; Sprain,2025-11-09
11/10/2025,08:30 (ET),MIL@DAL,Dallas Mavericks,"Irving, Kyrie",Out,Injury/Illness - Left Knee; Surgery,2025-11-09
11/10/2025,08:30 (ET),MIL@DAL,Dallas Mavericks,"Lively II, Dereck",Doubtful,Injury/Illness - Right Knee; Sprain,2025-11-09
11/09/2025,07:30 (ET),DET@PHI,Detroit Pistons,"Harris, Tobias",Out,Injury/Illness - Right Ankle; Sprain,2025-11-09
11/09/2025,07:30 (ET),DET@PHI,Detroit Pistons,"Ivey, Jaden",Out,Injury/Illness - Right Knee; Arthroscopy,2025-11-09
11/09/2025,07:30 (ET),DET@PHI,Detroit Pistons,"Jones, Colby",Out,G League - Two-Way,2025-11-09
11/09/2025,07:30 (ET),DET@PHI,Detroit Pistons,"LeVert, Caris",Available,Injury/Illness - Left Knee; Soreness,2025-11-09
11/09/2025,07:30 (ET),DET@PHI,Detroit Pistons,"Sasser, Marcus",Out,Injury/Illness - Right Hip; Impingement,2025-11-09
11/09/2025,07:30 (ET),DET@PHI,Detroit Pistons,"Stewart, Isaiah",Out,Injury/Illness - Left Ankle; Sprain,2025-11-09
11/10/2025,07:00 (ET),WAS@DET,Detroit Pistons,,,NOT YET SUBMITTED,2025-11-09
11/09/2025,08:30 (ET),IND@GSW,Golden State Warriors,"Curry, Stephen",Questionable,Injury/Illness - General; Illness,2025-11-09
11/09/2025,08:30 (ET),IND@GSW,Golden State Warriors,"Horford, Al",Questionable,Injury/Illness - Left Foot; Strain,2025-11-09
11/09/2025,08:30 (ET),IND@GSW,Golden State Warriors,"Melton, De'Anthony",Out,Injury/Illness - Left ACL; Surgery,2025-11-09
11/09/2025,03:30 (ET),HOU@MIL,Houston Rockets,"Crawford, Isaiah",Out,G League - Two-Way,2025-11-09
11/09/2025,03:30 (ET),HOU@MIL,Houston Rockets,"Finney-Smith, Dorian",Out,Injury/Illness - Left Ankle; Surgery,2025-11-09
11/09/2025,03:30 (ET),HOU@MIL,Houston Rockets,"Harris, Kevon",Out,G League - Two-Way,2025-11-09
11/09/2025,03:30 (ET),HOU@MIL,Houston Rockets,"VanVleet, Fred",Out,Injury/Illness - Right Knee; ACL Repair,2025-11-09
11/09/2025,08:30 (ET),IND@GSW,Indiana Pacers,"Furphy, Johnny",Out,Injury/Illness - Left Ankle; Sprain,2025-11-09
11/09/2025,08:30 (ET),IND@GSW,Indiana Pacers,"Haliburton, Tyrese",Out,Injury/Illness - Right Achilles Tendon; Tear,2025-11-09
11/09/2025,08:30 (ET),IND@GSW,Indiana Pacers,"Jackson, Quenton",Out,Injury/Illness - Right Hamstring; Strain,2025-11-09
11/09/2025,08:30 (ET),IND@GSW,Indiana Pacers,"Jones, Kam",Out,Injury/Illness - Lower Back; Stress Reaction,2025-11-09
11/09/2025,08:30 (ET),IND@GSW,Indiana Pacers,"Mathurin, Bennedict",Out,Injury/Illness - Right Great Toe; Sprain,2025-11-09
11/09/2025,08:30 (ET),IND@GSW,Indiana Pacers,"McConnell, T.J.",Out,Injury/Illness - Left Hamstring; Strain,2025-11-09
11/09/2025,08:30 (ET),IND@GSW,Indiana Pacers,"Nesmith, Aaron",Out,Injury/Illness - Right Forearm; Contusion,2025-11-09
11/09/2025,08:30 (ET),IND@GSW,Indiana Pacers,"Peter, Taelon",Questionable,Injury/Illness - Right Groin; Soreness,2025-11-09
11/09/2025,08:30 (ET),IND@GSW,Indiana Pacers,"Siakam, Pascal",Out,Rest - Rest,2025-11-09
11/09/2025,08:30 (ET),IND@GSW,Indiana Pacers,"Toppin, Obi",Out,Injury/Illness - Right Foot; Stress Fracture,2025-11-09
11/10/2025,10:30 (ET),ATL@LAC,LA Clippers,,,NOT YET SUBMITTED,2025-11-09
11/10/2025,07:00 (ET),LAL@CHA,Los Angeles Lakers,"James, LeBron",Out,Injury/Illness - Right Sciatica; -,2025-11-09
11/10/2025,07:00 (ET),LAL@CHA,Los Angeles Lakers,"Reaves, Austin",Questionable,Injury/Illness - Right Groin; Strain,2025-11-09
11/10/2025,07:00 (ET),LAL@CHA,Los Angeles Lakers,"Thiero, Adou",Out,Injury/Illness - Left Knee; Surgery Recovery,2025-11-09
11/10/2025,07:00 (ET),LAL@CHA,Los Angeles Lakers,"Vincent, Gabe",Out,Injury/Illness - Left Ankle; Sprain,2025-11-09
11/09/2025,06:00 (ET),OKC@MEM,Memphis Grizzlies,"Aldama, Santi",Available,Injury/Illness - Left Shoulder; Soreness,2025-11-09
11/09/2025,06:00 (ET),OKC@MEM,Memphis Grizzlies,"Clarke, Brandon",Out,Injury/Illness - Right Knee; Surgery Recovery,2025-11-09
11/09/2025,06:00 (ET),OKC@MEM,Memphis Grizzlies,"Edey, Zach",Out,Injury/Illness - Left Ankle; Surgery Recovery,2025-11-09
11/09/2025,06:00 (ET),OKC@MEM,Memphis Grizzlies,"Hall, PJ",Available,G League - Two-Way,2025-11-09
11/09/2025,06:00 (ET),OKC@MEM,Memphis Grizzlies,"Jackson, GG",Available,G League - On Assignment,2025-11-09
11/09/2025,06:00 (ET),OKC@MEM,Memphis Grizzlies,"Jerome, Ty",Out,Injury/Illness - Right Calf; Strain,2025-11-09
11/09/2025,06:00 (ET),OKC@MEM,Memphis Grizzlies,"Pippen Jr., Scotty",Out,Injury/Illness - Left Great Toe; Surgery Recovery,2025-11-09
11/09/2025,06:00 (ET),OKC@MEM,Memphis Grizzlies,"Prosper, Olivier-Maxence",Available,G League - Two-Way,2025-11-09
11/09/2025,06:00 (ET),OKC@MEM,Memphis Grizzlies,"Small, Javon",Out,Injury/Illness - Left Toe; Soreness,2025-11-09
11/10/2025,07:30 (ET),CLE@MIA,Miami Heat,"Adebayo, Bam",Out,Injury/Illness - Left Big Toe; Sprain,2025-11-09
11/10/2025,07:30 (ET),CLE@MIA,Miami Heat,"Gardner, Myron",Out,G League - Two-Way,2025-11-09
11/10/2025,07:30 (ET),CLE@MIA,Miami Heat,"Herro, Tyler",Out,Injury/Illness - Left Ankle; Surgery,2025-11-09
11/10/2025,07:30 (ET),CLE@MIA,Miami Heat,"Jakucionis, Kasparas",Available,Injury/Illness - Right Groin; Strain,2025-11-09
11/10/2025,07:30 (ET),CLE@MIA,Miami Heat,"Jaquez Jr., Jaime",Available,Injury/Illness - Left Ankle; Sprain,2025-11-09
11/10/2025,07:30 (ET),CLE@MIA,Miami Heat,"Jovic, Nikola",Available,Injury/Illness - Right Hip; Contusion,2025-11-09
11/10/2025,07:30 (ET),CLE@MIA,Miami Heat,"Powell, Norman",Available,Injury/Illness - Right Ankle; Sprain,2025-11-09
11/10/2025,07:30 (ET),CLE@MIA,Miami Heat,"Rozier, Terry",Out,Not With Team,2025-11-09
11/10/2025,07:30 (ET),CLE@MIA,Miami Heat,"Smith, Dru",Probable,Injury/Illness - Right Knee; Contusion,2025-11-09
11/10/2025,07:30 (ET),CLE@MIA,Miami Heat,"Young, Jahmir",Out,G League - Two-Way,2025-11-09
11/09/2025,03:30 (ET),HOU@MIL,Milwaukee Bucks,"Antetokounmpo, Alex",Out,G League - Two-Way,2025-11-09
11/09/2025,03:30 (ET),HOU@MIL,Milwaukee Bucks,"Antetokounmpo, Giannis",Available,Injury/Illness - Left Knee; Patellar Tendinopathy,2025-11-09
11/09/2025,03:30 (ET),HOU@MIL,Milwaukee Bucks,"Porter Jr., Kevin",Out,Injury/Illness - Right Knee; Meniscus Surgery,2025-11-09
11/09/2025,03:30 (ET),HOU@MIL,Milwaukee Bucks,"Prince, Taurean",Out,Injury/Illness - Neck; Strain,2025-11-09
11/10/2025,08:30 (ET),MIL@DAL,Milwaukee Bucks,,,NOT YET SUBMITTED,2025-11-09
11/09/2025,09:00 (ET),MIN@SAC,Minnesota Timberwolves,"DiVincenzo, Donte",Available,Injury/Illness - Face; Face Mask,2025-11-09
11/09/2025,09:00 (ET),MIN@SAC,Minnesota Timberwolves,"Freeman, Enrique",Out,G League - Two-Way,2025-11-09
11/09/2025,09:00 (ET),MIN@SAC,Minnesota Timberwolves,"Shannon Jr., Terrence",Out,Injury/Illness - Left Foot; Soreness,2025-11-09
11/09/2025,09:00 (ET),MIN@SAC,Minnesota Timberwolves,"Zikarsky, Rocco",Out,G League - Two-Way,2025-11-09
11/10/2025,09:00 (ET),MIN@UTA,Minnesota Timberwolves,,,NOT YET SUBMITTED,2025-11-09
11/10/2025,09:00 (ET),NOP@PHX,New Orleans Pelicans,"Alexander, Trey",Out,G League - Two-Way,2025-11-09
11/10/2025,09:00 (ET),NOP@PHX,New Orleans Pelicans,"Dickinson, Hunter",Out,G League - Two-Way,2025-11-09
11/10/2025,09:00 (ET),NOP@PHX,New Orleans Pelicans,"Missi, Yves",Questionable,Injury/Illness - N/A; Illness,2025-11-09
11/10/2025,09:00 (ET),NOP@PHX,New Orleans Pelicans,"Murray, Dejounte",Out,Injury/Illness - Right Achilles; Rupture,2025-11-09
11/10/2025,09:00 (ET),NOP@PHX,New Orleans Pelicans,"Poole, Jordan",Out,Injury/Illness - Left Quad; Strain,2025-11-09
11/10/2025,09:00 (ET),NOP@PHX,New Orleans Pelicans,"Williamson, Zion",Out,Injury/Illness - Left Hamstring; Strain,2025-11-09
11/09/2025,06:00 (ET),OKC@MEM,Oklahoma City Thunder,"Dort, Luguentz",Out,Injury/Illness - Right Upper Trap; Strain,2025-11-09
11/09/2025,06:00 (ET),OKC@MEM,Oklahoma City Thunder,"Sorber, Thomas",Out,Injury/Illness - Right ACL; Surgical Recovery,2025-11-09
11/09/2025,06:00 (ET),OKC@MEM,Oklahoma City Thunder,"Topic, Nikola",Out,Injury/Illness - N/a; Surgical Recovery,2025-11-09
11/09/2025,06:00 (ET),OKC@MEM,Oklahoma City Thunder,"Wiggins, Aaron",Out,Injury/Illness - Left Adductor; Strain,2025-11-09
11/09/2025,06:00 (ET),OKC@MEM,Oklahoma City Thunder,"Williams, Jalen",Out,Injury/Illness - Right Wrist; Surgical Recovery,2025-11-09
11/09/2025,06:00 (ET),OKC@MEM,Oklahoma City Thunder,"Williams, Kenrich",Out,Injury/Illness - Left Knee; Surgical Recovery,2025-11-09
11/09/2025,06:00 (ET),BOS@ORL,Orlando Magic,"Cain, Jamal",Out,G League - Two-Way,2025-11-09
11/09/2025,06:00 (ET),BOS@ORL,Orlando Magic,"Castleton, Colin",Out,G League - Two-Way,2025-11-09
11/09/2025,06:00 (ET),BOS@ORL,Orlando Magic,"Robinson, Orlando",Out,G League - Two-Way,2025-11-09
11/09/2025,06:00 (ET),BOS@ORL,Orlando Magic,"Wagner, Moritz",Out,Injury/Illness - Left Knee; Injury recovery,2025-11-09
11/10/2025,07:00 (ET),POR@ORL,Orlando Magic,,,NOT YET SUBMITTED,2025-11-09
11/09/2025,07:30 (ET),DET@PHI,Philadelphia 76ers,"Barlow, Dominick",Out,Injury/Illness - Right Elbow; Laceration,2025-11-09
11/09/2025,07:30 (ET),DET@PHI,Philadelphia 76ers,"Broome, Johni",Out,Injury/Illness - Right Ankle; Sprain,2025-11-09
11/09/2025,07:30 (ET),DET@PHI,Philadelphia 76ers,"Embiid, Joel",Out,Injury/Illness - Left Knee; Injury Management,2025-11-09
11/09/2025,07:30 (ET),DET@PHI,Philadelphia 76ers,"George, Paul",Out,Injury/Illness - Left Knee; Surgery Recovery,2025-11-09
11/09/2025,07:30 (ET),DET@PHI,Philadelphia 76ers,"McCain, Jared",Available,Injury/Illness - Right Thumb; Surgery Recovery - Splint; Left Knee Surgery,2025-11-09
11/09/2025,07:30 (ET),DET@PHI,Philadelphia 76ers,,,Recovery - Brace,2025-11-09
11/10/2025,09:00 (ET),NOP@PHX,Phoenix Suns,,,NOT YET SUBMITTED,2025-11-09
11/10/2025,07:00 (ET),POR@ORL,Portland Trail Blazers,"Cooke, Javonte",Out,G League - Two-Way,2025-11-09
11/10/2025,07:00 (ET),POR@ORL,Portland Trail Blazers,"Henderson, Scoot",Out,Injury/Illness - Left Hamstring; Tear,2025-11-09
11/10/2025,07:00 (ET),POR@ORL,Portland Trail Blazers,"Lillard, Damian",Out,Injury/Illness - Left Achilles Tendon; Injury Management,2025-11-09
11/10/2025,07:00 (ET),POR@ORL,Portland Trail Blazers,"Thybulle, Matisse",Out,Injury/Illness - Left Thumb; Ligament Tear,2025-11-09
11/10/2025,07:00 (ET),POR@ORL,Portland Trail Blazers,"Wesley, Blake",Out,Injury/Illness - Right Foot; Fracture,2025-11-09
11/09/2025,09:00 (ET),MIN@SAC,Sacramento Kings,"Cardwell, Dylan",Out,G League - Two-Way,2025-11-09
11/09/2025,09:00 (ET),MIN@SAC,Sacramento Kings,"Murray, Keegan",Out,Injury/Illness - Left Thumb; UCL Injury Recovery,2025-11-09
11/09/2025,09:00 (ET),MIN@SAC,Sacramento Kings,"Plowden, Daeqwon",Out,G League - Two-Way,2025-11-09
11/09/2025,09:00 (ET),MIN@SAC,Sacramento Kings,"Sabonis, Domantas",Questionable,Injury/Illness - Left Ribcage; Contusion,2025-11-09
11/09/2025,09:00 (ET),MIN@SAC,Sacramento Kings,"Stevens, Isaiah",Out,G League - Two-Way,2025-11-09
11/10/2025,08:00 (ET),SAS@CHI,San Antonio Spurs,,,NOT YET SUBMITTED,2025-11-09
11/10/2025,09:00 (ET),MIN@UTA,Utah Jazz,,,NOT YET SUBMITTED,2025-11-09
11/10/2025,07:00 (ET),WAS@DET,Washington Wizards,"Coulibaly, Bilal",Out,Injury/Illness - Left Calf; Contusion,2025-11-09
11/10/2025,10:30 (ET),ATL@LAC,Atlanta Hawks,"Alexander-Walker, Nickeil",Questionable,Injury/Illness - Low Back; Spasm,2025-11-10
11/10/2025,10:30 (ET),ATL@LAC,Atlanta Hawks,"Djurisic, Nikola",Out,Injury/Illness - Right Elbow; Sprain,2025-11-10
11/10/2025,10:30 (ET),ATL@LAC,Atlanta Hawks,"Johnson, Jalen",Questionable,Injury/Illness - Right Quad; Contusion,2025-11-10
11/10/2025,10:30 (ET),ATL@LAC,Atlanta Hawks,"Ndiaye, Eli John",Out,G League - Two-Way,2025-11-10
11/10/2025,10:30 (ET),ATL@LAC,Atlanta Hawks,"Young, Trae",Out,Injury/Illness - Right Knee; MCL Sprain,2025-11-10
11/11/2025,08:00 (ET),BOS@PHI,Boston Celtics,"Hauser, Sam",Probable,Injury/Illness - Right Wrist; Sprain,2025-11-10
11/11/2025,08:00 (ET),BOS@PHI,Boston Celtics,"Shulga, Max",Out,G League - Two-Way,2025-11-10
11/11/2025,08:00 (ET),BOS@PHI,Boston Celtics,"Tatum, Jayson",Out,Injury/Illness - Right Achilles; Repair,2025-11-10
11/11/2025,08:00 (ET),BOS@PHI,Boston Celtics,"Williams, Amari",Out,G League - Two-Way,2025-11-10
11/11/2025,07:30 (ET),TOR@BKN,Brooklyn Nets,"Highsmith, Haywood",Out,"Injury/Illness - Right Knee; Surgery, Injury Recovery",2025-11-10
11/11/2025,07:30 (ET),TOR@BKN,Brooklyn Nets,"Sharpe, Day'Ron",Questionable,Injury/Illness - Left Hamstring; Tightness,2025-11-10
11/11/2025,07:30 (ET),TOR@BKN,Brooklyn Nets,"Thomas, Cam",Out,Injury/Illness - Left Hamstring; Strain,2025-11-10
11/11/2025,07:30 (ET),TOR@BKN,Brooklyn Nets,"Traore, Nolan",Out,G League - On Assignment,2025-11-10
11/10/2025,07:00 (ET),LAL@CHA,Charlotte Hornets,"Ball, LaMelo",Out,Injury/Illness - Right Ankle; Impingement,2025-11-10
11/10/2025,07:00 (ET),LAL@CHA,Charlotte Hornets,"Bridges, Miles",Probable,Injury/Illness - Back; Spasms,2025-11-10
11/10/2025,07:00 (ET),LAL@CHA,Charlotte Hornets,"Green, Josh",Out,Injury/Illness - Left Shoulder; Surgery,2025-11-10
11/10/2025,07:00 (ET),LAL@CHA,Charlotte Hornets,"Miller, Brandon",Out,Injury/Illness - Left Shoulder; Subluxation,2025-11-10
11/10/2025,07:00 (ET),LAL@CHA,Charlotte Hornets,"Peterson, Drew",Out,G League - Two-Way,2025-11-10
11/10/2025,07:00 (ET),LAL@CHA,Charlotte Hornets,"Salaun, Tidjane",Out,G League - On Assignment,2025-11-10
11/10/2025,07:00 (ET),LAL@CHA,Charlotte Hornets,"Williams, Grant",Out,Injury/Illness - Right Knee; Surgery,2025-11-10
11/10/2025,08:00 (ET),SAS@CHI,Chicago Bulls,"Collins, Zach",Out,Injury/Illness - Left Scaphoid; Fracture,2025-11-10
11/10/2025,08:00 (ET),SAS@CHI,Chicago Bulls,"Giddey, Josh",Questionable,Injury/Illness - Right Ankle; Sprain,2025-11-10
11/10/2025,08:00 (ET),SAS@CHI,Chicago Bulls,"White, Coby",Out,Injury/Illness - Right Calf; Strain,2025-11-10
11/10/2025,08:00 (ET),SAS@CHI,Chicago Bulls,"Williams, Patrick",Probable,Injury/Illness - Left Finger; Sprain,2025-11-10
11/10/2025,07:30 (ET),CLE@MIA,Cleveland Cavaliers,"Livingston, Chris",Out,G League - Two-Way,2025-11-10
11/10/2025,07:30 (ET),CLE@MIA,Cleveland Cavaliers,"Nance Jr., Larry",Questionable,Injury/Illness - Left Knee; Contusion,2025-11-10
11/10/2025,07:30 (ET),CLE@MIA,Cleveland Cavaliers,"Strus, Max",Out,Injury/Illness - Left Foot; Surgery - Jones Fracture,2025-11-10
11/10/2025,08:30 (ET),MIL@DAL,Dallas Mavericks,"Davis, Anthony",Questionable,Injury/Illness - Left Calf; Strain,2025-11-10
11/10/2025,08:30 (ET),MIL@DAL,Dallas Mavericks,"Exum, Dante",Out,Injury/Illness - Right Knee; Injury Management,2025-11-10
11/10/2025,08:30 (ET),MIL@DAL,Dallas Mavericks,"Gafford, Daniel",Questionable,Injury/Illness - Right Ankle; Sprain,2025-11-10
11/10/2025,08:30 (ET),MIL@DAL,Dallas Mavericks,"Irving, Kyrie",Out,Injury/Illness - Left Knee; Surgery,2025-11-10
11/10/2025,08:30 (ET),MIL@DAL,Dallas Mavericks,"Lively II, Dereck",Doubtful,Injury/Illness - Right Knee; Sprain,2025-11-10
11/11/2025,11:00 (ET),DEN@SAC,Denver Nuggets,,,NOT YET SUBMITTED,2025-11-10
11/10/2025,07:00 (ET),WAS@DET,Detroit Pistons,"Harris, Tobias",Out,Injury/Illness - Right Ankle; Sprain,2025-11-10
11/10/2025,07:00 (ET),WAS@DET,Detroit Pistons,"Ivey, Jaden",Out,Injury/Illness - Right Knee; Arthroscopy,2025-11-10
11/10/2025,07:00 (ET),WAS@DET,Detroit Pistons,"Jones, Colby",Out,Not With Team,2025-11-10
11/10/2025,07:00 (ET),WAS@DET,Detroit Pistons,"LeVert, Caris",Questionable,Injury/Illness - Left Knee; Injury Management,2025-11-10
11/10/2025,07:00 (ET),WAS@DET,Detroit Pistons,"Sasser, Marcus",Out,Injury/Illness - Right Hip; Impingement,2025-11-10
11/10/2025,07:00 (ET),WAS@DET,Detroit Pistons,"Stewart, Isaiah",Out,Injury/Illness - Left Ankle; Sprain,2025-11-10
11/10/2025,07:00 (ET),WAS@DET,Detroit Pistons,"Thompson, Ausar",Questionable,Injury/Illness - Right Ankle; Sprain,2025-11-10
11/11/2025,08:00 (ET),GSW@OKC,Golden State Warriors,"Horford, Al",Questionable,Injury/Illness - Left Toe; Injury Management,2025-11-10
11/11/2025,08:00 (ET),GSW@OKC,Golden State Warriors,"Melton, De'Anthony",Out,Injury/Illness - Left ACL; Surgery,2025-11-10
11/11/2025,09:00 (ET),IND@UTA,Indiana Pacers,,,NOT YET SUBMITTED,2025-11-10
11/10/2025,10:30 (ET),ATL@LAC,LA Clippers,"Beal, Bradley",Questionable,Injury/Illness - Left Hip; Soreness,2025-11-10
11/10/2025,10:30 (ET),ATL@LAC,LA Clippers,"Leonard, Kawhi",Out,Injury/Illness - Right Ankle; Sprain,2025-11-10
11/10/2025,10:30 (ET),ATL@LAC,LA Clippers,"Miller, Jordan",Questionable,Injury/Illness - Left Hamstring; Strain,2025-11-10
11/10/2025,10:30 (ET),ATL@LAC,LA Clippers,"Niederhauser, Yanic Konan",Available,G League - On Assignment,2025-11-10
11/10/2025,10:30 (ET),ATL@LAC,LA Clippers,"Telfort, Jahmyl",Out,G League - Two-Way,2025-11-10
11/10/2025,07:00 (ET),LAL@CHA,Los Angeles Lakers,"James, LeBron",Out,Injury/Illness - Right Sciatica; -,2025-11-10
11/10/2025,07:00 (ET),LAL@CHA,Los Angeles Lakers,"Reaves, Austin",Available,Injury/Illness - Right Groin; Strain,2025-11-10
11/10/2025,07:00 (ET),LAL@CHA,Los Angeles Lakers,"Thiero, Adou",Out,Injury/Illness - Left Knee; Surgery Recovery,2025-11-10
11/10/2025,07:00 (ET),LAL@CHA,Los Angeles Lakers,"Vincent, Gabe",Out,Injury/Illness - Left Ankle; Sprain,2025-11-10
11/11/2025,07:30 (ET),MEM@NYK,Memphis Grizzlies,"Clarke, Brandon",Out,Injury/Illness - Right Knee; Surgery Recovery,2025-11-10
11/11/2025,07:30 (ET),MEM@NYK,Memphis Grizzlies,"Edey, Zach",Out,Injury/Illness - Left Ankle; Surgery Recovery,2025-11-10
11/11/2025,07:30 (ET),MEM@NYK,Memphis Grizzlies,"Jerome, Ty",Out,Injury/Illness - Right Calf; Strain,2025-11-10
11/11/2025,07:30 (ET),MEM@NYK,Memphis Grizzlies,"Pippen Jr., Scotty",Out,Injury/Illness - Left Great Toe; Surgery Recovery,2025-11-10
11/11/2025,07:30 (ET),MEM@NYK,Memphis Grizzlies,"Small, Javon",Out,Injury/Illness - Left Toe; Soreness,2025-11-10
11/10/2025,07:30 (ET),CLE@MIA,Miami Heat,"Adebayo, Bam",Out,Injury/Illness - Left Big Toe; Sprain,2025-11-10
11/10/2025,07:30 (ET),CLE@MIA,Miami Heat,"Gardner, Myron",Out,G League - Two-Way,2025-11-10
11/10/2025,07:30 (ET),CLE@MIA,Miami Heat,"Herro, Tyler",Out,Injury/Illness - Left Ankle; Surgery,2025-11-10
11/10/2025,07:30 (ET),CLE@MIA,Miami Heat,"Jakucionis, Kasparas",Available,Injury/Illness - Right Groin; Strain,2025-11-10
11/10/2025,07:30 (ET),CLE@MIA,Miami Heat,"Jaquez Jr., Jaime",Available,Injury/Illness - Left Ankle; Sprain,2025-11-10
11/10/2025,07:30 (ET),CLE@MIA,Miami Heat,"Jovic, Nikola",Available,Injury/Illness - Right Hip; Contusion,2025-11-10
11/10/2025,07:30 (ET),CLE@MIA,Miami Heat,"Powell, Norman",Available,Injury/Illness - Right Ankle; Sprain,2025-11-10
11/10/2025,07:30 (ET),CLE@MIA,Miami Heat,"Rozier, Terry",Out,Not With Team,2025-11-10
11/10/2025,07:30 (ET),CLE@MIA,Miami Heat,"Smith, Dru",Probable,Injury/Illness - Right Knee; Contusion,2025-11-10
11/10/2025,07:30 (ET),CLE@MIA,Miami Heat,"Young, Jahmir",Out,G League - Two-Way,2025-11-10
11/10/2025,08:30 (ET),MIL@DAL,Milwaukee Bucks,"Antetokounmpo, Alex",Out,G League - Two-Way,2025-11-10
11/10/2025,08:30 (ET),MIL@DAL,Milwaukee Bucks,"Antetokounmpo, Giannis",Probable,Injury/Illness - Left Knee; Patellar Tendinopathy,2025-11-10
11/10/2025,08:30 (ET),MIL@DAL,Milwaukee Bucks,"Porter Jr., Kevin",Out,Injury/Illness - Right Knee; Meniscus Surgery,2025-11-10
11/10/2025,08:30 (ET),MIL@DAL,Milwaukee Bucks,"Prince, Taurean",Out,Injury/Illness - Neck; Herniated Disk,2025-11-10
11/10/2025,09:00 (ET),MIN@UTA,Minnesota Timberwolves,"DiVincenzo, Donte",Available,Injury/Illness - Face; Face Mask,2025-11-10
11/10/2025,09:00 (ET),MIN@UTA,Minnesota Timberwolves,"Freeman, Enrique",Out,G League - Two-Way,2025-11-10
11/10/2025,09:00 (ET),MIN@UTA,Minnesota Timberwolves,"Shannon Jr., Terrence",Out,Injury/Illness - Left 5th Metatarsal; Bone Bruise,2025-11-10
11/10/2025,09:00 (ET),MIN@UTA,Minnesota Timberwolves,"Zikarsky, Rocco",Out,G League - Two-Way,2025-11-10
11/10/2025,09:00 (ET),NOP@PHX,New Orleans Pelicans,"Alexander, Trey",Out,G League - Two-Way,2025-11-10
11/10/2025,09:00 (ET),NOP@PHX,New Orleans Pelicans,"Dickinson, Hunter",Out,G League - Two-Way,2025-11-10
11/10/2025,09:00 (ET),NOP@PHX,New Orleans Pelicans,"Missi, Yves",Available,Injury/Illness - N/A; Illness,2025-11-10
11/10/2025,09:00 (ET),NOP@PHX,New Orleans Pelicans,"Murray, Dejounte",Out,Injury/Illness - Right Achilles; Rupture,2025-11-10
11/10/2025,09:00 (ET),NOP@PHX,New Orleans Pelicans,"Poole, Jordan",Out,Injury/Illness - Left Quad; Strain,2025-11-10
11/10/2025,09:00 (ET),NOP@PHX,New Orleans Pelicans,"Williamson, Zion",Out,Injury/Illness - Left Hamstring; Strain,2025-11-10
11/11/2025,07:30 (ET),MEM@NYK,New York Knicks,"Robinson, Mitchell",Questionable,Injury/Illness - Left Ankle; Left Ankle Injury Management,2025-11-10
11/11/2025,08:00 (ET),GSW@OKC,Oklahoma City Thunder,,,NOT YET SUBMITTED,2025-11-10
11/10/2025,07:00 (ET),POR@ORL,Orlando Magic,"Castleton, Colin",Out,G League - Two-Way,2025-11-10
11/10/2025,07:00 (ET),POR@ORL,Orlando Magic,"Robinson, Orlando",Out,G League - Two-Way,2025-11-10
11/10/2025,07:00 (ET),POR@ORL,Orlando Magic,"Suggs, Jalen",Out,Injury/Illness - Left Knee; Injury management,2025-11-10
11/10/2025,07:00 (ET),POR@ORL,Orlando Magic,"Wagner, Moritz",Out,Injury/Illness - Left Knee; Injury recovery,2025-11-10
11/11/2025,08:00 (ET),BOS@PHI,Philadelphia 76ers,"Barlow, Dominick",Out,Injury/Illness - Right Elbow; Laceration,2025-11-10
11/11/2025,08:00 (ET),BOS@PHI,Philadelphia 76ers,"Broome, Johni",Out,Injury/Illness - Right Ankle; Sprain,2025-11-10
11/11/2025,08:00 (ET),BOS@PHI,Philadelphia 76ers,"George, Paul",Out,Injury/Illness - Left Knee; Surgery Recovery,2025-11-10
11/11/2025,08:00 (ET),BOS@PHI,Philadelphia 76ers,"McCain, Jared",Available,Recovery - Splint; Left Knee Surgery,2025-11-10
11/11/2025,08:00 (ET),BOS@PHI,Philadelphia 76ers,,,Recovery - Brace,2025-11-10
11/10/2025,09:00 (ET),NOP@PHX,Phoenix Suns,"Green, Jalen",Out,Injury/Illness - Right Hamstring; Injury,2025-11-10
11/10/2025,09:00 (ET),NOP@PHX,Phoenix Suns,"O'Neale, Royce",Probable,Injury/Illness - N/a; Illness,2025-11-10
11/10/2025,07:00 (ET),POR@ORL,Portland Trail Blazers,"Cooke, Javonte",Out,G League - Two-Way,2025-11-10
11/10/2025,07:00 (ET),POR@ORL,Portland Trail Blazers,"Henderson, Scoot",Out,Injury/Illness - Left Hamstring; Tear,2025-11-10
11/10/2025,07:00 (ET),POR@ORL,Portland Trail Blazers,"Lillard, Damian",Out,Injury/Illness - Left Achilles Tendon; Injury Management,2025-11-10
11/10/2025,07:00 (ET),POR@ORL,Portland Trail Blazers,"Thybulle, Matisse",Out,Injury/Illness - Left Thumb; Ligament Tear,2025-11-10
11/10/2025,07:00 (ET),POR@ORL,Portland Trail Blazers,"Wesley, Blake",Out,Injury/Illness - Right Foot; Fracture,2025-11-10
11/11/2025,11:00 (ET),DEN@SAC,Sacramento Kings,,,NOT YET SUBMITTED,2025-11-10
11/10/2025,08:00 (ET),SAS@CHI,San Antonio Spurs,"Harper, Dylan",Out,Injury/Illness - Left Calf; Strain,2025-11-10
11/10/2025,08:00 (ET),SAS@CHI,San Antonio Spurs,"Ingram, Harrison",Out,G League - Two-Way,2025-11-10
11/10/2025,08:00 (ET),SAS@CHI,San Antonio Spurs,"Kornet, Luke",Questionable,Injury/Illness - Left Ankle; Sprain/Right Shoulder Sprain,2025-11-10
11/10/2025,08:00 (ET),SAS@CHI,San Antonio Spurs,"Minix, Riley",Out,G League - Two-Way,2025-11-10
11/11/2025,07:30 (ET),TOR@BKN,Toronto Raptors,"Hepburn, Chucky",Out,G League - Two-Way,2025-11-10
11/11/2025,07:30 (ET),TOR@BKN,Toronto Raptors,"Lawson, A.J.",Out,G League - Two-Way,2025-11-10
11/11/2025,07:30 (ET),TOR@BKN,Toronto Raptors,"Mamukelashvili, Sandro",Questionable,Injury/Illness - Neck; Contusion - stiffness,2025-11-10
11/11/2025,07:30 (ET),TOR@BKN,Toronto Raptors,"Martin, Alijah",Out,G League - Two-Way,2025-11-10
11/10/2025,09:00 (ET),MIN@UTA,Utah Jazz,"Anderson, Kyle",Questionable,Injury/Illness - Right Low Back; Soreness,2025-11-10
11/10/2025,09:00 (ET),MIN@UTA,Utah Jazz,"Hendricks, Taylor",Questionable,Injury/Illness - Right Hamstring; Soreness,2025-11-10
11/10/2025,09:00 (ET),MIN@UTA,Utah Jazz,"Kessler, Walker",Out,Injury/Illness - Left Shoulder; Injury Recovery,2025-11-10
11/10/2025,09:00 (ET),MIN@UTA,Utah Jazz,"Niang, Georges",Out,Injury/Illness - Left Foot; Fourth Metatarsal Stress Reaction,2025-11-10
11/10/2025,09:00 (ET),MIN@UTA,Utah Jazz,"Tonje, John",Out,G League - Two-Way,2025-11-10
11/10/2025,09:00 (ET),MIN@UTA,Utah Jazz,"Tshiebwe, Oscar",Out,G League - Two-Way,2025-11-10
11/11/2025,09:00 (ET),IND@UTA,Utah Jazz,,,NOT YET SUBMITTED,2025-11-10
11/10/2025,07:00 (ET),WAS@DET,Washington Wizards,"Coulibaly, Bilal",Out,Injury/Illness - Left Calf; Contusion,2025-11-10
11/12/2025,10:00 (ET),ATL@SAC,Atlanta Hawks,,,NOT YET SUBMITTED,2025-11-11
11/11/2025,08:00 (ET),BOS@PHI,Boston Celtics,"Hauser, Sam",Available,Injury/Illness - Right Wrist; Sprain,2025-11-11
11/11/2025,08:00 (ET),BOS@PHI,Boston Celtics,"Shulga, Max",Out,G League - Two-Way,2025-11-11
11/11/2025,08:00 (ET),BOS@PHI,Boston Celtics,"Tatum, Jayson",Out,Injury/Illness - Right Achilles; Repair,2025-11-11
11/11/2025,08:00 (ET),BOS@PHI,Boston Celtics,"Williams, Amari",Out,G League - Two-Way,2025-11-11
11/12/2025,07:30 (ET),MEM@BOS,Boston Celtics,,,NOT YET SUBMITTED,2025-11-11
11/11/2025,07:30 (ET),TOR@BKN,Brooklyn Nets,"Highsmith, Haywood",Out,"Injury/Illness - Right Knee; Surgery, Injury Recovery",2025-11-11
11/11/2025,07:30 (ET),TOR@BKN,Brooklyn Nets,"Sharpe, Day'Ron",Out,Injury/Illness - Left Glute; Contusion,2025-11-11
11/11/2025,07:30 (ET),TOR@BKN,Brooklyn Nets,"Thomas, Cam",Out,Injury/Illness - Left Hamstring; Strain,2025-11-11
11/11/2025,07:30 (ET),TOR@BKN,Brooklyn Nets,"Traore, Nolan",Out,G League - On Assignment,2025-11-11
11/12/2025,07:00 (ET),MIL@CHA,Charlotte Hornets,"Ball, LaMelo",Out,Injury/Illness - Right Ankle; Impingement,2025-11-11
11/12/2025,07:00 (ET),MIL@CHA,Charlotte Hornets,"Connaughton, Pat",Probable,Injury/Illness - Illness; Illness,2025-11-11
11/12/2025,07:00 (ET),MIL@CHA,Charlotte Hornets,"Green, Josh",Out,Injury/Illness - Left Shoulder; Surgery,2025-11-11
11/12/2025,07:00 (ET),MIL@CHA,Charlotte Hornets,"Miller, Brandon",Out,Injury/Illness - Left Shoulder; Subluxation,2025-11-11
11/12/2025,07:00 (ET),MIL@CHA,Charlotte Hornets,"Peterson, Drew",Out,G League - Two-Way,2025-11-11
11/12/2025,07:00 (ET),MIL@CHA,Charlotte Hornets,"Salaun, Tidjane",Out,G League - On Assignment,2025-11-11
11/12/2025,07:00 (ET),MIL@CHA,Charlotte Hornets,"Sexton, Collin",Probable,Injury/Illness - Right Ankle; Strain,2025-11-11
11/12/2025,07:00 (ET),MIL@CHA,Charlotte Hornets,"Simpson, KJ",Probable,Injury/Illness - Left AC Joint; Sprain,2025-11-11
11/12/2025,07:00 (ET),MIL@CHA,Charlotte Hornets,"Williams, Grant",Out,Injury/Illness - Right Knee; Surgery,2025-11-11
11/12/2025,07:00 (ET),CHI@DET,Chicago Bulls,"Collins, Zach",Out,Injury/Illness - Left Scaphoid; Fracture,2025-11-11
11/12/2025,07:00 (ET),CHI@DET,Chicago Bulls,"Essengue, Noa",Out,G League - On Assignment,2025-11-11
11/12/2025,07:00 (ET),CHI@DET,Chicago Bulls,"Flowers, Trentyn",Out,G League - Two-Way,2025-11-11
11/12/2025,07:00 (ET),CHI@DET,Chicago Bulls,"Giddey, Josh",Questionable,Injury/Illness - Right Ankle; Sprain,2025-11-11
11/12/2025,07:00 (ET),CHI@DET,Chicago Bulls,"Miller, Emanuel",Out,G League - Two-Way,2025-11-11
11/12/2025,07:00 (ET),CHI@DET,Chicago Bulls,"Olbrich, Lachlan",Out,G League - Two-Way,2025-11-11
11/12/2025,07:00 (ET),CHI@DET,Chicago Bulls,"White, Coby",Out,Injury/Illness - Right Calf; Strain,2025-11-11
11/12/2025,07:30 (ET),CLE@MIA,Cleveland Cavaliers,"Garland, Darius",Out,Injury/Illness - Left Great Toe; Injury Management,2025-11-11
11/12/2025,07:30 (ET),CLE@MIA,Cleveland Cavaliers,"Mitchell, Donovan",Out,Rest,2025-11-11
11/12/2025,07:30 (ET),CLE@MIA,Cleveland Cavaliers,"Mobley, Evan",Out,Rest,2025-11-11
11/12/2025,07:30 (ET),CLE@MIA,Cleveland Cavaliers,"Nance Jr., Larry",Questionable,Injury/Illness - Left Knee; Contusion,2025-11-11
11/12/2025,07:30 (ET),CLE@MIA,Cleveland Cavaliers,"Strus, Max",Out,Injury/Illness - Left Foot; Surgery - Jones Fracture,2025-11-11
11/12/2025,07:30 (ET),CLE@MIA,Cleveland Cavaliers,"Tyson, Jaylon",Out,Injury/Illness - Head; Concussion,2025-11-11
11/12/2025,08:30 (ET),PHX@DAL,Dallas Mavericks,,,NOT YET SUBMITTED,2025-11-11
11/11/2025,11:00 (ET),DEN@SAC,Denver Nuggets,"Bates, Tamar",Out,G League - Two-Way,2025-11-11
11/11/2025,11:00 (ET),DEN@SAC,Denver Nuggets,"Gordon, Aaron",Probable,Injury/Illness - Left Hamstring; Injury Management,2025-11-11
11/11/2025,11:00 (ET),DEN@SAC,Denver Nuggets,"Holmes II, DaRon",Out,G League - On Assignment,2025-11-11
11/11/2025,11:00 (ET),DEN@SAC,Denver Nuggets,"Jones, Curtis",Out,G League - Two-Way,2025-11-11
11/11/2025,11:00 (ET),DEN@SAC,Denver Nuggets,"Murray, Jamal",Probable,Injury/Illness - Left Calf; Tightness,2025-11-11
11/12/2025,10:30 (ET),DEN@LAC,Denver Nuggets,,,NOT YET SUBMITTED,2025-11-11
11/12/2025,07:00 (ET),CHI@DET,Detroit Pistons,"Cunningham, Cade",Probable,Injury/Illness - Left Hip; Contusion,2025-11-11
11/12/2025,07:00 (ET),CHI@DET,Detroit Pistons,"Duren, Jalen",Probable,Injury/Illness - Right Ankle; Sprain,2025-11-11
11/12/2025,07:00 (ET),CHI@DET,Detroit Pistons,"Harris, Tobias",Out,Injury/Illness - Right Ankle; Sprain,2025-11-11
11/12/2025,07:00 (ET),CHI@DET,Detroit Pistons,"Ivey, Jaden",Out,Injury/Illness - Right Knee; Arthroscopy,2025-11-11
11/12/2025,07:00 (ET),CHI@DET,Detroit Pistons,"Sasser, Marcus",Out,Injury/Illness - Right Hip; Impingement,2025-11-11
11/12/2025,07:00 (ET),CHI@DET,Detroit Pistons,"Stewart, Isaiah",Doubtful,Injury/Illness - Left Ankle; Sprain,2025-11-11
11/12/2025,07:00 (ET),CHI@DET,Detroit Pistons,"Thompson, Ausar",Out,Injury/Illness - Right Ankle; Sprain,2025-11-11
11/11/2025,08:00 (ET),GSW@OKC,Golden State Warriors,"Horford, Al",Out,Injury/Illness - Left Toe; Injury Management,2025-11-11
11/11/2025,08:00 (ET),GSW@OKC,Golden State Warriors,"Melton, De'Anthony",Out,Injury/Illness - Left ACL; Surgery,2025-11-11
11/12/2025,08:00 (ET),GSW@SAS,Golden State Warriors,,,NOT YET SUBMITTED,2025-11-11
11/12/2025,08:00 (ET),WAS@HOU,Houston Rockets,,,NOT YET SUBMITTED,2025-11-11
11/11/2025,09:00 (ET),IND@UTA,Indiana Pacers,"Furphy, Johnny",Out,Injury/Illness - Left Ankle; Sprain,2025-11-11
11/11/2025,09:00 (ET),IND@UTA,Indiana Pacers,"Haliburton, Tyrese",Out,Injury/Illness - Right Achilles Tendon; Tear,2025-11-11
11/11/2025,09:00 (ET),IND@UTA,Indiana Pacers,"Jackson, Quenton",Out,Injury/Illness - Right Hamstring; Strain,2025-11-11
11/11/2025,09:00 (ET),IND@UTA,Indiana Pacers,"Jones, Kam",Out,Injury/Illness - Lower Back; Stress Reaction,2025-11-11
11/11/2025,09:00 (ET),IND@UTA,Indiana Pacers,"Mathurin, Bennedict",Out,Injury/Illness - Right Great Toe; Sprain,2025-11-11
11/11/2025,09:00 (ET),IND@UTA,Indiana Pacers,"McConnell, T.J.",Questionable,Injury/Illness - Left Hamstring; Strain,2025-11-11
11/11/2025,09:00 (ET),IND@UTA,Indiana Pacers,"Peter, Taelon",Questionable,Injury/Illness - Right Groin; Soreness,2025-11-11
11/11/2025,09:00 (ET),IND@UTA,Indiana Pacers,"Toppin, Obi",Out,Injury/Illness - Right Foot; Stress Fracture,2025-11-11
11/12/2025,10:30 (ET),DEN@LAC,LA Clippers,,,NOT YET SUBMITTED,2025-11-11
11/12/2025,09:30 (ET),LAL@OKC,Los Angeles Lakers,,,NOT YET SUBMITTED,2025-11-11
11/11/2025,07:30 (ET),MEM@NYK,Memphis Grizzlies,"Clarke, Brandon",Out,Injury/Illness - Right Knee; Surgery Recovery,2025-11-11
11/11/2025,07:30 (ET),MEM@NYK,Memphis Grizzlies,"Edey, Zach",Out,Injury/Illness - Left Ankle; Surgery Recovery,2025-11-11
11/11/2025,07:30 (ET),MEM@NYK,Memphis Grizzlies,"Jerome, Ty",Out,Injury/Illness - Right Calf; Strain,2025-11-11
11/11/2025,07:30 (ET),MEM@NYK,Memphis Grizzlies,"Pippen Jr., Scotty",Out,Injury/Illness - Left Great Toe; Surgery Recovery,2025-11-11
11/11/2025,07:30 (ET),MEM@NYK,Memphis Grizzlies,"Small, Javon",Out,Injury/Illness - Left Toe; Soreness,2025-11-11
11/12/2025,07:30 (ET),MEM@BOS,Memphis Grizzlies,,,NOT YET SUBMITTED,2025-11-11
11/12/2025,07:30 (ET),CLE@MIA,Miami Heat,"Adebayo, Bam",Out,Injury/Illness - Left Big Toe; Sprain,2025-11-11
11/12/2025,07:30 (ET),CLE@MIA,Miami Heat,"Gardner, Myron",Out,G League - Two-Way,2025-11-11
11/12/2025,07:30 (ET),CLE@MIA,Miami Heat,"Herro, Tyler",Out,Injury/Illness - Left Ankle; Surgery,2025-11-11
11/12/2025,07:30 (ET),CLE@MIA,Miami Heat,"Jaquez Jr., Jaime",Available,Injury/Illness - Left Ankle; Sprain,2025-11-11
11/12/2025,07:30 (ET),CLE@MIA,Miami Heat,"Mitchell, Davion",Available,Injury/Illness - Lower Back; Contusion,2025-11-11
11/12/2025,07:30 (ET),CLE@MIA,Miami Heat,"Rozier, Terry",Out,Not With Team,2025-11-11
11/12/2025,07:30 (ET),CLE@MIA,Miami Heat,"Smith, Dru",Available,Injury/Illness - Right Knee; Contusion,2025-11-11
11/12/2025,07:30 (ET),CLE@MIA,Miami Heat,"Ware, Kel'el",Available,Injury/Illness - Right Hip Flexor; Strain,2025-11-11
11/12/2025,07:30 (ET),CLE@MIA,Miami Heat,"Young, Jahmir",Out,G League - Two-Way,2025-11-11
11/12/2025,07:00 (ET),MIL@CHA,Milwaukee Bucks,"Antetokounmpo, Alex",Out,G League - Two-Way,2025-11-11
11/12/2025,07:00 (ET),MIL@CHA,Milwaukee Bucks,"Antetokounmpo, Giannis",Questionable,Injury/Illness - Left Knee; Patellar Tendinopathy,2025-11-11
11/12/2025,07:00 (ET),MIL@CHA,Milwaukee Bucks,"Porter Jr., Kevin",Out,Injury/Illness - Right Knee; Meniscus Surgery,2025-11-11
11/12/2025,07:00 (ET),MIL@CHA,Milwaukee Bucks,"Prince, Taurean",Out,Injury/Illness - Neck; Herniated Disk,2025-11-11
11/12/2025,08:00 (ET),POR@NOP,New Orleans Pelicans,"Alexander, Trey",Out,G League - Two-Way,2025-11-11
11/12/2025,08:00 (ET),POR@NOP,New Orleans Pelicans,"Dickinson, Hunter",Out,G League - Two-Way,2025-11-11
11/12/2025,08:00 (ET),POR@NOP,New Orleans Pelicans,"Murray, Dejounte",Out,Injury/Illness - Right Achilles; Rupture,2025-11-11
11/12/2025,08:00 (ET),POR@NOP,New Orleans Pelicans,"Poole, Jordan",Out,Injury/Illness - Left Quad; Strain,2025-11-11
11/12/2025,08:00 (ET),POR@NOP,New Orleans Pelicans,"Williamson, Zion",Out,Injury/Illness - Left Hamstring; Strain,2025-11-11
11/11/2025,07:30 (ET),MEM@NYK,New York Knicks,"Robinson, Mitchell",Questionable,Injury/Illness - Left Ankle; Left Ankle Injury Management,2025-11-11
11/12/2025,07:00 (ET),ORL@NYK,New York Knicks,,,NOT YET SUBMITTED,2025-11-11
11/11/2025,08:00 (ET),GSW@OKC,Oklahoma City Thunder,"Dort, Luguentz",Out,Injury/Illness - Right Upper Trap; Strain,2025-11-11
11/11/2025,08:00 (ET),GSW@OKC,Oklahoma City Thunder,"Sorber, Thomas",Out,Injury/Illness - Right ACL; Surgical Recovery,2025-11-11
11/11/2025,08:00 (ET),GSW@OKC,Oklahoma City Thunder,"Topic, Nikola",Out,Injury/Illness - N/a; Surgical Recovery,2025-11-11
11/11/2025,08:00 (ET),GSW@OKC,Oklahoma City Thunder,"Wiggins, Aaron",Out,Injury/Illness - Left Adductor; Strain,2025-11-11
11/11/2025,08:00 (ET),GSW@OKC,Oklahoma City Thunder,"Williams, Jalen",Out,Injury/Illness - Right Wrist; Surgical Recovery,2025-11-11
11/11/2025,08:00 (ET),GSW@OKC,Oklahoma City Thunder,"Williams, Kenrich",Out,Injury/Illness - Left Knee; Surgical Recovery,2025-11-11
11/12/2025,09:30 (ET),LAL@OKC,Oklahoma City Thunder,,,NOT YET SUBMITTED,2025-11-11
11/12/2025,07:00 (ET),ORL@NYK,Orlando Magic,"Cain, Jamal",Out,G League - Two-Way,2025-11-11
11/12/2025,07:00 (ET),ORL@NYK,Orlando Magic,"Castleton, Colin",Out,G League - Two-Way,2025-11-11
11/12/2025,07:00 (ET),ORL@NYK,Orlando Magic,"Wagner, Moritz",Out,Injury/Illness - Left Knee; Injury recovery,2025-11-11
11/11/2025,08:00 (ET),BOS@PHI,Philadelphia 76ers,"Barlow, Dominick",Out,Injury/Illness - Right Elbow; Laceration,2025-11-11
11/11/2025,08:00 (ET),BOS@PHI,Philadelphia 76ers,"Broome, Johni",Out,Injury/Illness - Right Ankle; Sprain,2025-11-11
11/11/2025,08:00 (ET),BOS@PHI,Philadelphia 76ers,"Embiid, Joel",Out,Injury/Illness - Right Knee; Soreness,2025-11-11
11/11/2025,08:00 (ET),BOS@PHI,Philadelphia 76ers,"George, Paul",Out,Injury/Illness - Left Knee; Surgery Recovery,2025-11-11
11/11/2025,08:00 (ET),BOS@PHI,Philadelphia 76ers,"McCain, Jared",Available,Recovery - Splint; Left Knee Surgery,2025-11-11
11/11/2025,08:00 (ET),BOS@PHI,Philadelphia 76ers,,,Recovery - Brace,2025-11-11
11/12/2025,08:30 (ET),PHX@DAL,Phoenix Suns,,,NOT YET SUBMITTED,2025-11-11
11/12/2025,08:00 (ET),POR@NOP,Portland Trail Blazers,,,NOT YET SUBMITTED,2025-11-11
11/11/2025,11:00 (ET),DEN@SAC,Sacramento Kings,"Cardwell, Dylan",Out,G League - Two-Way,2025-11-11
11/11/2025,11:00 (ET),DEN@SAC,Sacramento Kings,"Carter, Devin",Out,Injury/Illness - N/a; Illness,2025-11-11
11/11/2025,11:00 (ET),DEN@SAC,Sacramento Kings,"Murray, Keegan",Out,Injury/Illness - Left Thumb; UCL Injury Recovery,2025-11-11
11/11/2025,11:00 (ET),DEN@SAC,Sacramento Kings,"Plowden, Daeqwon",Out,G League - Two-Way,2025-11-11
11/11/2025,11:00 (ET),DEN@SAC,Sacramento Kings,"Sabonis, Domantas",Available,-,2025-11-11
11/11/2025,11:00 (ET),DEN@SAC,Sacramento Kings,"Stevens, Isaiah",Out,G League - Two-Way,2025-11-11
11/12/2025,10:00 (ET),ATL@SAC,Sacramento Kings,,,NOT YET SUBMITTED,2025-11-11
11/12/2025,08:00 (ET),GSW@SAS,San Antonio Spurs,"Harper, Dylan",Out,Injury/Illness - Left Calf; Strain,2025-11-11
11/12/2025,08:00 (ET),GSW@SAS,San Antonio Spurs,"Ingram, Harrison",Out,G League - Two-Way,2025-11-11
11/12/2025,08:00 (ET),GSW@SAS,San Antonio Spurs,"Minix, Riley",Out,G League - Two-Way,2025-11-11
11/11/2025,07:30 (ET),TOR@BKN,Toronto Raptors,"Agbaji, Ochai",Out,Injury/Illness - Lower Back; Spasms,2025-11-11
11/11/2025,07:30 (ET),TOR@BKN,Toronto Raptors,"Hepburn, Chucky",Out,G League - Two-Way,2025-11-11
11/11/2025,07:30 (ET),TOR@BKN,Toronto Raptors,"Lawson, A.J.",Out,G League - Two-Way,2025-11-11
11/11/2025,07:30 (ET),TOR@BKN,Toronto Raptors,"Mamukelashvili, Sandro",Questionable,Injury/Illness - Neck; Contusion - stiffness,2025-11-11
11/11/2025,07:30 (ET),TOR@BKN,Toronto Raptors,"Martin, Alijah",Out,G League - Two-Way,2025-11-11
11/11/2025,09:00 (ET),IND@UTA,Utah Jazz,"Anderson, Kyle",Out,Injury/Illness - Right Lower Back; Soreness,2025-11-11
11/11/2025,09:00 (ET),IND@UTA,Utah Jazz,"Hendricks, Taylor",Out,Injury/Illness - Right Hamstring; Soreness,2025-11-11
11/11/2025,09:00 (ET),IND@UTA,Utah Jazz,"Kessler, Walker",Out,Injury/Illness - Left Shoulder; Injury Recovery,2025-11-11
11/11/2025,09:00 (ET),IND@UTA,Utah Jazz,"Love, Kevin",Out,Rest,2025-11-11
11/11/2025,09:00 (ET),IND@UTA,Utah Jazz,"Niang, Georges",Out,Injury/Illness - Left Foot; Fourth Metatarsal Stress Reaction,2025-11-11
11/11/2025,09:00 (ET),IND@UTA,Utah Jazz,"Tonje, John",Out,G League - Two-Way,2025-11-11
11/11/2025,09:00 (ET),IND@UTA,Utah Jazz,"Tshiebwe, Oscar",Out,G League - Two-Way,2025-11-11
11/12/2025,08:00 (ET),WAS@HOU,Washington Wizards,"Cooper, Sharife",Out,G League - On Assignment,2025-11-11
11/12/2025,08:00 (ET),WAS@HOU,Washington Wizards,"Coulibaly, Bilal",Out,Injury/Illness - Left Calf; Contusion,2025-11-11
11/12/2025,08:00 (ET),WAS@HOU,Washington Wizards,"Watkins, Jamir",Out,G League - On Assignment,2025-11-11
11/12/2025,10:00 (ET),ATL@SAC,Atlanta Hawks,"Alexander-Walker, Nickeil",Questionable,Injury/Illness - Low Back; Spasm,2025-11-12
11/12/2025,10:00 (ET),ATL@SAC,Atlanta Hawks,"Dante, N'Faly",Out,G League - On Assignment,2025-11-12
11/12/2025,10:00 (ET),ATL@SAC,Atlanta Hawks,"Djurisic, Nikola",Out,Injury/Illness - Right Elbow; Sprain,2025-11-12
11/12/2025,10:00 (ET),ATL@SAC,Atlanta Hawks,"Ndiaye, Eli John",Out,G League - Two-Way,2025-11-12
11/12/2025,10:00 (ET),ATL@SAC,Atlanta Hawks,"Toppin, Jacob",Out,G League - Two-Way,2025-11-12
11/12/2025,10:00 (ET),ATL@SAC,Atlanta Hawks,"Young, Trae",Out,Injury/Illness - Right Knee; MCL Sprain,2025-11-12
11/13/2025,09:00 (ET),ATL@UTA,Atlanta Hawks,,,NOT YET SUBMITTED,2025-11-12
11/12/2025,07:30 (ET),MEM@BOS,Boston Celtics,"Gonzalez, Hugo",Probable,Injury/Illness - Left Ankle; Sprain,2025-11-12
11/12/2025,07:30 (ET),MEM@BOS,Boston Celtics,"Shulga, Max",Out,G League - Two-Way,2025-11-12
11/12/2025,07:30 (ET),MEM@BOS,Boston Celtics,"Tatum, Jayson",Out,Injury/Illness - Right Achilles; Repair,2025-11-12
11/12/2025,07:30 (ET),MEM@BOS,Boston Celtics,"Williams, Amari",Out,G League - Two-Way,2025-11-12
11/12/2025,07:00 (ET),MIL@CHA,Charlotte Hornets,"Ball, LaMelo",Out,Injury/Illness - Right Ankle; Impingement,2025-11-12
11/12/2025,07:00 (ET),MIL@CHA,Charlotte Hornets,"Connaughton, Pat",Available,Injury/Illness - Illness; Illness,2025-11-12
11/12/2025,07:00 (ET),MIL@CHA,Charlotte Hornets,"Green, Josh",Out,Injury/Illness - Left Shoulder; Surgery,2025-11-12
11/12/2025,07:00 (ET),MIL@CHA,Charlotte Hornets,"Kalkbrenner, Ryan",Available,Personal Reasons,2025-11-12
11/12/2025,07:00 (ET),MIL@CHA,Charlotte Hornets,"Miller, Brandon",Out,Injury/Illness - Left Shoulder; Subluxation,2025-11-12
11/12/2025,07:00 (ET),MIL@CHA,Charlotte Hornets,"Peterson, Drew",Out,G League - Two-Way,2025-11-12
11/12/2025,07:00 (ET),MIL@CHA,Charlotte Hornets,"Salaun, Tidjane",Out,G League - On Assignment,2025-11-12
11/12/2025,07:00 (ET),MIL@CHA,Charlotte Hornets,"Sexton, Collin",Available,Injury/Illness - Right Ankle; Strain,2025-11-12
11/12/2025,07:00 (ET),MIL@CHA,Charlotte Hornets,"Simpson, KJ",Available,Injury/Illness - Left AC Joint; Sprain,2025-11-12
11/12/2025,07:00 (ET),MIL@CHA,Charlotte Hornets,"Williams, Grant",Out,Injury/Illness - Right Knee; Surgery,2025-11-12
11/12/2025,07:00 (ET),CHI@DET,Chicago Bulls,"Collins, Zach",Out,Injury/Illness - Left Scaphoid; Fracture,2025-11-12
11/12/2025,07:00 (ET),CHI@DET,Chicago Bulls,"Essengue, Noa",Out,G League - On Assignment,2025-11-12
11/12/2025,07:00 (ET),CHI@DET,Chicago Bulls,"Flowers, Trentyn",Out,G League - Two-Way,2025-11-12
11/12/2025,07:00 (ET),CHI@DET,Chicago Bulls,"Giddey, Josh",Out,Injury/Illness - Right Ankle; Sprain,2025-11-12
11/12/2025,07:00 (ET),CHI@DET,Chicago Bulls,"Miller, Emanuel",Out,G League - Two-Way,2025-11-12
11/12/2025,07:00 (ET),CHI@DET,Chicago Bulls,"Olbrich, Lachlan",Out,G League - Two-Way,2025-11-12
11/12/2025,07:00 (ET),CHI@DET,Chicago Bulls,"White, Coby",Out,Injury/Illness - Right Calf; Strain,2025-11-12
11/12/2025,07:30 (ET),CLE@MIA,Cleveland Cavaliers,"Garland, Darius",Out,Injury/Illness - Left Great Toe; Injury Management,2025-11-12
11/12/2025,07:30 (ET),CLE@MIA,Cleveland Cavaliers,"Mitchell, Donovan",Out,Rest,2025-11-12
11/12/2025,07:30 (ET),CLE@MIA,Cleveland Cavaliers,"Mobley, Evan",Out,Rest,2025-11-12
11/12/2025,07:30 (ET),CLE@MIA,Cleveland Cavaliers,"Nance Jr., Larry",Questionable,Injury/Illness - Left Knee; Contusion,2025-11-12
11/12/2025,07:30 (ET),CLE@MIA,Cleveland Cavaliers,"Strus, Max",Out,Injury/Illness - Left Foot; Surgery - Jones Fracture,2025-11-12
11/12/2025,07:30 (ET),CLE@MIA,Cleveland Cavaliers,"Tyson, Jaylon",Out,Injury/Illness - Head; Concussion,2025-11-12
11/13/2025,07:00 (ET),TOR@CLE,Cleveland Cavaliers,,,NOT YET SUBMITTED,2025-11-12
11/12/2025,08:30 (ET),PHX@DAL,Dallas Mavericks,"Davis, Anthony",Questionable,Injury/Illness - Left Calf; Strain,2025-11-12
11/12/2025,08:30 (ET),PHX@DAL,Dallas Mavericks,"Exum, Dante",Out,Injury/Illness - Right Knee; Injury Management,2025-11-12
11/12/2025,08:30 (ET),PHX@DAL,Dallas Mavericks,"Flagg, Cooper",Available,Injury/Illness - Right Thumb; Sprain,2025-11-12
11/12/2025,08:30 (ET),PHX@DAL,Dallas Mavericks,"Irving, Kyrie",Out,Injury/Illness - Left Knee; Surgery,2025-11-12
11/12/2025,08:30 (ET),PHX@DAL,Dallas Mavericks,"Lively II, Dereck",Questionable,Injury/Illness - Right Knee; Sprain,2025-11-12
11/12/2025,10:30 (ET),DEN@LAC,Denver Nuggets,"Bates, Tamar",Out,G League - Two-Way,2025-11-12
11/12/2025,10:30 (ET),DEN@LAC,Denver Nuggets,"Gordon, Aaron",Probable,Injury/Illness - Left Hamstring; Injury Management,2025-11-12
11/12/2025,10:30 (ET),DEN@LAC,Denver Nuggets,"Holmes II, DaRon",Out,G League - On Assignment,2025-11-12
11/12/2025,10:30 (ET),DEN@LAC,Denver Nuggets,"Jones, Curtis",Out,G League - Two-Way,2025-11-12
11/12/2025,10:30 (ET),DEN@LAC,Denver Nuggets,"Murray, Jamal",Probable,Injury/Illness - Left Calf; Tightness,2025-11-12
11/12/2025,07:00 (ET),CHI@DET,Detroit Pistons,"Cunningham, Cade",Questionable,Injury/Illness - Left Hip; Contusion,2025-11-12
11/12/2025,07:00 (ET),CHI@DET,Detroit Pistons,"Duren, Jalen",Questionable,Injury/Illness - Right Ankle; Sprain,2025-11-12
11/12/2025,07:00 (ET),CHI@DET,Detroit Pistons,"Harris, Tobias",Out,Injury/Illness - Right Ankle; Sprain,2025-11-12
11/12/2025,07:00 (ET),CHI@DET,Detroit Pistons,"Ivey, Jaden",Out,Injury/Illness - Right Knee; Arthroscopy,2025-11-12
11/12/2025,07:00 (ET),CHI@DET,Detroit Pistons,"Sasser, Marcus",Out,Injury/Illness - Right Hip; Impingement,2025-11-12
11/12/2025,07:00 (ET),CHI@DET,Detroit Pistons,"Stewart, Isaiah",Doubtful,Injury/Illness - Left Ankle; Sprain,2025-11-12
11/12/2025,07:00 (ET),CHI@DET,Detroit Pistons,"Thompson, Ausar",Out,Injury/Illness - Right Ankle; Sprain,2025-11-12
11/12/2025,08:00 (ET),GSW@SAS,Golden State Warriors,"Kuminga, Jonathan",Questionable,Injury/Illness - Bilateral Knee; Patellar Tendonitis,2025-11-12
11/12/2025,08:00 (ET),GSW@SAS,Golden State Warriors,"Melton, De'Anthony",Out,Injury/Illness - Left ACL; Surgery,2025-11-12
11/12/2025,08:00 (ET),GSW@SAS,Golden State Warriors,"Post, Quinten",Probable,Injury/Illness - Left Achilles Tendon; Soreness,2025-11-12
11/12/2025,08:00 (ET),WAS@HOU,Houston Rockets,"Crawford, Isaiah",Out,G League - Two-Way,2025-11-12
11/12/2025,08:00 (ET),WAS@HOU,Houston Rockets,"Finney-Smith, Dorian",Out,Injury/Illness - Left Ankle; Surgery,2025-11-12
11/12/2025,08:00 (ET),WAS@HOU,Houston Rockets,"Harris, Kevon",Out,G League - Two-Way,2025-11-12
11/12/2025,08:00 (ET),WAS@HOU,Houston Rockets,"VanVleet, Fred",Out,Injury/Illness - Right Knee; ACL Repair,2025-11-12
11/13/2025,09:00 (ET),IND@PHX,Indiana Pacers,,,NOT YET SUBMITTED,2025-11-12
11/12/2025,10:30 (ET),DEN@LAC,LA Clippers,"Beal, Bradley",Out,Injury/Illness - Left Hip; Soreness,2025-11-12
11/12/2025,10:30 (ET),DEN@LAC,LA Clippers,"Leonard, Kawhi",Out,Injury/Illness - Right Ankle; Sprain,2025-11-12
11/12/2025,10:30 (ET),DEN@LAC,LA Clippers,"Niederhauser, Yanic Konan",Out,G League - On Assignment,2025-11-12
11/12/2025,10:30 (ET),DEN@LAC,LA Clippers,"Telfort, Jahmyl",Out,G League - Two-Way,2025-11-12
11/12/2025,09:30 (ET),LAL@OKC,Los Angeles Lakers,"James, LeBron",Out,Injury/Illness - Right Sciatica; -,2025-11-12
11/12/2025,09:30 (ET),LAL@OKC,Los Angeles Lakers,"Thiero, Adou",Out,Injury/Illness - Left Knee; Surgery Recovery,2025-11-12
11/12/2025,09:30 (ET),LAL@OKC,Los Angeles Lakers,"Vincent, Gabe",Out,Injury/Illness - Left Ankle; Sprain,2025-11-12
11/12/2025,07:30 (ET),MEM@BOS,Memphis Grizzlies,"Clarke, Brandon",Out,Injury/Illness - Right Knee; Surgery Recovery,2025-11-12
11/12/2025,07:30 (ET),MEM@BOS,Memphis Grizzlies,"Edey, Zach",Doubtful,Injury/Illness - Left Ankle; Surgery Recovery,2025-11-12
11/12/2025,07:30 (ET),MEM@BOS,Memphis Grizzlies,"Jerome, Ty",Out,Injury/Illness - Right Calf; Strain,2025-11-12
11/12/2025,07:30 (ET),MEM@BOS,Memphis Grizzlies,"Morant, Ja",Questionable,Injury/Illness - Right Ankle; Soreness,2025-11-12
11/12/2025,07:30 (ET),MEM@BOS,Memphis Grizzlies,"Pippen Jr., Scotty",Out,Injury/Illness - Left Great Toe; Surgery Recovery,2025-11-12
11/12/2025,07:30 (ET),MEM@BOS,Memphis Grizzlies,"Small, Javon",Out,Injury/Illness - Left Toe; Turf Toe,2025-11-12
11/12/2025,07:30 (ET),CLE@MIA,Miami Heat,"Adebayo, Bam",Out,Injury/Illness - Left Big Toe; Sprain,2025-11-12
11/12/2025,07:30 (ET),CLE@MIA,Miami Heat,"Gardner, Myron",Out,G League - Two-Way,2025-11-12
11/12/2025,07:30 (ET),CLE@MIA,Miami Heat,"Herro, Tyler",Out,Injury/Illness - Left Ankle; Surgery,2025-11-12
11/12/2025,07:30 (ET),CLE@MIA,Miami Heat,"Jaquez Jr., Jaime",Available,Injury/Illness - Left Ankle; Sprain,2025-11-12
11/12/2025,07:30 (ET),CLE@MIA,Miami Heat,"Mitchell, Davion",Available,Injury/Illness - Lower Back; Contusion,2025-11-12
11/12/2025,07:30 (ET),CLE@MIA,Miami Heat,"Rozier, Terry",Out,Not With Team,2025-11-12
11/12/2025,07:30 (ET),CLE@MIA,Miami Heat,"Smith, Dru",Available,Injury/Illness - Right Knee; Contusion,2025-11-12
11/12/2025,07:30 (ET),CLE@MIA,Miami Heat,"Ware, Kel'el",Available,Injury/Illness - Right Hip Flexor; Strain,2025-11-12
11/12/2025,07:30 (ET),CLE@MIA,Miami Heat,"Young, Jahmir",Out,G League - Two-Way,2025-11-12
11/12/2025,07:00 (ET),MIL@CHA,Milwaukee Bucks,"Antetokounmpo, Alex",Out,G League - Two-Way,2025-11-12
11/12/2025,07:00 (ET),MIL@CHA,Milwaukee Bucks,"Antetokounmpo, Giannis",Out,Injury/Illness - Left Knee; Patellar Tendinopathy,2025-11-12
11/12/2025,07:00 (ET),MIL@CHA,Milwaukee Bucks,"Porter Jr., Kevin",Out,Injury/Illness - Right Knee; Meniscus Surgery,2025-11-12
11/12/2025,07:00 (ET),MIL@CHA,Milwaukee Bucks,"Prince, Taurean",Out,Injury/Illness - Neck; Herniated Disk,2025-11-12
11/12/2025,08:00 (ET),POR@NOP,New Orleans Pelicans,"Alexander, Trey",Out,G League - Two-Way,2025-11-12
11/12/2025,08:00 (ET),POR@NOP,New Orleans Pelicans,"Dickinson, Hunter",Out,G League - Two-Way,2025-11-12
11/12/2025,08:00 (ET),POR@NOP,New Orleans Pelicans,"Murray, Dejounte",Out,Injury/Illness - Right Achilles; Rupture,2025-11-12
11/12/2025,08:00 (ET),POR@NOP,New Orleans Pelicans,"Poole, Jordan",Out,Injury/Illness - Left Quad; Strain,2025-11-12
11/12/2025,08:00 (ET),POR@NOP,New Orleans Pelicans,"Williamson, Zion",Out,Injury/Illness - Left Hamstring; Strain,2025-11-12
11/12/2025,09:30 (ET),LAL@OKC,Oklahoma City Thunder,"Dort, Luguentz",Out,Injury/Illness - Right Upper Trap; Strain,2025-11-12
11/12/2025,09:30 (ET),LAL@OKC,Oklahoma City Thunder,"Sorber, Thomas",Out,Injury/Illness - Right ACL; Surgical Recovery,2025-11-12
11/12/2025,09:30 (ET),LAL@OKC,Oklahoma City Thunder,"Topic, Nikola",Out,Injury/Illness - N/a; Surgical Recovery,2025-11-12
11/12/2025,09:30 (ET),LAL@OKC,Oklahoma City Thunder,"Wiggins, Aaron",Out,Injury/Illness - Left Adductor; Strain,2025-11-12
11/12/2025,09:30 (ET),LAL@OKC,Oklahoma City Thunder,"Williams, Jalen",Out,Injury/Illness - Right Wrist; Surgical Recovery,2025-11-12
11/12/2025,09:30 (ET),LAL@OKC,Oklahoma City Thunder,"Williams, Kenrich",Out,Injury/Illness - Left Knee; Surgical Recovery,2025-11-12
11/12/2025,07:00 (ET),ORL@NYK,Orlando Magic,"Cain, Jamal",Out,G League - Two-Way,2025-11-12
11/12/2025,07:00 (ET),ORL@NYK,Orlando Magic,"Castleton, Colin",Out,G League - Two-Way,2025-11-12
11/12/2025,07:00 (ET),ORL@NYK,Orlando Magic,"Wagner, Franz",Available,Injury/Illness - N/A; Face mask,2025-11-12
11/12/2025,07:00 (ET),ORL@NYK,Orlando Magic,"Wagner, Moritz",Out,Injury/Illness - Left Knee; Injury recovery,2025-11-12
11/12/2025,08:30 (ET),PHX@DAL,Phoenix Suns,"Brea, Koby",Out,G League - Two-Way,2025-11-12
11/12/2025,08:30 (ET),PHX@DAL,Phoenix Suns,"Green, Jalen",Out,Injury/Illness - Right Hamstring; Strain,2025-11-12
11/12/2025,08:30 (ET),PHX@DAL,Phoenix Suns,"Huntley, CJ",Out,G League - Two-Way,2025-11-12
11/13/2025,09:00 (ET),IND@PHX,Phoenix Suns,,,NOT YET SUBMITTED,2025-11-12
11/12/2025,08:00 (ET),POR@NOP,Portland Trail Blazers,"Cooke, Javonte",Out,G League - Two-Way,2025-11-12
11/12/2025,08:00 (ET),POR@NOP,Portland Trail Blazers,"Henderson, Scoot",Out,Injury/Illness - Left Hamstring; Tear,2025-11-12
11/12/2025,08:00 (ET),POR@NOP,Portland Trail Blazers,"Lillard, Damian",Out,Injury/Illness - Left Achilles Tendon; Injury Management,2025-11-12
11/12/2025,08:00 (ET),POR@NOP,Portland Trail Blazers,"Thybulle, Matisse",Out,Injury/Illness - Left Thumb; Ligament Tear,2025-11-12
11/12/2025,08:00 (ET),POR@NOP,Portland Trail Blazers,"Wesley, Blake",Out,Injury/Illness - Right Foot; Fracture,2025-11-12
11/12/2025,10:00 (ET),ATL@SAC,Sacramento Kings,"Cardwell, Dylan",Out,G League - Two-Way,2025-11-12
11/12/2025,10:00 (ET),ATL@SAC,Sacramento Kings,"LaVine, Zach",Out,Injury/Illness - Right Thigh; Contusion,2025-11-12
11/12/2025,10:00 (ET),ATL@SAC,Sacramento Kings,"Monk, Malik",Questionable,Injury/Illness - Left Ankle; Soreness,2025-11-12
11/12/2025,10:00 (ET),ATL@SAC,Sacramento Kings,"Murray, Keegan",Out,Injury/Illness - Left Thumb; UCL Injury Recovery,2025-11-12
11/12/2025,10:00 (ET),ATL@SAC,Sacramento Kings,"Sabonis, Domantas",Questionable,Injury/Illness - Left Ribcage; Contusion,2025-11-12
11/12/2025,10:00 (ET),ATL@SAC,Sacramento Kings,"Stevens, Isaiah",Out,G League - Two-Way,2025-11-12
11/12/2025,08:00 (ET),GSW@SAS,San Antonio Spurs,"Harper, Dylan",Out,Injury/Illness - Left Calf; Strain,2025-11-12
11/12/2025,08:00 (ET),GSW@SAS,San Antonio Spurs,"Ingram, Harrison",Out,G League - Two-Way,2025-11-12
11/12/2025,08:00 (ET),GSW@SAS,San Antonio Spurs,"Jones Garcia, David",Out,G League - Two-Way,2025-11-12
11/12/2025,08:00 (ET),GSW@SAS,San Antonio Spurs,"Minix, Riley",Available,-,2025-11-12
11/13/2025,07:00 (ET),TOR@CLE,Toronto Raptors,"Agbaji, Ochai",Questionable,Injury/Illness - Lower Back; Spasms,2025-11-12
11/13/2025,07:00 (ET),TOR@CLE,Toronto Raptors,"Hepburn, Chucky",Out,G League - Two-Way,2025-11-12
11/13/2025,07:00 (ET),TOR@CLE,Toronto Raptors,"Lawson, A.J.",Out,G League - Two-Way,2025-11-12
11/13/2025,07:00 (ET),TOR@CLE,Toronto Raptors,"Mamukelashvili, Sandro",Questionable,Injury/Illness - Neck; Contusion - Stiffness,2025-11-12
11/13/2025,07:00 (ET),TOR@CLE,Toronto Raptors,"Martin, Alijah",Out,G League - Two-Way,2025-11-12
11/13/2025,07:00 (ET),TOR@CLE,Toronto Raptors,"Mogbo, Jonathan",Out,G League - On Assignment,2025-11-12
11/13/2025,07:00 (ET),TOR@CLE,Toronto Raptors,"Murray-Boyles, Collin",Questionable,Injury/Illness - N/A; Illness,2025-11-12
11/13/2025,09:00 (ET),ATL@UTA,Utah Jazz,,,NOT YET SUBMITTED,2025-11-12
11/12/2025,08:00 (ET),WAS@HOU,Washington Wizards,"Cooper, Sharife",Out,G League - On Assignment,2025-11-12
11/12/2025,08:00 (ET),WAS@HOU,Washington Wizards,"Coulibaly, Bilal",Out,Injury/Illness - Left Calf; Contusion,2025-11-12
11/12/2025,08:00 (ET),WAS@HOU,Washington Wizards,"Watkins, Jamir",Out,G League - On Assignment,2025-11-12
11/13/2025,09:00 (ET),ATL@UTA,Atlanta Hawks,"Dante, N'Faly",Out,G League - On Assignment,2025-11-13
11/13/2025,09:00 (ET),ATL@UTA,Atlanta Hawks,"Djurisic, Nikola",Out,Injury/Illness - Right Elbow; Sprain,2025-11-13
11/13/2025,09:00 (ET),ATL@UTA,Atlanta Hawks,"Ndiaye, Eli John",Out,G League - Two-Way,2025-11-13
11/13/2025,09:00 (ET),ATL@UTA,Atlanta Hawks,"Porzingis, Kristaps",Out,Rest,2025-11-13
11/13/2025,09:00 (ET),ATL@UTA,Atlanta Hawks,"Toppin, Jacob",Out,G League - Two-Way,2025-11-13
11/13/2025,09:00 (ET),ATL@UTA,Atlanta Hawks,"Young, Trae",Out,Injury/Illness - Right Knee; MCL Sprain,2025-11-13
11/14/2025,07:00 (ET),BKN@ORL,Brooklyn Nets,"Highsmith, Haywood",Out,"Injury/Illness - Right Knee; Surgery, Injury Recovery",2025-11-13
11/14/2025,07:00 (ET),BKN@ORL,Brooklyn Nets,"Saraf, Ben",Out,G League - On Assignment,2025-11-13
11/14/2025,07:00 (ET),BKN@ORL,Brooklyn Nets,"Sharpe, Day'Ron",Probable,Injury/Illness - Left Glute; Contusion,2025-11-13
11/14/2025,07:00 (ET),BKN@ORL,Brooklyn Nets,"Thomas, Cam",Out,Injury/Illness - Left Hamstring; Strain,2025-11-13
11/14/2025,07:00 (ET),BKN@ORL,Brooklyn Nets,"Traore, Nolan",Out,G League - On Assignment,2025-11-13
11/14/2025,07:00 (ET),BKN@ORL,Brooklyn Nets,"Wolf, Danny",Out,G League - On Assignment,2025-11-13
11/14/2025,08:00 (ET),CHA@MIL,Charlotte Hornets,,,NOT YET SUBMITTED,2025-11-13
11/13/2025,07:00 (ET),TOR@CLE,Cleveland Cavaliers,"Ball, Lonzo",Out,Rest - Left Knee Injury Management,2025-11-13
11/13/2025,07:00 (ET),TOR@CLE,Cleveland Cavaliers,"Garland, Darius",Out,Injury/Illness - Left Great Toe; Injury Management,2025-11-13
11/13/2025,07:00 (ET),TOR@CLE,Cleveland Cavaliers,"Livingston, Chris",Out,G League - Two-Way,2025-11-13
11/13/2025,07:00 (ET),TOR@CLE,Cleveland Cavaliers,"Strus, Max",Out,Injury/Illness - Left Foot; Surgery - Jones Fracture,2025-11-13
11/13/2025,07:00 (ET),TOR@CLE,Cleveland Cavaliers,"Tyson, Jaylon",Out,Injury/Illness - Head; Concussion,2025-11-13
11/14/2025,08:30 (ET),LAC@DAL,Dallas Mavericks,"Davis, Anthony",Questionable,Injury/Illness - Left Calf; Strain,2025-11-13
11/14/2025,08:30 (ET),LAC@DAL,Dallas Mavericks,"Exum, Dante",Out,Injury/Illness - Right Knee; Injury Management,2025-11-13
11/14/2025,08:30 (ET),LAC@DAL,Dallas Mavericks,"Flagg, Cooper",Available,Injury/Illness - Right Thumb; Sprain,2025-11-13
11/14/2025,08:30 (ET),LAC@DAL,Dallas Mavericks,"Irving, Kyrie",Out,Injury/Illness - Left Knee; Surgery,2025-11-13
11/14/2025,08:30 (ET),LAC@DAL,Dallas Mavericks,"Lively II, Dereck",Questionable,Injury/Illness - Right Knee; Sprain,2025-11-13
11/14/2025,08:30 (ET),LAC@DAL,Dallas Mavericks,"Washington, P.J.",Questionable,Injury/Illness - Left Shoulder; Strain,2025-11-13
11/14/2025,07:30 (ET),PHI@DET,Detroit Pistons,"Cunningham, Cade",Questionable,Injury/Illness - Left Hip; Contusion,2025-11-13
11/14/2025,07:30 (ET),PHI@DET,Detroit Pistons,"Duren, Jalen",Questionable,Injury/Illness - Right Ankle; Sprain,2025-11-13
11/14/2025,07:30 (ET),PHI@DET,Detroit Pistons,"Harris, Tobias",Out,Injury/Illness - Right Ankle; Sprain,2025-11-13
11/14/2025,07:30 (ET),PHI@DET,Detroit Pistons,"Ivey, Jaden",Out,Injury/Illness - Right Knee; Arthroscopy,2025-11-13
11/14/2025,07:30 (ET),PHI@DET,Detroit Pistons,"Sasser, Marcus",Out,Injury/Illness - Right Hip; Impingement,2025-11-13
11/14/2025,07:30 (ET),PHI@DET,Detroit Pistons,"Stewart, Isaiah",Questionable,Injury/Illness - Left Ankle; Sprain,2025-11-13
11/14/2025,07:30 (ET),PHI@DET,Detroit Pistons,"Thompson, Ausar",Out,Injury/Illness - Right Ankle; Sprain,2025-11-13
11/14/2025,09:30 (ET),GSW@SAS,Golden State Warriors,"Kuminga, Jonathan",Questionable,Injury/Illness - Bilateral Knee; Patellar Tendonitis,2025-11-13
11/14/2025,09:30 (ET),GSW@SAS,Golden State Warriors,"Melton, De'Anthony",Out,Injury/Illness - Left ACL; Surgery,2025-11-13
11/14/2025,08:00 (ET),POR@HOU,Houston Rockets,"Crawford, Isaiah",Out,G League - Two-Way,2025-11-13
11/14/2025,08:00 (ET),POR@HOU,Houston Rockets,"Finney-Smith, Dorian",Out,Injury/Illness - Left Ankle; Surgery,2025-11-13
11/14/2025,08:00 (ET),POR@HOU,Houston Rockets,"Harris, Kevon",Out,G League - Two-Way,2025-11-13
11/14/2025,08:00 (ET),POR@HOU,Houston Rockets,"VanVleet, Fred",Out,Injury/Illness - Right Knee; ACL Repair,2025-11-13
11/13/2025,09:00 (ET),IND@PHX,Indiana Pacers,"Furphy, Johnny",Out,Injury/Illness - Left Ankle; Sprain,2025-11-13
11/13/2025,09:00 (ET),IND@PHX,Indiana Pacers,"Haliburton, Tyrese",Out,Injury/Illness - Right Achilles Tendon; Tear,2025-11-13
11/13/2025,09:00 (ET),IND@PHX,Indiana Pacers,"Jackson, Quenton",Out,Injury/Illness - Right Hamstring; Strain,2025-11-13
11/13/2025,09:00 (ET),IND@PHX,Indiana Pacers,"Jones, Kam",Out,Injury/Illness - Lower Back; Stress Reaction,2025-11-13
11/13/2025,09:00 (ET),IND@PHX,Indiana Pacers,"Martin, Cody",Out,Injury/Illness - N/A; Illness,2025-11-13
11/13/2025,09:00 (ET),IND@PHX,Indiana Pacers,"Mathurin, Bennedict",Out,Injury/Illness - Right Great Toe; Sprain,2025-11-13
11/13/2025,09:00 (ET),IND@PHX,Indiana Pacers,"Toppin, Obi",Out,Injury/Illness - Right Foot; Stress Fracture,2025-11-13
11/14/2025,08:30 (ET),LAC@DAL,LA Clippers,,,NOT YET SUBMITTED,2025-11-13
11/14/2025,08:00 (ET),LAL@NOP,Los Angeles Lakers,,,NOT YET SUBMITTED,2025-11-13
11/14/2025,07:00 (ET),MIA@NYK,Miami Heat,"Adebayo, Bam",Out,Injury/Illness - Left Big Toe; Sprain,2025-11-13
11/14/2025,07:00 (ET),MIA@NYK,Miami Heat,"Gardner, Myron",Out,G League - Two-Way,2025-11-13
11/14/2025,07:00 (ET),MIA@NYK,Miami Heat,"Herro, Tyler",Out,Injury/Illness - Left Ankle; Surgery,2025-11-13
11/14/2025,07:00 (ET),MIA@NYK,Miami Heat,"Jaquez Jr., Jaime",Available,Injury/Illness - Left Ankle; Sprain,2025-11-13
11/14/2025,07:00 (ET),MIA@NYK,Miami Heat,"Mitchell, Davion",Available,Injury/Illness - Lower Back; Contusion,2025-11-13
11/14/2025,07:00 (ET),MIA@NYK,Miami Heat,"Powell, Norman",Available,Injury/Illness - Left Hip; Contusion,2025-11-13
11/14/2025,07:00 (ET),MIA@NYK,Miami Heat,"Rozier, Terry",Out,Not With Team,2025-11-13
11/14/2025,07:00 (ET),MIA@NYK,Miami Heat,"Smith, Dru",Available,Injury/Illness - Right Knee; Contusion,2025-11-13
11/14/2025,07:00 (ET),MIA@NYK,Miami Heat,"Ware, Kel'el",Available,Injury/Illness - Right Hip Flexor; Strain,2025-11-13
11/14/2025,07:00 (ET),MIA@NYK,Miami Heat,"Young, Jahmir",Out,G League - Two-Way,2025-11-13
11/14/2025,08:00 (ET),CHA@MIL,Milwaukee Bucks,,,NOT YET SUBMITTED,2025-11-13
11/14/2025,08:00 (ET),SAC@MIN,Minnesota Timberwolves,,,NOT YET SUBMITTED,2025-11-13
11/14/2025,08:00 (ET),LAL@NOP,New Orleans Pelicans,"Alexander, Trey",Out,G League - Two-Way,2025-11-13
11/14/2025,08:00 (ET),LAL@NOP,New Orleans Pelicans,"Dickinson, Hunter",Out,G League - Two-Way,2025-11-13
11/14/2025,08:00 (ET),LAL@NOP,New Orleans Pelicans,"Murray, Dejounte",Out,Injury/Illness - Right Achilles; Rupture,2025-11-13
11/14/2025,08:00 (ET),LAL@NOP,New Orleans Pelicans,"Poole, Jordan",Out,Injury/Illness - Left Quad; Strain,2025-11-13
11/14/2025,08:00 (ET),LAL@NOP,New Orleans Pelicans,"Williamson, Zion",Out,Injury/Illness - Left Hamstring; Strain,2025-11-13
11/14/2025,07:00 (ET),MIA@NYK,New York Knicks,"Brunson, Jalen",Out,Injury/Illness - Right Ankle; Sprain,2025-11-13
11/14/2025,07:00 (ET),BKN@ORL,Orlando Magic,"Banchero, Paolo",Out,Injury/Illness - Left Groin; Strain,2025-11-13
11/14/2025,07:00 (ET),BKN@ORL,Orlando Magic,"Wagner, Franz",Available,Injury/Illness - NA; Face Mask,2025-11-13
11/14/2025,07:00 (ET),BKN@ORL,Orlando Magic,"Wagner, Moritz",Out,Injury/Illness - Left Knee; Injury recovery,2025-11-13
11/14/2025,07:30 (ET),PHI@DET,Philadelphia 76ers,"Edgecombe, VJ",Questionable,Injury/Illness - Back; Spasm,2025-11-13
11/14/2025,07:30 (ET),PHI@DET,Philadelphia 76ers,"Embiid, Joel",Out,Injury/Illness - Right Knee; Soreness,2025-11-13
11/14/2025,07:30 (ET),PHI@DET,Philadelphia 76ers,"George, Paul",Out,Injury/Illness - Left Knee; Surgery Recovery,2025-11-13
11/14/2025,07:30 (ET),PHI@DET,Philadelphia 76ers,"McCain, Jared",Out,G League - On Assignment,2025-11-13
11/14/2025,07:30 (ET),PHI@DET,Philadelphia 76ers,"Sallis, Hunter",Questionable,G League - Two-Way,2025-11-13
11/13/2025,09:00 (ET),IND@PHX,Phoenix Suns,"Green, Jalen",Out,Injury/Illness - Right Hamstring; Strain,2025-11-13
11/13/2025,09:00 (ET),IND@PHX,Phoenix Suns,"Williams, Mark",Out,Injury/Illness - Right Knee; Injury management,2025-11-13
11/14/2025,08:00 (ET),POR@HOU,Portland Trail Blazers,,,NOT YET SUBMITTED,2025-11-13
11/14/2025,08:00 (ET),SAC@MIN,Sacramento Kings,,,NOT YET SUBMITTED,2025-11-13
11/14/2025,09:30 (ET),GSW@SAS,San Antonio Spurs,,,NOT YET SUBMITTED,2025-11-13
11/13/2025,07:00 (ET),TOR@CLE,Toronto Raptors,"Agbaji, Ochai",Out,Injury/Illness - Lower Back; Spasms,2025-11-13
11/13/2025,07:00 (ET),TOR@CLE,Toronto Raptors,"Hepburn, Chucky",Out,G League - Two-Way,2025-11-13
11/13/2025,07:00 (ET),TOR@CLE,Toronto Raptors,"Lawson, A.J.",Out,G League - Two-Way,2025-11-13
11/13/2025,07:00 (ET),TOR@CLE,Toronto Raptors,"Mamukelashvili, Sandro",Questionable,Injury/Illness - Neck; Contusion - Stiffness,2025-11-13
11/13/2025,07:00 (ET),TOR@CLE,Toronto Raptors,"Martin, Alijah",Out,G League - Two-Way,2025-11-13
11/13/2025,07:00 (ET),TOR@CLE,Toronto Raptors,"Mogbo, Jonathan",Out,G League - On Assignment,2025-11-13
11/13/2025,07:00 (ET),TOR@CLE,Toronto Raptors,"Murray-Boyles, Collin",Questionable,Injury/Illness - N/A; Illness,2025-11-13
11/13/2025,09:00 (ET),ATL@UTA,Utah Jazz,"Anderson, Kyle",Out,Injury/Illness - Right SI; Dysfunction,2025-11-13
11/13/2025,09:00 (ET),ATL@UTA,Utah Jazz,"Hendricks, Taylor",Out,Injury/Illness - Right Hamstring; Strain,2025-11-13
11/13/2025,09:00 (ET),ATL@UTA,Utah Jazz,"Kessler, Walker",Out,Injury/Illness - Left Shoulder; Injury Recovery,2025-11-13
11/13/2025,09:00 (ET),ATL@UTA,Utah Jazz,"Niang, Georges",Out,Injury/Illness - Left Foot; Fourth Metatarsal Stress Reaction,2025-11-13
11/13/2025,09:00 (ET),ATL@UTA,Utah Jazz,"Tonje, John",Out,G League - Two-Way,2025-11-13
11/13/2025,09:00 (ET),ATL@UTA,Utah Jazz,"Tshiebwe, Oscar",Out,G League - Two-Way,2025-11-13
11/14/2025,07:00 (ET),BKN@ORL,Brooklyn Nets,"Highsmith, Haywood",Out,"Injury/Illness - Right Knee; Surgery, Injury Recovery",2025-11-14
11/14/2025,07:00 (ET),BKN@ORL,Brooklyn Nets,"Saraf, Ben",Out,G League - On Assignment,2025-11-14
11/14/2025,07:00 (ET),BKN@ORL,Brooklyn Nets,"Sharpe, Day'Ron",Available,Injury/Illness - Left Glute; Contusion,2025-11-14
11/14/2025,07:00 (ET),BKN@ORL,Brooklyn Nets,"Thomas, Cam",Out,Injury/Illness - Left Hamstring; Strain,2025-11-14
11/14/2025,07:00 (ET),BKN@ORL,Brooklyn Nets,"Traore, Nolan",Out,G League - On Assignment,2025-11-14
11/14/2025,07:00 (ET),BKN@ORL,Brooklyn Nets,"Wolf, Danny",Out,G League - On Assignment,2025-11-14
11/14/2025,08:00 (ET),CHA@MIL,Charlotte Hornets,"Ball, LaMelo",Probable,Injury/Illness - Right Ankle; Impingement,2025-11-14
11/14/2025,08:00 (ET),CHA@MIL,Charlotte Hornets,"Green, Josh",Out,Injury/Illness - Left Shoulder; Surgery,2025-11-14
11/14/2025,08:00 (ET),CHA@MIL,Charlotte Hornets,"Kalkbrenner, Ryan",Out,Personal Reasons,2025-11-14
11/14/2025,08:00 (ET),CHA@MIL,Charlotte Hornets,"McNeeley, Liam",Questionable,Injury/Illness - N/a; Illness,2025-11-14
11/14/2025,08:00 (ET),CHA@MIL,Charlotte Hornets,"Miller, Brandon",Out,Injury/Illness - Left Shoulder; Subluxation,2025-11-14
11/14/2025,08:00 (ET),CHA@MIL,Charlotte Hornets,"Peterson, Drew",Out,G League - Two-Way,2025-11-14
11/14/2025,08:00 (ET),CHA@MIL,Charlotte Hornets,"Salaun, Tidjane",Out,G League - On Assignment,2025-11-14
11/14/2025,08:00 (ET),CHA@MIL,Charlotte Hornets,"Simpson, KJ",Probable,Injury/Illness - Left Ac Joint; Sprain,2025-11-14
11/14/2025,08:00 (ET),CHA@MIL,Charlotte Hornets,"Williams, Grant",Out,Injury/Illness - Right Knee; Surgery,2025-11-14
11/15/2025,07:00 (ET),OKC@CHA,Charlotte Hornets,,,NOT YET SUBMITTED,2025-11-14
11/15/2025,05:00 (ET),MEM@CLE,Cleveland Cavaliers,"Garland, Darius",Out,Injury/Illness - Left Great Toe; Injury Management,2025-11-14
11/15/2025,05:00 (ET),MEM@CLE,Cleveland Cavaliers,"Livingston, Chris",Out,G League - Two-Way,2025-11-14
11/15/2025,05:00 (ET),MEM@CLE,Cleveland Cavaliers,"Strus, Max",Out,Injury/Illness - Left Foot; Surgery - Jones Fracture,2025-11-14
11/15/2025,05:00 (ET),MEM@CLE,Cleveland Cavaliers,"Tyson, Jaylon",Out,Injury/Illness - Head; Concussion,2025-11-14
11/14/2025,08:30 (ET),LAC@DAL,Dallas Mavericks,"Davis, Anthony",Questionable,Injury/Illness - Left Calf; Strain,2025-11-14
11/14/2025,08:30 (ET),LAC@DAL,Dallas Mavericks,"Exum, Dante",Out,Injury/Illness - Right Knee; Injury Management,2025-11-14
11/14/2025,08:30 (ET),LAC@DAL,Dallas Mavericks,"Flagg, Cooper",Available,Injury/Illness - Right Thumb; Sprain,2025-11-14
11/14/2025,08:30 (ET),LAC@DAL,Dallas Mavericks,"Irving, Kyrie",Out,Injury/Illness - Left Knee; Surgery,2025-11-14
11/14/2025,08:30 (ET),LAC@DAL,Dallas Mavericks,"Lively II, Dereck",Probable,Injury/Illness - Right Knee; Sprain,2025-11-14
11/14/2025,08:30 (ET),LAC@DAL,Dallas Mavericks,"Washington, P.J.",Questionable,Injury/Illness - Left Shoulder; Strain,2025-11-14
11/15/2025,08:00 (ET),DEN@MIN,Denver Nuggets,,,NOT YET SUBMITTED,2025-11-14
11/14/2025,07:30 (ET),PHI@DET,Detroit Pistons,"Cunningham, Cade",Questionable,Injury/Illness - Left Hip; Contusion,2025-11-14
11/14/2025,07:30 (ET),PHI@DET,Detroit Pistons,"Duren, Jalen",Questionable,Injury/Illness - Right Ankle; Sprain,2025-11-14
11/14/2025,07:30 (ET),PHI@DET,Detroit Pistons,"Harris, Tobias",Out,Injury/Illness - Right Ankle; Sprain,2025-11-14
11/14/2025,07:30 (ET),PHI@DET,Detroit Pistons,"Ivey, Jaden",Out,Injury/Illness - Right Knee; Arthroscopy,2025-11-14
11/14/2025,07:30 (ET),PHI@DET,Detroit Pistons,"Sasser, Marcus",Out,Injury/Illness - Right Hip; Impingement,2025-11-14
11/14/2025,07:30 (ET),PHI@DET,Detroit Pistons,"Stewart, Isaiah",Questionable,Injury/Illness - Left Ankle; Sprain,2025-11-14
11/14/2025,07:30 (ET),PHI@DET,Detroit Pistons,"Thompson, Ausar",Out,Injury/Illness - Right Ankle; Sprain,2025-11-14
11/14/2025,09:30 (ET),GSW@SAS,Golden State Warriors,"Kuminga, Jonathan",Out,Injury/Illness - Bilateral Knee; Patellar Tendonitis,2025-11-14
11/14/2025,09:30 (ET),GSW@SAS,Golden State Warriors,"Melton, De'Anthony",Out,Injury/Illness - Left ACL; Surgery,2025-11-14
11/14/2025,08:00 (ET),POR@HOU,Houston Rockets,"Crawford, Isaiah",Out,G League - Two-Way,2025-11-14
11/14/2025,08:00 (ET),POR@HOU,Houston Rockets,"Finney-Smith, Dorian",Out,Injury/Illness - Left Ankle; Surgery,2025-11-14
11/14/2025,08:00 (ET),POR@HOU,Houston Rockets,"Harris, Kevon",Out,G League - Two-Way,2025-11-14
11/14/2025,08:00 (ET),POR@HOU,Houston Rockets,"VanVleet, Fred",Out,Injury/Illness - Right Knee; ACL Repair,2025-11-14
11/15/2025,07:00 (ET),TOR@IND,Indiana Pacers,"Furphy, Johnny",Out,Injury/Illness - Left Ankle; Sprain,2025-11-14
11/15/2025,07:00 (ET),TOR@IND,Indiana Pacers,"Haliburton, Tyrese",Out,Injury/Illness - Right Achilles Tendon; Torn,2025-11-14
11/15/2025,07:00 (ET),TOR@IND,Indiana Pacers,"Jackson, Quenton",Out,Injury/Illness - Right Hamstring; Strain,2025-11-14
11/15/2025,07:00 (ET),TOR@IND,Indiana Pacers,"Jones, Kam",Out,Injury/Illness - Lower Back; Stress Reaction,2025-11-14
11/15/2025,07:00 (ET),TOR@IND,Indiana Pacers,"Mathurin, Bennedict",Out,Injury/Illness - Right Great Toe; Sprain,2025-11-14
11/15/2025,07:00 (ET),TOR@IND,Indiana Pacers,"Nesmith, Aaron",Out,Injury/Illness - Left Knee; Sprain,2025-11-14
11/15/2025,07:00 (ET),TOR@IND,Indiana Pacers,"Toppin, Obi",Out,Injury/Illness - Right Foot; Stress Fracture,2025-11-14
11/14/2025,08:30 (ET),LAC@DAL,LA Clippers,"Beal, Bradley",Out,Injury/Illness - Left Hip; Fracture,2025-11-14
11/14/2025,08:30 (ET),LAC@DAL,LA Clippers,"Leonard, Kawhi",Out,Injury/Illness - Right Ankle; Sprain,2025-11-14
11/14/2025,08:30 (ET),LAC@DAL,LA Clippers,"Niederhauser, Yanic Konan",Out,G League - On Assignment,2025-11-14
11/14/2025,08:30 (ET),LAC@DAL,LA Clippers,"Telfort, Jahmyl",Out,G League - Two-Way,2025-11-14
11/14/2025,08:00 (ET),LAL@NOP,Los Angeles Lakers,"James, LeBron",Out,Injury/Illness - Right Sciatica; -,2025-11-14
11/14/2025,08:00 (ET),LAL@NOP,Los Angeles Lakers,"Thiero, Adou",Probable,Injury/Illness - Left Knee; Surgery Recovery,2025-11-14
11/14/2025,08:00 (ET),LAL@NOP,Los Angeles Lakers,"Vincent, Gabe",Out,Injury/Illness - Left Ankle; Sprain,2025-11-14
11/15/2025,08:00 (ET),LAL@MIL,Los Angeles Lakers,,,NOT YET SUBMITTED,2025-11-14
11/15/2025,05:00 (ET),MEM@CLE,Memphis Grizzlies,"Clarke, Brandon",Out,Injury/Illness - Right Knee; Surgery Recovery,2025-11-14
11/15/2025,05:00 (ET),MEM@CLE,Memphis Grizzlies,"Coward, Cedric",Doubtful,Injury/Illness - Right Foot; Soreness,2025-11-14
11/15/2025,05:00 (ET),MEM@CLE,Memphis Grizzlies,"Edey, Zach",Questionable,Injury/Illness - Left Ankle; Surgery Recovery,2025-11-14
11/15/2025,05:00 (ET),MEM@CLE,Memphis Grizzlies,"Jerome, Ty",Out,Injury/Illness - Right Calf; Strain,2025-11-14
11/15/2025,05:00 (ET),MEM@CLE,Memphis Grizzlies,"Pippen Jr., Scotty",Out,Injury/Illness - Left Great Toe; Surgery Recovery,2025-11-14
11/15/2025,05:00 (ET),MEM@CLE,Memphis Grizzlies,"Prosper, Olivier-Maxence",Questionable,Injury/Illness - Left Quad; Contusion,2025-11-14
11/15/2025,05:00 (ET),MEM@CLE,Memphis Grizzlies,"Small, Javon",Out,Injury/Illness - Left Toe; Turf Toe,2025-11-14
11/14/2025,07:00 (ET),MIA@NYK,Miami Heat,"Adebayo, Bam",Out,Injury/Illness - Left Big Toe; Sprain,2025-11-14
11/14/2025,07:00 (ET),MIA@NYK,Miami Heat,"Gardner, Myron",Out,G League - Two-Way,2025-11-14
11/14/2025,07:00 (ET),MIA@NYK,Miami Heat,"Herro, Tyler",Out,Injury/Illness - Left Ankle; Surgery,2025-11-14
11/14/2025,07:00 (ET),MIA@NYK,Miami Heat,"Jaquez Jr., Jaime",Available,Injury/Illness - Left Ankle; Sprain,2025-11-14
11/14/2025,07:00 (ET),MIA@NYK,Miami Heat,"Mitchell, Davion",Available,Injury/Illness - Lower Back; Contusion,2025-11-14
11/14/2025,07:00 (ET),MIA@NYK,Miami Heat,"Powell, Norman",Available,Injury/Illness - Left Hip; Contusion,2025-11-14
11/14/2025,07:00 (ET),MIA@NYK,Miami Heat,"Rozier, Terry",Out,Not With Team,2025-11-14
11/14/2025,07:00 (ET),MIA@NYK,Miami Heat,"Smith, Dru",Available,Injury/Illness - Right Knee; Contusion,2025-11-14
11/14/2025,07:00 (ET),MIA@NYK,Miami Heat,"Ware, Kel'el",Available,Injury/Illness - Right Hip Flexor; Strain,2025-11-14
11/14/2025,07:00 (ET),MIA@NYK,Miami Heat,"Young, Jahmir",Out,G League - Two-Way,2025-11-14
11/14/2025,08:00 (ET),CHA@MIL,Milwaukee Bucks,"Antetokounmpo, Alex",Out,G League - Two-Way,2025-11-14
11/14/2025,08:00 (ET),CHA@MIL,Milwaukee Bucks,"Antetokounmpo, Giannis",Probable,Injury/Illness - Left Knee; Patellar Tendinopathy,2025-11-14
11/14/2025,08:00 (ET),CHA@MIL,Milwaukee Bucks,"Nance, Pete",Out,G League - Two-Way,2025-11-14
11/14/2025,08:00 (ET),CHA@MIL,Milwaukee Bucks,"Porter Jr., Kevin",Out,Injury/Illness - Right Knee; Meniscus Surgery,2025-11-14
11/14/2025,08:00 (ET),CHA@MIL,Milwaukee Bucks,"Prince, Taurean",Out,Injury/Illness - Neck; Surgery,2025-11-14
11/15/2025,08:00 (ET),LAL@MIL,Milwaukee Bucks,,,NOT YET SUBMITTED,2025-11-14
11/14/2025,08:00 (ET),SAC@MIN,Minnesota Timberwolves,"DiVincenzo, Donte",Available,Injury/Illness - Face; Face Mask,2025-11-14
11/14/2025,08:00 (ET),SAC@MIN,Minnesota Timberwolves,"Freeman, Enrique",Out,G League - Two-Way,2025-11-14
11/14/2025,08:00 (ET),SAC@MIN,Minnesota Timberwolves,"Shannon Jr., Terrence",Out,Injury/Illness - Left Fifth Metatarsal; Bone Bruise,2025-11-14
11/14/2025,08:00 (ET),SAC@MIN,Minnesota Timberwolves,"Zikarsky, Rocco",Out,G League - Two-Way,2025-11-14
11/15/2025,08:00 (ET),DEN@MIN,Minnesota Timberwolves,,,NOT YET SUBMITTED,2025-11-14
11/14/2025,08:00 (ET),LAL@NOP,New Orleans Pelicans,"Alexander, Trey",Out,G League - Two-Way,2025-11-14
11/14/2025,08:00 (ET),LAL@NOP,New Orleans Pelicans,"Dickinson, Hunter",Out,G League - Two-Way,2025-11-14
11/14/2025,08:00 (ET),LAL@NOP,New Orleans Pelicans,"Murray, Dejounte",Out,Injury/Illness - Right Achilles; Rupture,2025-11-14
11/14/2025,08:00 (ET),LAL@NOP,New Orleans Pelicans,"Poole, Jordan",Out,Injury/Illness - Left Quad; Strain,2025-11-14
11/14/2025,08:00 (ET),LAL@NOP,New Orleans Pelicans,"Williamson, Zion",Out,Injury/Illness - Left Hamstring; Strain,2025-11-14
11/14/2025,07:00 (ET),MIA@NYK,New York Knicks,"Brunson, Jalen",Out,Injury/Illness - Right Ankle; Sprain,2025-11-14
11/15/2025,07:00 (ET),OKC@CHA,Oklahoma City Thunder,"Dort, Luguentz",Questionable,Injury/Illness - Right Upper Trap; Strain,2025-11-14
11/15/2025,07:00 (ET),OKC@CHA,Oklahoma City Thunder,"Sorber, Thomas",Out,Injury/Illness - Right ACL; Surgical Recovery,2025-11-14
11/15/2025,07:00 (ET),OKC@CHA,Oklahoma City Thunder,"Topic, Nikola",Out,Injury/Illness - N/a; Surgical Recovery,2025-11-14
11/15/2025,07:00 (ET),OKC@CHA,Oklahoma City Thunder,"Wiggins, Aaron",Out,Injury/Illness - Left Adductor; Strain,2025-11-14
11/15/2025,07:00 (ET),OKC@CHA,Oklahoma City Thunder,"Williams, Jalen",Out,Injury/Illness - Right Wrist; Surgical Recovery,2025-11-14
11/15/2025,07:00 (ET),OKC@CHA,Oklahoma City Thunder,"Williams, Kenrich",Out,Injury/Illness - Left Knee; Surgical Recovery,2025-11-14
11/14/2025,07:00 (ET),BKN@ORL,Orlando Magic,"Banchero, Paolo",Out,Injury/Illness - Left Groin; Strain,2025-11-14
11/14/2025,07:00 (ET),BKN@ORL,Orlando Magic,"Castleton, Colin",Out,G League - Two-Way,2025-11-14
11/14/2025,07:00 (ET),BKN@ORL,Orlando Magic,"Robinson, Orlando",Out,G League - Two-Way,2025-11-14
11/14/2025,07:00 (ET),BKN@ORL,Orlando Magic,"Wagner, Franz",Available,Injury/Illness - NA; Face Mask,2025-11-14
11/14/2025,07:00 (ET),BKN@ORL,Orlando Magic,"Wagner, Moritz",Out,Injury/Illness - Left Knee; Injury recovery,2025-11-14
11/14/2025,07:30 (ET),PHI@DET,Philadelphia 76ers,"Edgecombe, VJ",Questionable,Injury/Illness - Back; Spasm,2025-11-14
11/14/2025,07:30 (ET),PHI@DET,Philadelphia 76ers,"Embiid, Joel",Out,Injury/Illness - Right Knee; Soreness,2025-11-14
11/14/2025,07:30 (ET),PHI@DET,Philadelphia 76ers,"George, Paul",Out,Injury/Illness - Left Knee; Surgery Recovery,2025-11-14
11/14/2025,07:30 (ET),PHI@DET,Philadelphia 76ers,"McCain, Jared",Out,G League - On Assignment,2025-11-14
11/14/2025,07:30 (ET),PHI@DET,Philadelphia 76ers,"Sallis, Hunter",Available,G League - Two-Way,2025-11-14
11/14/2025,08:00 (ET),POR@HOU,Portland Trail Blazers,"Cooke, Javonte",Out,G League - Two-Way,2025-11-14
11/14/2025,08:00 (ET),POR@HOU,Portland Trail Blazers,"Henderson, Scoot",Out,Injury/Illness - Left Hamstring; Tear,2025-11-14
11/14/2025,08:00 (ET),POR@HOU,Portland Trail Blazers,"Lillard, Damian",Out,Injury/Illness - Left Achilles Tendon; Injury Management,2025-11-14
11/14/2025,08:00 (ET),POR@HOU,Portland Trail Blazers,"Thybulle, Matisse",Out,Injury/Illness - Left Thumb; Ligament Tear,2025-11-14
11/14/2025,08:00 (ET),POR@HOU,Portland Trail Blazers,"Wesley, Blake",Out,Injury/Illness - Right Foot; Fracture,2025-11-14
11/14/2025,08:00 (ET),POR@HOU,Portland Trail Blazers,"Yang, Hansen",Out,G League - On Assignment,2025-11-14
11/14/2025,08:00 (ET),SAC@MIN,Sacramento Kings,"Cardwell, Dylan",Out,G League - Two-Way,2025-11-14
11/14/2025,08:00 (ET),SAC@MIN,Sacramento Kings,"Monk, Malik",Questionable,Injury/Illness - Left Ankle; Soreness,2025-11-14
11/14/2025,08:00 (ET),SAC@MIN,Sacramento Kings,"Murray, Keegan",Out,Injury/Illness - Left Thumb; UCL Injury Recovery,2025-11-14
11/14/2025,08:00 (ET),SAC@MIN,Sacramento Kings,"Plowden, Daeqwon",Out,G League - Two-Way,2025-11-14
11/14/2025,08:00 (ET),SAC@MIN,Sacramento Kings,"Sabonis, Domantas",Questionable,Injury/Illness - Left Ribcage; Contusion,2025-11-14
11/14/2025,08:00 (ET),SAC@MIN,Sacramento Kings,"Stevens, Isaiah",Out,G League - Two-Way,2025-11-14
11/14/2025,09:30 (ET),GSW@SAS,San Antonio Spurs,"Champagnie, Julian",Questionable,Injury/Illness - Right Hip; Contusion,2025-11-14
11/14/2025,09:30 (ET),GSW@SAS,San Antonio Spurs,"Harper, Dylan",Out,Injury/Illness - Left Calf; Strain,2025-11-14
11/14/2025,09:30 (ET),GSW@SAS,San Antonio Spurs,"Jones Garcia, David",Out,G League - Two-Way,2025-11-14
11/14/2025,09:30 (ET),GSW@SAS,San Antonio Spurs,"Minix, Riley",Out,G League - Two-Way,2025-11-14
11/15/2025,07:00 (ET),TOR@IND,Toronto Raptors,"Agbaji, Ochai",Questionable,Injury/Illness - Lumbar; Strain,2025-11-14
11/15/2025,07:00 (ET),TOR@IND,Toronto Raptors,"Hepburn, Chucky",Out,G League - Two-Way,2025-11-14
11/15/2025,07:00 (ET),TOR@IND,Toronto Raptors,"Lawson, A.J.",Out,G League - Two-Way,2025-11-14
11/15/2025,07:00 (ET),TOR@IND,Toronto Raptors,"Martin, Alijah",Out,G League - Two-Way,2025-11-14
11/15/2025,07:00 (ET),TOR@IND,Toronto Raptors,"Mogbo, Jonathan",Out,G League - On Assignment,2025-11-14
11/15/2025,07:00 (ET),TOR@IND,Toronto Raptors,"Murray-Boyles, Collin",Questionable,Injury/Illness - N/A; Illness,2025-11-14
11/16/2025,08:00 (ET),ATL@PHX,Atlanta Hawks,,,NOT YET SUBMITTED,2025-11-15
11/16/2025,03:30 (ET),LAC@BOS,Boston Celtics,"Harper Jr., Ron",Out,G League - Two-Way,2025-11-15
11/16/2025,03:30 (ET),LAC@BOS,Boston Celtics,"Shulga, Max",Out,G League - Two-Way,2025-11-15
11/16/2025,03:30 (ET),LAC@BOS,Boston Celtics,"Tatum, Jayson",Out,Injury/Illness - Right Achilles; Repair,2025-11-15
11/16/2025,03:30 (ET),LAC@BOS,Boston Celtics,"Williams, Amari",Out,G League - Two-Way,2025-11-15
11/16/2025,06:00 (ET),BKN@WAS,Brooklyn Nets,"Highsmith, Haywood",Out,"Injury/Illness - Right Knee; Surgery, Injury Recovery",2025-11-15
11/16/2025,06:00 (ET),BKN@WAS,Brooklyn Nets,"Saraf, Ben",Out,G League - On Assignment,2025-11-15
11/16/2025,06:00 (ET),BKN@WAS,Brooklyn Nets,"Thomas, Cam",Out,Injury/Illness - Left Hamstring; Strain,2025-11-15
11/16/2025,06:00 (ET),BKN@WAS,Brooklyn Nets,"Traore, Nolan",Out,G League - On Assignment,2025-11-15
11/16/2025,06:00 (ET),BKN@WAS,Brooklyn Nets,"Wolf, Danny",Out,G League - On Assignment,2025-11-15
11/15/2025,07:00 (ET),OKC@CHA,Charlotte Hornets,"Ball, LaMelo",Out,Injury/Illness - Right Ankle; Injury Management,2025-11-15
11/15/2025,07:00 (ET),OKC@CHA,Charlotte Hornets,"Green, Josh",Out,Injury/Illness - Left Shoulder; Surgery,2025-11-15
11/15/2025,07:00 (ET),OKC@CHA,Charlotte Hornets,"McNeeley, Liam",Out,Injury/Illness - N/a; Illness,2025-11-15
11/15/2025,07:00 (ET),OKC@CHA,Charlotte Hornets,"Miller, Brandon",Out,Injury/Illness - Left Shoulder; Subluxation,2025-11-15
11/15/2025,07:00 (ET),OKC@CHA,Charlotte Hornets,"Peterson, Drew",Out,G League - Two-Way,2025-11-15
11/15/2025,07:00 (ET),OKC@CHA,Charlotte Hornets,"Salaun, Tidjane",Out,G League - On Assignment,2025-11-15
11/15/2025,07:00 (ET),OKC@CHA,Charlotte Hornets,"Simpson, KJ",Probable,Injury/Illness - Left AC Joint; Sprain,2025-11-15
11/15/2025,07:00 (ET),OKC@CHA,Charlotte Hornets,"Williams, Grant",Out,Injury/Illness - Right Knee; Surgery,2025-11-15
11/16/2025,08:00 (ET),CHI@UTA,Chicago Bulls,"Collins, Zach",Out,Injury/Illness - Left Scaphoid; Fracture,2025-11-15
11/16/2025,08:00 (ET),CHI@UTA,Chicago Bulls,"Flowers, Trentyn",Out,G League - Two-Way,2025-11-15
11/16/2025,08:00 (ET),CHI@UTA,Chicago Bulls,"Giddey, Josh",Probable,Injury/Illness - Right Ankle; Sprain,2025-11-15
11/16/2025,08:00 (ET),CHI@UTA,Chicago Bulls,"Jones, Tre",Questionable,Injury/Illness - Left Ankle; Impingement,2025-11-15
11/16/2025,08:00 (ET),CHI@UTA,Chicago Bulls,"Miller, Emanuel",Out,G League - Two-Way,2025-11-15
11/16/2025,08:00 (ET),CHI@UTA,Chicago Bulls,"Olbrich, Lachlan",Out,G League - Two-Way,2025-11-15
11/16/2025,08:00 (ET),CHI@UTA,Chicago Bulls,"White, Coby",Questionable,Injury/Illness - Right Calf; Strain,2025-11-15
11/15/2025,05:00 (ET),MEM@CLE,Cleveland Cavaliers,"Garland, Darius",Out,Injury/Illness - Left Great Toe; Injury Management,2025-11-15
11/15/2025,05:00 (ET),MEM@CLE,Cleveland Cavaliers,"Livingston, Chris",Out,G League - Two-Way,2025-11-15
11/15/2025,05:00 (ET),MEM@CLE,Cleveland Cavaliers,"Strus, Max",Out,Injury/Illness - Left Foot; Surgery - Jones Fracture,2025-11-15
11/15/2025,05:00 (ET),MEM@CLE,Cleveland Cavaliers,"Travers, Luke",Out,G League - Two-Way,2025-11-15
11/15/2025,05:00 (ET),MEM@CLE,Cleveland Cavaliers,"Tyson, Jaylon",Out,Injury/Illness - Head; Concussion,2025-11-15
11/16/2025,07:30 (ET),POR@DAL,Dallas Mavericks,,,NOT YET SUBMITTED,2025-11-15
11/15/2025,08:00 (ET),DEN@MIN,Denver Nuggets,"Bates, Tamar",Out,G League - Two-Way,2025-11-15
11/15/2025,08:00 (ET),DEN@MIN,Denver Nuggets,"Braun, Christian",Out,Injury/Illness - Left Ankle; Sprain,2025-11-15
11/15/2025,08:00 (ET),DEN@MIN,Denver Nuggets,"Holmes II, DaRon",Out,G League - On Assignment,2025-11-15
11/15/2025,08:00 (ET),DEN@MIN,Denver Nuggets,"Johnson, Cameron",Out,Injury/Illness - Right Biceps; Strain,2025-11-15
11/15/2025,08:00 (ET),DEN@MIN,Denver Nuggets,"Jokic, Nikola",Questionable,Injury/Illness - Left Wrist; Sprain,2025-11-15
11/15/2025,08:00 (ET),DEN@MIN,Denver Nuggets,"Jones, Curtis",Out,G League - Two-Way,2025-11-15
11/16/2025,07:00 (ET),GSW@NOP,Golden State Warriors,"Kuminga, Jonathan",Out,Injury/Illness - Bilateral Knee; Patellar Tendonitis,2025-11-15
11/16/2025,07:00 (ET),GSW@NOP,Golden State Warriors,"Melton, De'Anthony",Out,Injury/Illness - Left ACL; Surgery,2025-11-15
11/16/2025,07:00 (ET),ORL@HOU,Houston Rockets,"Crawford, Isaiah",Out,G League - Two-Way,2025-11-15
11/16/2025,07:00 (ET),ORL@HOU,Houston Rockets,"Eason, Tari",Out,Injury/Illness - Right Oblique; Strain,2025-11-15
11/16/2025,07:00 (ET),ORL@HOU,Houston Rockets,"Finney-Smith, Dorian",Out,Injury/Illness - Left Ankle; Surgery,2025-11-15
11/16/2025,07:00 (ET),ORL@HOU,Houston Rockets,"Harris, Kevon",Out,G League - Two-Way,2025-11-15
11/16/2025,07:00 (ET),ORL@HOU,Houston Rockets,"VanVleet, Fred",Out,Injury/Illness - Right Knee; ACL Repair,2025-11-15
11/15/2025,07:00 (ET),TOR@IND,Indiana Pacers,"Furphy, Johnny",Out,Injury/Illness - Left Ankle; Sprain,2025-11-15
11/15/2025,07:00 (ET),TOR@IND,Indiana Pacers,"Haliburton, Tyrese",Out,Injury/Illness - Right Achilles Tendon; Torn,2025-11-15
11/15/2025,07:00 (ET),TOR@IND,Indiana Pacers,"Jackson, Quenton",Out,Injury/Illness - Right Hamstring; Strain,2025-11-15
11/15/2025,07:00 (ET),TOR@IND,Indiana Pacers,"Jones, Kam",Out,Injury/Illness - Lower Back; Stress Reaction,2025-11-15
11/15/2025,07:00 (ET),TOR@IND,Indiana Pacers,"Mathurin, Bennedict",Out,Injury/Illness - Right Great Toe; Sprain,2025-11-15
11/15/2025,07:00 (ET),TOR@IND,Indiana Pacers,"Nesmith, Aaron",Out,Injury/Illness - Left Knee; Sprain,2025-11-15
11/15/2025,07:00 (ET),TOR@IND,Indiana Pacers,"Toppin, Obi",Out,Injury/Illness - Right Foot; Stress Fracture,2025-11-15
11/16/2025,03:30 (ET),LAC@BOS,LA Clippers,"Beal, Bradley",Out,Injury/Illness - Left Hip; Fracture,2025-11-15
11/16/2025,03:30 (ET),LAC@BOS,LA Clippers,"Leonard, Kawhi",Out,Injury/Illness - Right Ankle; Sprain,2025-11-15
11/16/2025,03:30 (ET),LAC@BOS,LA Clippers,"Telfort, Jahmyl",Out,G League - Two-Way,2025-11-15
11/15/2025,08:00 (ET),LAL@MIL,Los Angeles Lakers,"Hachimura, Rui",Out,Injury/Illness - Left Calf; Soreness,2025-11-15
11/15/2025,08:00 (ET),LAL@MIL,Los Angeles Lakers,"James, LeBron",Out,Injury/Illness - Right Sciatica; -,2025-11-15
11/15/2025,08:00 (ET),LAL@MIL,Los Angeles Lakers,"Smart, Marcus",Questionable,Injury/Illness - Viral Illness; -,2025-11-15
11/15/2025,08:00 (ET),LAL@MIL,Los Angeles Lakers,"Vincent, Gabe",Out,Injury/Illness - Left Ankle; Sprain,2025-11-15
11/15/2025,05:00 (ET),MEM@CLE,Memphis Grizzlies,"Clarke, Brandon",Out,Injury/Illness - Right Knee; Surgery Recovery,2025-11-15
11/15/2025,05:00 (ET),MEM@CLE,Memphis Grizzlies,"Coward, Cedric",Available,Injury/Illness - Right Foot; Soreness,2025-11-15
11/15/2025,05:00 (ET),MEM@CLE,Memphis Grizzlies,"Edey, Zach",Available,Injury/Illness - Left Ankle; Surgery Recovery,2025-11-15
11/15/2025,05:00 (ET),MEM@CLE,Memphis Grizzlies,"Jerome, Ty",Out,Injury/Illness - Right Calf; Strain,2025-11-15
11/15/2025,05:00 (ET),MEM@CLE,Memphis Grizzlies,"Pippen Jr., Scotty",Out,Injury/Illness - Left Great Toe; Surgery Recovery,2025-11-15
11/15/2025,05:00 (ET),MEM@CLE,Memphis Grizzlies,"Prosper, Olivier-Maxence",Out,Injury/Illness - Left Quad; Contusion,2025-11-15
11/15/2025,05:00 (ET),MEM@CLE,Memphis Grizzlies,"Small, Javon",Out,Injury/Illness - Left Toe; Turf Toe,2025-11-15
11/15/2025,08:00 (ET),LAL@MIL,Milwaukee Bucks,"Antetokounmpo, Alex",Out,G League - Two-Way,2025-11-15
11/15/2025,08:00 (ET),LAL@MIL,Milwaukee Bucks,"Antetokounmpo, Giannis",Probable,Injury/Illness - Left Knee; Patellar Tendinopathy,2025-11-15
11/15/2025,08:00 (ET),LAL@MIL,Milwaukee Bucks,"Nance, Pete",Out,G League - Two-Way,2025-11-15
11/15/2025,08:00 (ET),LAL@MIL,Milwaukee Bucks,"Porter Jr., Kevin",Out,Injury/Illness - Right Knee; Meniscus Surgery,2025-11-15
11/15/2025,08:00 (ET),LAL@MIL,Milwaukee Bucks,"Prince, Taurean",Out,Injury/Illness - Neck; Surgery,2025-11-15
11/15/2025,08:00 (ET),DEN@MIN,Minnesota Timberwolves,"DiVincenzo, Donte",Available,Injury/Illness - Face; Face Mask,2025-11-15
11/15/2025,08:00 (ET),DEN@MIN,Minnesota Timberwolves,"Freeman, Enrique",Out,G League - Two-Way,2025-11-15
11/15/2025,08:00 (ET),DEN@MIN,Minnesota Timberwolves,"Shannon Jr., Terrence",Out,Injury/Illness - Left Fifth Metatarsal; Bone Bruise,2025-11-15
11/15/2025,08:00 (ET),DEN@MIN,Minnesota Timberwolves,"Zikarsky, Rocco",Out,G League - Two-Way,2025-11-15
11/16/2025,07:00 (ET),GSW@NOP,New Orleans Pelicans,"Alexander, Trey",Out,G League - Two-Way,2025-11-15
11/16/2025,07:00 (ET),GSW@NOP,New Orleans Pelicans,"Dickinson, Hunter",Out,G League - Two-Way,2025-11-15
11/16/2025,07:00 (ET),GSW@NOP,New Orleans Pelicans,"Murray, Dejounte",Out,Injury/Illness - Right Achilles; Rupture,2025-11-15
11/16/2025,07:00 (ET),GSW@NOP,New Orleans Pelicans,"Poole, Jordan",Out,Injury/Illness - Left Quad; Strain,2025-11-15
11/16/2025,07:00 (ET),GSW@NOP,New Orleans Pelicans,"Williamson, Zion",Questionable,Injury/Illness - Left Hamstring; Strain,2025-11-15
11/15/2025,07:00 (ET),OKC@CHA,Oklahoma City Thunder,"Dort, Luguentz",Available,-,2025-11-15
11/15/2025,07:00 (ET),OKC@CHA,Oklahoma City Thunder,"Sorber, Thomas",Out,Injury/Illness - Right ACL; Surgical Recovery,2025-11-15
11/15/2025,07:00 (ET),OKC@CHA,Oklahoma City Thunder,"Topic, Nikola",Out,Injury/Illness - N/a; Surgical Recovery,2025-11-15
11/15/2025,07:00 (ET),OKC@CHA,Oklahoma City Thunder,"Wiggins, Aaron",Out,Injury/Illness - Left Adductor; Strain,2025-11-15
11/15/2025,07:00 (ET),OKC@CHA,Oklahoma City Thunder,"Williams, Jalen",Out,Injury/Illness - Right Wrist; Surgical Recovery,2025-11-15
11/15/2025,07:00 (ET),OKC@CHA,Oklahoma City Thunder,"Williams, Jaylin",Out,Injury/Illness - Left Shoulder; Soreness,2025-11-15
11/15/2025,07:00 (ET),OKC@CHA,Oklahoma City Thunder,"Williams, Kenrich",Out,Injury/Illness - Left Knee; Surgical Recovery,2025-11-15
11/16/2025,07:00 (ET),ORL@HOU,Orlando Magic,"Banchero, Paolo",Out,Injury/Illness - Left Groin; Strain,2025-11-15
11/16/2025,07:00 (ET),ORL@HOU,Orlando Magic,"Castleton, Colin",Out,G League - Two-Way,2025-11-15
11/16/2025,07:00 (ET),ORL@HOU,Orlando Magic,"Wagner, Franz",Available,Injury/Illness - N/A; Face mask,2025-11-15
11/16/2025,07:00 (ET),ORL@HOU,Orlando Magic,"Wagner, Moritz",Out,Injury/Illness - Left Knee; Injury recovery,2025-11-15
11/16/2025,08:00 (ET),ATL@PHX,Phoenix Suns,,,NOT YET SUBMITTED,2025-11-15
11/16/2025,07:30 (ET),POR@DAL,Portland Trail Blazers,,,NOT YET SUBMITTED,2025-11-15
11/16/2025,04:00 (ET),SAC@SAS,Sacramento Kings,,,NOT YET SUBMITTED,2025-11-15
11/16/2025,04:00 (ET),SAC@SAS,San Antonio Spurs,,,NOT YET SUBMITTED,2025-11-15
11/15/2025,07:00 (ET),TOR@IND,Toronto Raptors,"Agbaji, Ochai",Questionable,Injury/Illness - Lumbar; Strain,2025-11-15
11/15/2025,07:00 (ET),TOR@IND,Toronto Raptors,"Battle, Jamison",Questionable,Injury/Illness - Right Knee; Contusion,2025-11-15
11/15/2025,07:00 (ET),TOR@IND,Toronto Raptors,"Hepburn, Chucky",Out,G League - Two-Way,2025-11-15
11/15/2025,07:00 (ET),TOR@IND,Toronto Raptors,"Lawson, A.J.",Out,G League - Two-Way,2025-11-15
11/15/2025,07:00 (ET),TOR@IND,Toronto Raptors,"Martin, Alijah",Out,G League - Two-Way,2025-11-15
11/15/2025,07:00 (ET),TOR@IND,Toronto Raptors,"Mogbo, Jonathan",Out,G League - On Assignment,2025-11-15
11/15/2025,07:00 (ET),TOR@IND,Toronto Raptors,"Murray-Boyles, Collin",Questionable,Injury/Illness - N/A; Illness,2025-11-15
11/16/2025,08:00 (ET),CHI@UTA,Utah Jazz,,,NOT YET SUBMITTED,2025-11-15
11/16/2025,06:00 (ET),BKN@WAS,Washington Wizards,"Cooper, Sharife",Out,G League - Two-Way,2025-11-15
11/16/2025,06:00 (ET),BKN@WAS,Washington Wizards,"Coulibaly, Bilal",Questionable,Injury/Illness - Left Calf; Contusion,2025-11-15
11/16/2025,06:00 (ET),BKN@WAS,Washington Wizards,"Riley, Will",Out,G League - On Assignment,2025-11-15
11/16/2025,06:00 (ET),BKN@WAS,Washington Wizards,"Watkins, Jamir",Out,G League - Two-Way,2025-11-15
11/16/2025,08:00 (ET),ATL@PHX,Atlanta Hawks,"Dante, N'Faly",Out,G League - On Assignment,2025-11-16
11/16/2025,08:00 (ET),ATL@PHX,Atlanta Hawks,"Djurisic, Nikola",Out,G League - On Assignment,2025-11-16
11/16/2025,08:00 (ET),ATL@PHX,Atlanta Hawks,"Ndiaye, Eli John",Out,G League - Two-Way,2025-11-16
11/16/2025,08:00 (ET),ATL@PHX,Atlanta Hawks,"Toppin, Jacob",Out,G League - Two-Way,2025-11-16
11/16/2025,08:00 (ET),ATL@PHX,Atlanta Hawks,"Young, Trae",Out,Injury/Illness - Right Knee MCL; Sprain,2025-11-16
11/16/2025,03:30 (ET),LAC@BOS,Boston Celtics,"Harper Jr., Ron",Out,G League - Two-Way,2025-11-16
11/16/2025,03:30 (ET),LAC@BOS,Boston Celtics,"Shulga, Max",Out,G League - Two-Way,2025-11-16
11/16/2025,03:30 (ET),LAC@BOS,Boston Celtics,"Tatum, Jayson",Out,Injury/Illness - Right Achilles; Repair,2025-11-16
11/16/2025,03:30 (ET),LAC@BOS,Boston Celtics,"Williams, Amari",Out,G League - Two-Way,2025-11-16
11/16/2025,06:00 (ET),BKN@WAS,Brooklyn Nets,"Highsmith, Haywood",Out,"Injury/Illness - Right Knee; Surgery, Injury Recovery",2025-11-16
11/16/2025,06:00 (ET),BKN@WAS,Brooklyn Nets,"Saraf, Ben",Out,G League - On Assignment,2025-11-16
11/16/2025,06:00 (ET),BKN@WAS,Brooklyn Nets,"Thomas, Cam",Out,Injury/Illness - Left Hamstring; Strain,2025-11-16
11/16/2025,06:00 (ET),BKN@WAS,Brooklyn Nets,"Traore, Nolan",Out,G League - On Assignment,2025-11-16
11/16/2025,06:00 (ET),BKN@WAS,Brooklyn Nets,"Wolf, Danny",Out,G League - On Assignment,2025-11-16
11/17/2025,07:30 (ET),CHA@TOR,Charlotte Hornets,,,NOT YET SUBMITTED,2025-11-16
11/16/2025,08:00 (ET),CHI@UTA,Chicago Bulls,"Collins, Zach",Out,Injury/Illness - Left Scaphoid; Fracture,2025-11-16
11/16/2025,08:00 (ET),CHI@UTA,Chicago Bulls,"Flowers, Trentyn",Out,G League - Two-Way,2025-11-16
11/16/2025,08:00 (ET),CHI@UTA,Chicago Bulls,"Giddey, Josh",Probable,Injury/Illness - Right Ankle; Sprain,2025-11-16
11/16/2025,08:00 (ET),CHI@UTA,Chicago Bulls,"Jones, Tre",Questionable,Injury/Illness - Left Ankle; Impingement,2025-11-16
11/16/2025,08:00 (ET),CHI@UTA,Chicago Bulls,"Miller, Emanuel",Out,G League - Two-Way,2025-11-16
11/16/2025,08:00 (ET),CHI@UTA,Chicago Bulls,"Olbrich, Lachlan",Out,G League - Two-Way,2025-11-16
11/16/2025,08:00 (ET),CHI@UTA,Chicago Bulls,"White, Coby",Questionable,Injury/Illness - Right Calf; Strain,2025-11-16
11/17/2025,09:00 (ET),CHI@DEN,Chicago Bulls,,,NOT YET SUBMITTED,2025-11-16
11/17/2025,07:00 (ET),MIL@CLE,Cleveland Cavaliers,,,NOT YET SUBMITTED,2025-11-16
11/16/2025,07:30 (ET),POR@DAL,Dallas Mavericks,"Davis, Anthony",Doubtful,Injury/Illness - Left Calf; Strain,2025-11-16
11/16/2025,07:30 (ET),POR@DAL,Dallas Mavericks,"Exum, Dante",Out,Injury/Illness - Right Knee; Injury Management,2025-11-16
11/16/2025,07:30 (ET),POR@DAL,Dallas Mavericks,"Flagg, Cooper",Available,Injury/Illness - Right Thumb; Sprain,2025-11-16
11/16/2025,07:30 (ET),POR@DAL,Dallas Mavericks,"Irving, Kyrie",Out,Injury/Illness - Left Knee; Surgery,2025-11-16
11/16/2025,07:30 (ET),POR@DAL,Dallas Mavericks,"Nembhard, Ryan",Out,Injury/Illness - Left Knee; Sprain,2025-11-16
11/16/2025,07:30 (ET),POR@DAL,Dallas Mavericks,"Washington, P.J.",Probable,Injury/Illness - Left Shoulder; Strain,2025-11-16
11/17/2025,08:00 (ET),DAL@MIN,Dallas Mavericks,,,NOT YET SUBMITTED,2025-11-16
11/17/2025,09:00 (ET),CHI@DEN,Denver Nuggets,,,NOT YET SUBMITTED,2025-11-16
11/17/2025,07:00 (ET),IND@DET,Detroit Pistons,,,NOT YET SUBMITTED,2025-11-16
11/16/2025,07:00 (ET),GSW@NOP,Golden State Warriors,"Kuminga, Jonathan",Out,Injury/Illness - Bilateral Knee; Patellar Tendonitis,2025-11-16
11/16/2025,07:00 (ET),GSW@NOP,Golden State Warriors,"Melton, De'Anthony",Out,Injury/Illness - Left ACL; Surgery,2025-11-16
11/16/2025,07:00 (ET),ORL@HOU,Houston Rockets,"Crawford, Isaiah",Out,G League - Two-Way,2025-11-16
11/16/2025,07:00 (ET),ORL@HOU,Houston Rockets,"Eason, Tari",Out,Injury/Illness - Right Oblique; Strain,2025-11-16
11/16/2025,07:00 (ET),ORL@HOU,Houston Rockets,"Finney-Smith, Dorian",Out,Injury/Illness - Left Ankle; Surgery,2025-11-16
11/16/2025,07:00 (ET),ORL@HOU,Houston Rockets,"Harris, Kevon",Out,G League - Two-Way,2025-11-16
11/16/2025,07:00 (ET),ORL@HOU,Houston Rockets,"VanVleet, Fred",Out,Injury/Illness - Right Knee; ACL Repair,2025-11-16
11/17/2025,07:00 (ET),IND@DET,Indiana Pacers,,,NOT YET SUBMITTED,2025-11-16
11/16/2025,03:30 (ET),LAC@BOS,LA Clippers,"Beal, Bradley",Out,Injury/Illness - Left Hip; Fracture,2025-11-16
11/16/2025,03:30 (ET),LAC@BOS,LA Clippers,"Leonard, Kawhi",Out,Injury/Illness - Right Ankle; Sprain,2025-11-16
11/16/2025,03:30 (ET),LAC@BOS,LA Clippers,"Telfort, Jahmyl",Out,G League - Two-Way,2025-11-16
11/17/2025,07:00 (ET),LAC@PHI,LA Clippers,,,NOT YET SUBMITTED,2025-11-16
11/17/2025,07:30 (ET),NYK@MIA,Miami Heat,,,NOT YET SUBMITTED,2025-11-16
11/17/2025,07:00 (ET),MIL@CLE,Milwaukee Bucks,,,NOT YET SUBMITTED,2025-11-16
11/17/2025,08:00 (ET),DAL@MIN,Minnesota Timberwolves,,,NOT YET SUBMITTED,2025-11-16
11/16/2025,07:00 (ET),GSW@NOP,New Orleans Pelicans,"Alexander, Trey",Out,G League - Two-Way,2025-11-16
11/16/2025,07:00 (ET),GSW@NOP,New Orleans Pelicans,"Dickinson, Hunter",Out,G League - Two-Way,2025-11-16
11/16/2025,07:00 (ET),GSW@NOP,New Orleans Pelicans,"Murray, Dejounte",Out,Injury/Illness - Right Achilles; Rupture,2025-11-16
11/16/2025,07:00 (ET),GSW@NOP,New Orleans Pelicans,"Poole, Jordan",Out,Injury/Illness - Left Quad; Strain,2025-11-16
11/16/2025,07:00 (ET),GSW@NOP,New Orleans Pelicans,"Williamson, Zion",Questionable,Injury/Illness - Left Hamstring; Strain,2025-11-16
11/17/2025,08:00 (ET),OKC@NOP,New Orleans Pelicans,,,NOT YET SUBMITTED,2025-11-16
11/17/2025,07:30 (ET),NYK@MIA,New York Knicks,,,NOT YET SUBMITTED,2025-11-16
11/17/2025,08:00 (ET),OKC@NOP,Oklahoma City Thunder,,,NOT YET SUBMITTED,2025-11-16
11/16/2025,07:00 (ET),ORL@HOU,Orlando Magic,"Banchero, Paolo",Out,Injury/Illness - Left Groin; Strain,2025-11-16
11/16/2025,07:00 (ET),ORL@HOU,Orlando Magic,"Castleton, Colin",Out,G League - Two-Way,2025-11-16
11/16/2025,07:00 (ET),ORL@HOU,Orlando Magic,"Suggs, Jalen",Out,Injury/Illness - Right Groin; Sore,2025-11-16
11/16/2025,07:00 (ET),ORL@HOU,Orlando Magic,"Wagner, Franz",Available,Injury/Illness - N/A; Face mask,2025-11-16
11/16/2025,07:00 (ET),ORL@HOU,Orlando Magic,"Wagner, Moritz",Out,Injury/Illness - Left Knee; Injury recovery,2025-11-16
11/17/2025,07:00 (ET),LAC@PHI,Philadelphia 76ers,,,NOT YET SUBMITTED,2025-11-16
11/16/2025,08:00 (ET),ATL@PHX,Phoenix Suns,"Allen, Grayson",Out,Injury/Illness - Right Quadriceps; Contusion,2025-11-16
11/16/2025,08:00 (ET),ATL@PHX,Phoenix Suns,"Green, Jalen",Out,Injury/Illness - Right Hamstring; Strain,2025-11-16
11/16/2025,07:30 (ET),POR@DAL,Portland Trail Blazers,"Cooke, Javonte",Out,G League - Two-Way,2025-11-16
11/16/2025,07:30 (ET),POR@DAL,Portland Trail Blazers,"Henderson, Scoot",Out,Injury/Illness - Left Hamstring; Tear,2025-11-16
11/16/2025,07:30 (ET),POR@DAL,Portland Trail Blazers,"Lillard, Damian",Out,Injury/Illness - Left Achilles Tendon; Injury Management,2025-11-16
11/16/2025,07:30 (ET),POR@DAL,Portland Trail Blazers,"Thybulle, Matisse",Out,Injury/Illness - Left Thumb; Ligaments Tear,2025-11-16
11/16/2025,07:30 (ET),POR@DAL,Portland Trail Blazers,"Wesley, Blake",Out,Injury/Illness - Right Foot; Fracture,2025-11-16
11/16/2025,07:30 (ET),POR@DAL,Portland Trail Blazers,"Yang, Hansen",Out,G League - On Assignment,2025-11-16
11/16/2025,04:00 (ET),SAC@SAS,Sacramento Kings,"Achiuwa, Precious",Questionable,Injury/Illness - N/a; Illness,2025-11-16
11/16/2025,04:00 (ET),SAC@SAS,Sacramento Kings,"Cardwell, Dylan",Out,G League - Two-Way,2025-11-16
11/16/2025,04:00 (ET),SAC@SAS,Sacramento Kings,"Murray, Keegan",Out,Injury/Illness - Left Thumb; UCL Injury Recovery,2025-11-16
11/16/2025,04:00 (ET),SAC@SAS,Sacramento Kings,"Plowden, Daeqwon",Out,G League - Two-Way,2025-11-16
11/16/2025,04:00 (ET),SAC@SAS,Sacramento Kings,"Sabonis, Domantas",Questionable,Injury/Illness - Left Ribcage; Contusion,2025-11-16
11/16/2025,04:00 (ET),SAC@SAS,Sacramento Kings,"Stevens, Isaiah",Out,G League - Two-Way,2025-11-16
11/16/2025,04:00 (ET),SAC@SAS,San Antonio Spurs,"Harper, Dylan",Out,Injury/Illness - Left Calf; Strain,2025-11-16
11/16/2025,04:00 (ET),SAC@SAS,San Antonio Spurs,"Jones Garcia, David",Out,G League - Two-Way,2025-11-16
11/16/2025,04:00 (ET),SAC@SAS,San Antonio Spurs,"Minix, Riley",Out,G League - Two-Way,2025-11-16
11/16/2025,04:00 (ET),SAC@SAS,San Antonio Spurs,"Wembanyama, Victor",Questionable,Injury/Illness - Left Calf; Tightness,2025-11-16
11/17/2025,07:30 (ET),CHA@TOR,Toronto Raptors,,,NOT YET SUBMITTED,2025-11-16
11/16/2025,08:00 (ET),CHI@UTA,Utah Jazz,"Anderson, Kyle",Questionable,Injury/Illness - Right Low Back; Injury Management,2025-11-16
11/16/2025,08:00 (ET),CHI@UTA,Utah Jazz,"Hendricks, Taylor",Out,Injury/Illness - Right Hamstring; Strain,2025-11-16
11/16/2025,08:00 (ET),CHI@UTA,Utah Jazz,"Kessler, Walker",Out,Injury/Illness - Left Shoulder; Injury Recovery,2025-11-16
11/16/2025,08:00 (ET),CHI@UTA,Utah Jazz,"Niang, Georges",Out,Injury/Illness - Left Foot; Fourth Metatarsal Stress Reaction,2025-11-16
11/16/2025,08:00 (ET),CHI@UTA,Utah Jazz,"Tonje, John",Out,G League - Two-Way,2025-11-16
11/16/2025,08:00 (ET),CHI@UTA,Utah Jazz,"Tshiebwe, Oscar",Out,G League - Two-Way,2025-11-16
11/16/2025,06:00 (ET),BKN@WAS,Washington Wizards,"Cooper, Sharife",Out,G League - Two-Way,2025-11-16
11/16/2025,06:00 (ET),BKN@WAS,Washington Wizards,"Coulibaly, Bilal",Questionable,Injury/Illness - Left Calf; Contusion,2025-11-16
11/16/2025,06:00 (ET),BKN@WAS,Washington Wizards,"Riley, Will",Out,G League - On Assignment,2025-11-16
11/16/2025,06:00 (ET),BKN@WAS,Washington Wizards,"Watkins, Jamir",Out,G League - Two-Way,2025-11-16
11/18/2025,07:30 (ET),DET@ATL,Atlanta Hawks,"Dante, N'Faly",Questionable,G League - On Assignment,2025-11-17
11/18/2025,07:30 (ET),DET@ATL,Atlanta Hawks,"Djurisic, Nikola",Questionable,G League - On Assignment,2025-11-17
11/18/2025,07:30 (ET),DET@ATL,Atlanta Hawks,"Ndiaye, Eli John",Questionable,G League - Two-Way,2025-11-17
11/18/2025,07:30 (ET),DET@ATL,Atlanta Hawks,"Okongwu, Onyeka",Questionable,Injury/Illness - Right Knee; Contusion,2025-11-17
11/18/2025,07:30 (ET),DET@ATL,Atlanta Hawks,"Porzingis, Kristaps",Questionable,Injury/Illness - Right Knee; Soreness,2025-11-17
11/18/2025,07:30 (ET),DET@ATL,Atlanta Hawks,"Risacher, Zaccharie",Questionable,Injury/Illness - Left Hip; Contusion,2025-11-17
11/18/2025,07:30 (ET),DET@ATL,Atlanta Hawks,"Toppin, Jacob",Questionable,G League - Two-Way,2025-11-17
11/18/2025,07:30 (ET),DET@ATL,Atlanta Hawks,"Young, Trae",Out,Injury/Illness - Right Knee; MCL Sprain,2025-11-17
11/18/2025,07:30 (ET),BOS@BKN,Boston Celtics,"Shulga, Max",Out,G League - Two-Way,2025-11-17
11/18/2025,07:30 (ET),BOS@BKN,Boston Celtics,"Tatum, Jayson",Out,Injury/Illness - Right Achilles; Repair,2025-11-17
11/18/2025,07:30 (ET),BOS@BKN,Boston Celtics,"Williams, Amari",Out,G League - Two-Way,2025-11-17
11/18/2025,07:30 (ET),BOS@BKN,Brooklyn Nets,"Highsmith, Haywood",Out,"Injury/Illness - Right Knee; Surgery, Injury Recovery",2025-11-17
11/18/2025,07:30 (ET),BOS@BKN,Brooklyn Nets,"Saraf, Ben",Out,Injury/Illness - Left Ankle; Sprain,2025-11-17
11/18/2025,07:30 (ET),BOS@BKN,Brooklyn Nets,"Thomas, Cam",Out,Injury/Illness - Left Hamstring; Strain,2025-11-17
11/17/2025,07:30 (ET),CHA@TOR,Charlotte Hornets,"Green, Josh",Out,Injury/Illness - Left Shoulder; Shoulder,2025-11-17
11/17/2025,07:30 (ET),CHA@TOR,Charlotte Hornets,"McNeeley, Liam",Out,Injury/Illness - N/A; Illness,2025-11-17
11/17/2025,07:30 (ET),CHA@TOR,Charlotte Hornets,"Miller, Brandon",Out,Injury/Illness - Left Shoulder; Subluxation,2025-11-17
11/17/2025,07:30 (ET),CHA@TOR,Charlotte Hornets,"Salaun, Tidjane",Out,G League - On Assignment,2025-11-17
11/17/2025,07:30 (ET),CHA@TOR,Charlotte Hornets,"Williams, Grant",Out,Injury/Illness - Right Knee; Surgery,2025-11-17
11/17/2025,09:00 (ET),CHI@DEN,Chicago Bulls,"Collins, Zach",Out,Injury/Illness - Left Scaphoid; Fracture,2025-11-17
11/17/2025,09:00 (ET),CHI@DEN,Chicago Bulls,"Dosunmu, Ayo",Probable,Injury/Illness - Left Hamstring; Tightness,2025-11-17
11/17/2025,09:00 (ET),CHI@DEN,Chicago Bulls,"Flowers, Trentyn",Out,G League - Two-Way,2025-11-17
11/17/2025,09:00 (ET),CHI@DEN,Chicago Bulls,"Jones, Tre",Doubtful,Injury/Illness - Left Ankle; Impingement,2025-11-17
11/17/2025,09:00 (ET),CHI@DEN,Chicago Bulls,"Miller, Emanuel",Out,G League - Two-Way,2025-11-17
11/17/2025,09:00 (ET),CHI@DEN,Chicago Bulls,"Olbrich, Lachlan",Out,G League - Two-Way,2025-11-17
11/17/2025,09:00 (ET),CHI@DEN,Chicago Bulls,"White, Coby",Out,Injury/Illness - Right Calf; Strain; Return To Competition Management,2025-11-17
11/17/2025,07:00 (ET),MIL@CLE,Cleveland Cavaliers,"Garland, Darius",Out,Injury/Illness - Left Great Toe; Injury Management,2025-11-17
11/17/2025,07:00 (ET),MIL@CLE,Cleveland Cavaliers,"Livingston, Chris",Out,G League - Two-Way,2025-11-17
11/17/2025,07:00 (ET),MIL@CLE,Cleveland Cavaliers,"Strus, Max",Out,Injury/Illness - Left Foot; Surgery - Jones Fracture,2025-11-17
11/17/2025,07:00 (ET),MIL@CLE,Cleveland Cavaliers,"Travers, Luke",Out,G League - Two-Way,2025-11-17
11/17/2025,07:00 (ET),MIL@CLE,Cleveland Cavaliers,"Tyson, Jaylon",Out,Injury/Illness - Head; Concussion,2025-11-17
11/17/2025,08:00 (ET),DAL@MIN,Dallas Mavericks,"Davis, Anthony",Out,Injury/Illness - Left Calf; Strain,2025-11-17
11/17/2025,08:00 (ET),DAL@MIN,Dallas Mavericks,"Exum, Dante",Out,Injury/Illness - Right Knee; Injury Management,2025-11-17
11/17/2025,08:00 (ET),DAL@MIN,Dallas Mavericks,"Flagg, Cooper",Available,Injury/Illness - Right Thumb; Sprain,2025-11-17
11/17/2025,08:00 (ET),DAL@MIN,Dallas Mavericks,"Gafford, Daniel",Out,Injury/Illness - Right Ankle; Injury Management,2025-11-17
11/17/2025,08:00 (ET),DAL@MIN,Dallas Mavericks,"Irving, Kyrie",Out,Injury/Illness - Left Knee; Surgery,2025-11-17
11/17/2025,08:00 (ET),DAL@MIN,Dallas Mavericks,"Lively II, Dereck",Out,Injury/Illness - Right Knee; Injury Management,2025-11-17
11/17/2025,08:00 (ET),DAL@MIN,Dallas Mavericks,"Nembhard, Ryan",Out,Injury/Illness - Left Knee; Sprain,2025-11-17
11/17/2025,09:00 (ET),CHI@DEN,Denver Nuggets,"Bates, Tamar",Out,G League - Two-Way,2025-11-17
11/17/2025,09:00 (ET),CHI@DEN,Denver Nuggets,"Braun, Christian",Out,Injury/Illness - Left Ankle; Sprain,2025-11-17
11/17/2025,09:00 (ET),CHI@DEN,Denver Nuggets,"Holmes II, DaRon",Out,G League - On Assignment,2025-11-17
11/17/2025,09:00 (ET),CHI@DEN,Denver Nuggets,"Johnson, Cameron",Questionable,Injury/Illness - Right Biceps; Strain,2025-11-17
11/17/2025,09:00 (ET),CHI@DEN,Denver Nuggets,"Jokic, Nikola",Probable,Injury/Illness - Left Wrist; Sprain,2025-11-17
11/17/2025,09:00 (ET),CHI@DEN,Denver Nuggets,"Jones, Curtis",Out,G League - Two-Way,2025-11-17
11/17/2025,09:00 (ET),CHI@DEN,Denver Nuggets,"Strawther, Julian",Questionable,Injury/Illness - Low Back; Pain,2025-11-17
11/17/2025,07:00 (ET),IND@DET,Detroit Pistons,"Cunningham, Cade",Questionable,Injury/Illness - Left Hip; Contusion,2025-11-17
11/17/2025,07:00 (ET),IND@DET,Detroit Pistons,"Duren, Jalen",Probable,Injury/Illness - Right Ankle; Sprain,2025-11-17
11/17/2025,07:00 (ET),IND@DET,Detroit Pistons,"Harris, Tobias",Out,Injury/Illness - Right Ankle; Sprain,2025-11-17
11/17/2025,07:00 (ET),IND@DET,Detroit Pistons,"Ivey, Jaden",Out,Injury/Illness - Right Knee; Arthroscopy,2025-11-17
11/17/2025,07:00 (ET),IND@DET,Detroit Pistons,"Klintman, Bobi",Out,Injury/Illness - Left Ankle; Sprain,2025-11-17
11/17/2025,07:00 (ET),IND@DET,Detroit Pistons,"Sasser, Marcus",Out,Injury/Illness - Right Hip; Impingement,2025-11-17
11/17/2025,07:00 (ET),IND@DET,Detroit Pistons,"Thompson, Ausar",Questionable,Injury/Illness - Right Ankle; Sprain,2025-11-17
11/18/2025,07:30 (ET),DET@ATL,Detroit Pistons,,,NOT YET SUBMITTED,2025-11-17
11/18/2025,07:00 (ET),GSW@ORL,Golden State Warriors,"Kuminga, Jonathan",Out,Injury/Illness - Bilateral Knee; Patellar Tendonitis,2025-11-17
11/18/2025,07:00 (ET),GSW@ORL,Golden State Warriors,"Melton, De'Anthony",Out,Injury/Illness - Left ACL; Surgery,2025-11-17
11/17/2025,07:00 (ET),IND@DET,Indiana Pacers,"Furphy, Johnny",Out,Injury/Illness - Left Ankle; Sprain,2025-11-17
11/17/2025,07:00 (ET),IND@DET,Indiana Pacers,"Haliburton, Tyrese",Out,Injury/Illness - Right Achilles Tendon; Torn,2025-11-17
11/17/2025,07:00 (ET),IND@DET,Indiana Pacers,"Jackson, Quenton",Out,Injury/Illness - Right Hamstring; Strain,2025-11-17
11/17/2025,07:00 (ET),IND@DET,Indiana Pacers,"Jones, Kam",Out,Injury/Illness - Lower Back; Stress Reaction,2025-11-17
11/17/2025,07:00 (ET),IND@DET,Indiana Pacers,"Mathurin, Bennedict",Questionable,Injury/Illness - Right Great Toe; Sprain,2025-11-17
11/17/2025,07:00 (ET),IND@DET,Indiana Pacers,"Nesmith, Aaron",Out,Injury/Illness - Left MCL; Sprain,2025-11-17
11/17/2025,07:00 (ET),IND@DET,Indiana Pacers,"Toppin, Obi",Out,Injury/Illness - Right Foot; Stress Fracture,2025-11-17
11/17/2025,07:00 (ET),LAC@PHI,LA Clippers,"Beal, Bradley",Out,Injury/Illness - Left Hip; Fracture,2025-11-17
11/17/2025,07:00 (ET),LAC@PHI,LA Clippers,"Bogdanovic, Bogdan",Questionable,Injury/Illness - Left Hip; Soreness,2025-11-17
11/17/2025,07:00 (ET),LAC@PHI,LA Clippers,"Jones Jr., Derrick",Out,Injury/Illness - Right Knee; Soreness,2025-11-17
11/17/2025,07:00 (ET),LAC@PHI,LA Clippers,"Leonard, Kawhi",Out,Injury/Illness - Right Ankle; Sprain,2025-11-17
11/17/2025,07:00 (ET),LAC@PHI,LA Clippers,"Miller, Jordan",Out,Injury/Illness - Left Hamstring; Soreness,2025-11-17
11/18/2025,10:30 (ET),UTA@LAL,Los Angeles Lakers,,,NOT YET SUBMITTED,2025-11-17
11/18/2025,08:00 (ET),MEM@SAS,Memphis Grizzlies,,,NOT YET SUBMITTED,2025-11-17
11/17/2025,07:30 (ET),NYK@MIA,Miami Heat,"Adebayo, Bam",Out,Injury/Illness - Left Big Toe; Sprain,2025-11-17
11/17/2025,07:30 (ET),NYK@MIA,Miami Heat,"Gardner, Myron",Out,G League - Two-Way,2025-11-17
11/17/2025,07:30 (ET),NYK@MIA,Miami Heat,"Herro, Tyler",Out,Injury/Illness - Left Ankle; Surgery,2025-11-17
11/17/2025,07:30 (ET),NYK@MIA,Miami Heat,"Jakucionis, Kasparas",Out,G League - On Assignment,2025-11-17
11/17/2025,07:30 (ET),NYK@MIA,Miami Heat,"Rozier, Terry",Out,Not With Team,2025-11-17
11/17/2025,07:30 (ET),NYK@MIA,Miami Heat,"Smith, Dru",Available,Injury/Illness - Right Knee; Contusion,2025-11-17
11/17/2025,07:00 (ET),MIL@CLE,Milwaukee Bucks,"Antetokounmpo, Alex",Out,G League - Two-Way,2025-11-17
11/17/2025,07:00 (ET),MIL@CLE,Milwaukee Bucks,"Antetokounmpo, Giannis",Probable,Injury/Illness - Left Knee; Patellar Tendinopathy,2025-11-17
11/17/2025,07:00 (ET),MIL@CLE,Milwaukee Bucks,"Porter Jr., Kevin",Out,Injury/Illness - Right Knee; Meniscus Surgery,2025-11-17
11/17/2025,07:00 (ET),MIL@CLE,Milwaukee Bucks,"Prince, Taurean",Out,Injury/Illness - Neck; Surgery,2025-11-17
11/17/2025,08:00 (ET),DAL@MIN,Minnesota Timberwolves,"DiVincenzo, Donte",Available,Injury/Illness - Face; Face Mask,2025-11-17
11/17/2025,08:00 (ET),DAL@MIN,Minnesota Timberwolves,"Freeman, Enrique",Out,G League - Two-Way,2025-11-17
11/17/2025,08:00 (ET),DAL@MIN,Minnesota Timberwolves,"Shannon Jr., Terrence",Out,Injury/Illness - Left Fifth Metatarsal; Bone Bruise,2025-11-17
11/17/2025,08:00 (ET),DAL@MIN,Minnesota Timberwolves,"Zikarsky, Rocco",Out,G League - Two-Way,2025-11-17
11/17/2025,08:00 (ET),OKC@NOP,New Orleans Pelicans,"Alexander, Trey",Out,G League - Two-Way,2025-11-17
11/17/2025,08:00 (ET),OKC@NOP,New Orleans Pelicans,"Dickinson, Hunter",Out,G League - Two-Way,2025-11-17
11/17/2025,08:00 (ET),OKC@NOP,New Orleans Pelicans,"Murray, Dejounte",Out,Injury/Illness - Right Achilles; Rupture,2025-11-17
11/17/2025,08:00 (ET),OKC@NOP,New Orleans Pelicans,"Poole, Jordan",Out,Injury/Illness - Left Quad; Strain,2025-11-17
11/17/2025,08:00 (ET),OKC@NOP,New Orleans Pelicans,"Williamson, Zion",Questionable,Injury/Illness - Left Hamstring; Strain,2025-11-17
11/17/2025,07:30 (ET),NYK@MIA,New York Knicks,"Anunoby, OG",Out,Injury/Illness - Left Hamstring; Strained,2025-11-17
11/17/2025,07:30 (ET),NYK@MIA,New York Knicks,"Brunson, Jalen",Out,Injury/Illness - Right Ankle; Sprained,2025-11-17
11/17/2025,07:30 (ET),NYK@MIA,New York Knicks,"McBride, Miles",Available,Personal Reasons,2025-11-17
11/17/2025,08:00 (ET),OKC@NOP,Oklahoma City Thunder,"Caruso, Alex",Available,-,2025-11-17
11/17/2025,08:00 (ET),OKC@NOP,Oklahoma City Thunder,"Sorber, Thomas",Out,Injury/Illness - Right ACL; Surgical Recovery,2025-11-17
11/17/2025,08:00 (ET),OKC@NOP,Oklahoma City Thunder,"Topic, Nikola",Out,Injury/Illness - N/a; Surgical Recovery,2025-11-17
11/17/2025,08:00 (ET),OKC@NOP,Oklahoma City Thunder,"Wiggins, Aaron",Out,Injury/Illness - Left Adductor; Strain,2025-11-17
11/17/2025,08:00 (ET),OKC@NOP,Oklahoma City Thunder,"Williams, Jalen",Out,Injury/Illness - Right Wrist; Surgical Recovery,2025-11-17
11/17/2025,08:00 (ET),OKC@NOP,Oklahoma City Thunder,"Williams, Kenrich",Out,Injury/Illness - Left Knee; Surgical Recovery,2025-11-17
11/18/2025,07:00 (ET),GSW@ORL,Orlando Magic,"Banchero, Paolo",Out,Injury/Illness - Left Groin; Strain,2025-11-17
11/18/2025,07:00 (ET),GSW@ORL,Orlando Magic,"Cain, Jamal",Out,G League - Two-Way,2025-11-17
11/18/2025,07:00 (ET),GSW@ORL,Orlando Magic,"Castleton, Colin",Out,G League - Two-Way,2025-11-17
11/18/2025,07:00 (ET),GSW@ORL,Orlando Magic,"Robinson, Orlando",Out,G League - Two-Way,2025-11-17
11/18/2025,07:00 (ET),GSW@ORL,Orlando Magic,"Suggs, Jalen",Questionable,Injury/Illness - Right Groin; Sore,2025-11-17
11/18/2025,07:00 (ET),GSW@ORL,Orlando Magic,"Wagner, Franz",Available,Injury/Illness - N/A; Face mask,2025-11-17
11/18/2025,07:00 (ET),GSW@ORL,Orlando Magic,"Wagner, Moritz",Out,Injury/Illness - Left Knee; Injury recovery,2025-11-17
11/17/2025,07:00 (ET),LAC@PHI,Philadelphia 76ers,"Bona, Adem",Out,Injury/Illness - Right Ankle; Sprain,2025-11-17
11/17/2025,07:00 (ET),LAC@PHI,Philadelphia 76ers,"Embiid, Joel",Out,Injury/Illness - Right Knee; Injury Management,2025-11-17
11/17/2025,07:00 (ET),LAC@PHI,Philadelphia 76ers,"George, Paul",Questionable,Injury/Illness - Left Knee; Surgery Recovery,2025-11-17
11/17/2025,07:00 (ET),LAC@PHI,Philadelphia 76ers,"McCain, Jared",Available,Injury/Illness - Right Thumb; Surgery Recovery - Splint,2025-11-17
11/17/2025,07:00 (ET),LAC@PHI,Philadelphia 76ers,"Oubre Jr., Kelly",Out,Injury/Illness - Left Knee; Sprain,2025-11-17
11/18/2025,11:00 (ET),PHX@POR,Phoenix Suns,,,NOT YET SUBMITTED,2025-11-17
11/18/2025,11:00 (ET),PHX@POR,Portland Trail Blazers,,,NOT YET SUBMITTED,2025-11-17
11/18/2025,08:00 (ET),MEM@SAS,San Antonio Spurs,,,NOT YET SUBMITTED,2025-11-17
11/17/2025,07:30 (ET),CHA@TOR,Toronto Raptors,"Agbaji, Ochai",Doubtful,Injury/Illness - Back; Lumbar - strain,2025-11-17
11/17/2025,07:30 (ET),CHA@TOR,Toronto Raptors,"Battle, Jamison",Questionable,Injury/Illness - Right Knee; Contusion,2025-11-17
11/17/2025,07:30 (ET),CHA@TOR,Toronto Raptors,"Hepburn, Chucky",Out,G League - Two-Way,2025-11-17
11/17/2025,07:30 (ET),CHA@TOR,Toronto Raptors,"Martin, Alijah",Out,G League - Two-Way,2025-11-17
11/18/2025,10:30 (ET),UTA@LAL,Utah Jazz,,,NOT YET SUBMITTED,2025-11-17
11/18/2025,07:30 (ET),DET@ATL,Atlanta Hawks,"Dante, N'Faly",Out,Coach's Decision,2025-11-18
11/18/2025,07:30 (ET),DET@ATL,Atlanta Hawks,"Djurisic, Nikola",Out,Coach's Decision,2025-11-18
11/18/2025,07:30 (ET),DET@ATL,Atlanta Hawks,"Ndiaye, Eli John",Out,G League - Two-Way,2025-11-18
11/18/2025,07:30 (ET),DET@ATL,Atlanta Hawks,"Okongwu, Onyeka",Questionable,Injury/Illness - Right Knee; Contusion,2025-11-18
11/18/2025,07:30 (ET),DET@ATL,Atlanta Hawks,"Porzingis, Kristaps",Questionable,Injury/Illness - Right Knee; Soreness,2025-11-18
11/18/2025,07:30 (ET),DET@ATL,Atlanta Hawks,"Risacher, Zaccharie",Questionable,Injury/Illness - Left Hip; Contusion,2025-11-18
11/18/2025,07:30 (ET),DET@ATL,Atlanta Hawks,"Toppin, Jacob",Available,-,2025-11-18
11/18/2025,07:30 (ET),DET@ATL,Atlanta Hawks,"Young, Trae",Out,Injury/Illness - Right Knee; MCL Sprain,2025-11-18
11/18/2025,07:30 (ET),BOS@BKN,Boston Celtics,"Shulga, Max",Out,G League - Two-Way,2025-11-18
11/18/2025,07:30 (ET),BOS@BKN,Boston Celtics,"Tatum, Jayson",Out,Injury/Illness - Right Achilles; Repair,2025-11-18
11/18/2025,07:30 (ET),BOS@BKN,Boston Celtics,"Williams, Amari",Out,G League - Two-Way,2025-11-18
11/18/2025,07:30 (ET),BOS@BKN,Brooklyn Nets,"Highsmith, Haywood",Out,"Injury/Illness - Right Knee; Surgery, Injury Recovery",2025-11-18
11/18/2025,07:30 (ET),BOS@BKN,Brooklyn Nets,"Saraf, Ben",Out,Injury/Illness - Left Ankle; Sprain,2025-11-18
11/18/2025,07:30 (ET),BOS@BKN,Brooklyn Nets,"Thomas, Cam",Out,Injury/Illness - Left Hamstring; Strain,2025-11-18
11/19/2025,07:00 (ET),CHA@IND,Charlotte Hornets,"Green, Josh",Out,Injury/Illness - Left Shoulder; Surgery,2025-11-18
11/19/2025,07:00 (ET),CHA@IND,Charlotte Hornets,"Mann, Tre",Doubtful,Injury/Illness - Left Ankle; Soreness,2025-11-18
11/19/2025,07:00 (ET),CHA@IND,Charlotte Hornets,"McNeeley, Liam",Out,Injury/Illness - N/a; Illness,2025-11-18
11/19/2025,07:00 (ET),CHA@IND,Charlotte Hornets,"Miller, Brandon",Out,Injury/Illness - Left Shoulder; Subluxation,2025-11-18
11/19/2025,07:00 (ET),CHA@IND,Charlotte Hornets,"Salaun, Tidjane",Out,G League - On Assignment,2025-11-18
11/19/2025,07:00 (ET),CHA@IND,Charlotte Hornets,"Williams, Grant",Out,Injury/Illness - Right Knee; Surgery,2025-11-18
11/19/2025,10:00 (ET),CHI@POR,Chicago Bulls,,,NOT YET SUBMITTED,2025-11-18
11/19/2025,07:00 (ET),HOU@CLE,Cleveland Cavaliers,"Garland, Darius",Out,Injury/Illness - Left Great Toe; Injury Management,2025-11-18
11/19/2025,07:00 (ET),HOU@CLE,Cleveland Cavaliers,"Livingston, Chris",Out,G League - Two-Way,2025-11-18
11/19/2025,07:00 (ET),HOU@CLE,Cleveland Cavaliers,"Merrill, Sam",Questionable,Injury/Illness - Right Hand; Sprain,2025-11-18
11/19/2025,07:00 (ET),HOU@CLE,Cleveland Cavaliers,"Strus, Max",Out,Injury/Illness - Left Foot; Surgery - Jones Fracture,2025-11-18
11/19/2025,07:00 (ET),HOU@CLE,Cleveland Cavaliers,"Tyson, Jaylon",Out,Injury/Illness - Head; Concussion,2025-11-18
11/19/2025,09:30 (ET),NYK@DAL,Dallas Mavericks,"Davis, Anthony",Out,Injury/Illness - Left Calf; Strain,2025-11-18
11/19/2025,09:30 (ET),NYK@DAL,Dallas Mavericks,"Exum, Dante",Out,Injury/Illness - Right Knee; Injury Management,2025-11-18
11/19/2025,09:30 (ET),NYK@DAL,Dallas Mavericks,"Flagg, Cooper",Available,Injury/Illness - Right Thumb; Splint,2025-11-18
11/19/2025,09:30 (ET),NYK@DAL,Dallas Mavericks,"Gafford, Daniel",Probable,Injury/Illness - Right Ankle; Injury Management,2025-11-18
11/19/2025,09:30 (ET),NYK@DAL,Dallas Mavericks,"Irving, Kyrie",Out,Injury/Illness - Left Knee; Surgery,2025-11-18
11/19/2025,09:30 (ET),NYK@DAL,Dallas Mavericks,"Lively II, Dereck",Probable,Injury/Illness - Right Knee; Injury Management,2025-11-18
11/19/2025,09:30 (ET),NYK@DAL,Dallas Mavericks,"Nembhard, Ryan",Out,Injury/Illness - Left Knee; Sprain,2025-11-18
11/19/2025,08:00 (ET),DEN@NOP,Denver Nuggets,,,NOT YET SUBMITTED,2025-11-18
11/18/2025,07:30 (ET),DET@ATL,Detroit Pistons,"Cunningham, Cade",Questionable,Injury/Illness - Left Hip; Contusion,2025-11-18
11/18/2025,07:30 (ET),DET@ATL,Detroit Pistons,"Harris, Tobias",Questionable,Injury/Illness - Right Ankle; Sprain,2025-11-18
11/18/2025,07:30 (ET),DET@ATL,Detroit Pistons,"Ivey, Jaden",Out,G League - On Assignment,2025-11-18
11/18/2025,07:30 (ET),DET@ATL,Detroit Pistons,"Klintman, Bobi",Out,Injury/Illness - Left Ankle; Sprain,2025-11-18
11/18/2025,07:30 (ET),DET@ATL,Detroit Pistons,"LeVert, Caris",Out,Injury/Illness - Left Ankle; Sprain,2025-11-18
11/18/2025,07:30 (ET),DET@ATL,Detroit Pistons,"Sasser, Marcus",Out,Injury/Illness - Right Hip; Impingement,2025-11-18
11/18/2025,07:30 (ET),DET@ATL,Detroit Pistons,"Thompson, Ausar",Questionable,Injury/Illness - Right Ankle; Sprain,2025-11-18
11/18/2025,07:00 (ET),GSW@ORL,Golden State Warriors,"Hield, Buddy",Available,Injury/Illness - General; Illness,2025-11-18
11/18/2025,07:00 (ET),GSW@ORL,Golden State Warriors,"Kuminga, Jonathan",Out,Injury/Illness - Bilateral Knee; Patellar Tendonitis,2025-11-18
11/18/2025,07:00 (ET),GSW@ORL,Golden State Warriors,"Melton, De'Anthony",Out,Injury/Illness - Left ACL; Surgery,2025-11-18
11/19/2025,07:30 (ET),GSW@MIA,Golden State Warriors,,,NOT YET SUBMITTED,2025-11-18
11/19/2025,07:00 (ET),HOU@CLE,Houston Rockets,"Crawford, Isaiah",Out,G League - Two-Way,2025-11-18
11/19/2025,07:00 (ET),HOU@CLE,Houston Rockets,"Eason, Tari",Out,Injury/Illness - Right Oblique; Strain,2025-11-18
11/19/2025,07:00 (ET),HOU@CLE,Houston Rockets,"Finney-Smith, Dorian",Out,Injury/Illness - Left Ankle; Surgery,2025-11-18
11/19/2025,07:00 (ET),HOU@CLE,Houston Rockets,"Harris, Kevon",Out,G League - Two-Way,2025-11-18
11/19/2025,07:00 (ET),HOU@CLE,Houston Rockets,"Smith Jr., Jabari",Questionable,Injury/Illness - Right Knee; Tendinopathy,2025-11-18
11/19/2025,07:00 (ET),HOU@CLE,Houston Rockets,"VanVleet, Fred",Out,Injury/Illness - Right Knee; ACL Repair,2025-11-18
11/19/2025,07:00 (ET),CHA@IND,Indiana Pacers,"Furphy, Johnny",Out,Injury/Illness - Left Ankle; Sprain,2025-11-18
11/19/2025,07:00 (ET),CHA@IND,Indiana Pacers,"Haliburton, Tyrese",Out,Injury/Illness - Right Achilles Tendon; Tear,2025-11-18
11/19/2025,07:00 (ET),CHA@IND,Indiana Pacers,"Jackson, Quenton",Out,Injury/Illness - Right Hamstring; Strain,2025-11-18
11/19/2025,07:00 (ET),CHA@IND,Indiana Pacers,"Jones, Kam",Out,Injury/Illness - Lower Back; Stress Reaction,2025-11-18
11/19/2025,07:00 (ET),CHA@IND,Indiana Pacers,"Nesmith, Aaron",Out,Injury/Illness - Left Knee; MCL Sprain,2025-11-18
11/19/2025,07:00 (ET),CHA@IND,Indiana Pacers,"Toppin, Obi",Out,Injury/Illness - Right Foot; Stress Fracture,2025-11-18
11/18/2025,10:30 (ET),UTA@LAL,Los Angeles Lakers,"James, LeBron",Questionable,Injury/Illness - Right Sciatica; -,2025-11-18
11/18/2025,10:30 (ET),UTA@LAL,Los Angeles Lakers,"Vincent, Gabe",Available,Injury/Illness - Left Ankle; Sprain,2025-11-18
11/18/2025,08:00 (ET),MEM@SAS,Memphis Grizzlies,"Clarke, Brandon",Out,Injury/Illness - Right Knee; Surgery Recovery,2025-11-18
11/18/2025,08:00 (ET),MEM@SAS,Memphis Grizzlies,"Jerome, Ty",Out,Injury/Illness - Right Calf; Strain,2025-11-18
11/18/2025,08:00 (ET),MEM@SAS,Memphis Grizzlies,"Morant, Ja",Out,Injury/Illness - Right Calf; Strain,2025-11-18
11/18/2025,08:00 (ET),MEM@SAS,Memphis Grizzlies,"Pippen Jr., Scotty",Out,Injury/Illness - Left Great Toe; Surgery Recovery,2025-11-18
11/18/2025,08:00 (ET),MEM@SAS,Memphis Grizzlies,"Small, Javon",Out,Injury/Illness - Left Toe; Turf Toe,2025-11-18
11/19/2025,07:30 (ET),GSW@MIA,Miami Heat,"Adebayo, Bam",Questionable,Injury/Illness - Left Big Toe; Sprain,2025-11-18
11/19/2025,07:30 (ET),GSW@MIA,Miami Heat,"Gardner, Myron",Out,G League - Two-Way,2025-11-18
11/19/2025,07:30 (ET),GSW@MIA,Miami Heat,"Herro, Tyler",Out,Injury/Illness - Left Ankle; Surgery,2025-11-18
11/19/2025,07:30 (ET),GSW@MIA,Miami Heat,"Jakucionis, Kasparas",Out,G League - On Assignment,2025-11-18
11/19/2025,07:30 (ET),GSW@MIA,Miami Heat,"Rozier, Terry",Out,Not With Team,2025-11-18
11/19/2025,07:30 (ET),GSW@MIA,Miami Heat,"Smith, Dru",Available,Injury/Illness - Right Knee; Contusion,2025-11-18
11/19/2025,08:00 (ET),WAS@MIN,Minnesota Timberwolves,,,NOT YET SUBMITTED,2025-11-18
11/19/2025,08:00 (ET),DEN@NOP,New Orleans Pelicans,"Alexander, Trey",Out,G League - Two-Way,2025-11-18
11/19/2025,08:00 (ET),DEN@NOP,New Orleans Pelicans,"Bey, Saddiq",Questionable,Injury/Illness - Left Ankle; Sprain,2025-11-18
11/19/2025,08:00 (ET),DEN@NOP,New Orleans Pelicans,"Dickinson, Hunter",Out,G League - Two-Way,2025-11-18
11/19/2025,08:00 (ET),DEN@NOP,New Orleans Pelicans,"Matkovic, Karlo",Out,Injury/Illness - Right Calf; Strain,2025-11-18
11/19/2025,08:00 (ET),DEN@NOP,New Orleans Pelicans,"Murray, Dejounte",Out,Injury/Illness - Right Achilles; Rupture,2025-11-18
11/19/2025,08:00 (ET),DEN@NOP,New Orleans Pelicans,"Poole, Jordan",Out,Injury/Illness - Left Quad; Strain,2025-11-18
11/19/2025,08:00 (ET),DEN@NOP,New Orleans Pelicans,"Williamson, Zion",Questionable,Injury/Illness - Left Hamstring; Strain,2025-11-18
11/19/2025,09:30 (ET),NYK@DAL,New York Knicks,,,NOT YET SUBMITTED,2025-11-18
11/19/2025,08:00 (ET),SAC@OKC,Oklahoma City Thunder,"Carlson, Branden",Available,Injury/Illness - N/a; Nasal Fracture,2025-11-18
11/19/2025,08:00 (ET),SAC@OKC,Oklahoma City Thunder,"Sorber, Thomas",Out,Injury/Illness - Right ACL; Surgical Recovery,2025-11-18
11/19/2025,08:00 (ET),SAC@OKC,Oklahoma City Thunder,"Topic, Nikola",Out,Injury/Illness - N/a; Surgical Recovery,2025-11-18
11/19/2025,08:00 (ET),SAC@OKC,Oklahoma City Thunder,"Wiggins, Aaron",Out,Injury/Illness - Left Adductor; Strain,2025-11-18
11/19/2025,08:00 (ET),SAC@OKC,Oklahoma City Thunder,"Williams, Jalen",Out,Injury/Illness - Right Wrist; Surgical Recovery,2025-11-18
11/19/2025,08:00 (ET),SAC@OKC,Oklahoma City Thunder,"Williams, Kenrich",Out,Injury/Illness - Left Knee; Surgical Recovery,2025-11-18
11/18/2025,07:00 (ET),GSW@ORL,Orlando Magic,"Banchero, Paolo",Out,Injury/Illness - Left Groin; Strain,2025-11-18
11/18/2025,07:00 (ET),GSW@ORL,Orlando Magic,"Cain, Jamal",Available,-,2025-11-18
11/18/2025,07:00 (ET),GSW@ORL,Orlando Magic,"Castleton, Colin",Out,G League - Two-Way,2025-11-18
11/18/2025,07:00 (ET),GSW@ORL,Orlando Magic,"Robinson, Orlando",Out,G League - Two-Way,2025-11-18
11/18/2025,07:00 (ET),GSW@ORL,Orlando Magic,"Suggs, Jalen",Questionable,Injury/Illness - Right Groin; Sore,2025-11-18
11/18/2025,07:00 (ET),GSW@ORL,Orlando Magic,"Wagner, Franz",Available,Injury/Illness - N/A; Face mask,2025-11-18
11/18/2025,07:00 (ET),GSW@ORL,Orlando Magic,"Wagner, Moritz",Out,Injury/Illness - Left Knee; Injury recovery,2025-11-18
11/19/2025,07:00 (ET),TOR@PHI,Philadelphia 76ers,"Bona, Adem",Out,Injury/Illness - Right Ankle; Sprain,2025-11-18
11/19/2025,07:00 (ET),TOR@PHI,Philadelphia 76ers,"Embiid, Joel",Doubtful,Injury/Illness - Right Knee; Injury Management,2025-11-18
11/19/2025,07:00 (ET),TOR@PHI,Philadelphia 76ers,"George, Paul",Out,Injury/Illness - Left Knee; Injury Recovery,2025-11-18
11/19/2025,07:00 (ET),TOR@PHI,Philadelphia 76ers,"McCain, Jared",Available,Injury/Illness - Right Thumb; Surgery Recovery - Splint,2025-11-18
11/19/2025,07:00 (ET),TOR@PHI,Philadelphia 76ers,"Oubre Jr., Kelly",Out,Injury/Illness - Left Knee; Sprain,2025-11-18
11/18/2025,11:00 (ET),PHX@POR,Phoenix Suns,"Allen, Grayson",Out,Injury/Illness - Right Quadriceps; Contusion,2025-11-18
11/18/2025,11:00 (ET),PHX@POR,Phoenix Suns,"Brea, Koby",Out,G League - Two-Way,2025-11-18
11/18/2025,11:00 (ET),PHX@POR,Phoenix Suns,"Green, Jalen",Out,Injury/Illness - Right Hamstring; Strain,2025-11-18
11/18/2025,11:00 (ET),PHX@POR,Portland Trail Blazers,"Henderson, Scoot",Out,Injury/Illness - Left Hamstring; Tear,2025-11-18
11/18/2025,11:00 (ET),PHX@POR,Portland Trail Blazers,"Holiday, Jrue",Doubtful,Injury/Illness - Right Calf; Soreness,2025-11-18
11/18/2025,11:00 (ET),PHX@POR,Portland Trail Blazers,"Lillard, Damian",Out,Injury/Illness - Left Achilles Tendon; Injury Management,2025-11-18
11/18/2025,11:00 (ET),PHX@POR,Portland Trail Blazers,"Thybulle, Matisse",Out,Injury/Illness - Left Thumb; Ligament Tear,2025-11-18
11/18/2025,11:00 (ET),PHX@POR,Portland Trail Blazers,"Wesley, Blake",Out,Injury/Illness - Right Foot; Fracture,2025-11-18
11/19/2025,10:00 (ET),CHI@POR,Portland Trail Blazers,,,NOT YET SUBMITTED,2025-11-18
11/19/2025,08:00 (ET),SAC@OKC,Sacramento Kings,"Cardwell, Dylan",Out,G League - Two-Way,2025-11-18
11/19/2025,08:00 (ET),SAC@OKC,Sacramento Kings,"Murray, Keegan",Out,Injury/Illness - Left Thumb; UCL Injury Recovery,2025-11-18
11/19/2025,08:00 (ET),SAC@OKC,Sacramento Kings,"Plowden, Daeqwon",Out,G League - Two-Way,2025-11-18
11/19/2025,08:00 (ET),SAC@OKC,Sacramento Kings,"Sabonis, Domantas",Out,Injury/Illness - Left Knee; Soreness,2025-11-18
11/19/2025,08:00 (ET),SAC@OKC,Sacramento Kings,"Stevens, Isaiah",Out,G League - Two-Way,2025-11-18
11/18/2025,08:00 (ET),MEM@SAS,San Antonio Spurs,"Castle, Stephon",Out,Injury/Illness - Left Hip Flexor; Soreness,2025-11-18
11/18/2025,08:00 (ET),MEM@SAS,San Antonio Spurs,"Harper, Dylan",Out,Injury/Illness - Left Calf; Strain,2025-11-18
11/18/2025,08:00 (ET),MEM@SAS,San Antonio Spurs,"Jones Garcia, David",Available,-,2025-11-18
11/18/2025,08:00 (ET),MEM@SAS,San Antonio Spurs,"McLaughlin, Jordan",Out,Injury/Illness - Left Hamstring; Tightness,2025-11-18
11/18/2025,08:00 (ET),MEM@SAS,San Antonio Spurs,"Minix, Riley",Available,-,2025-11-18
11/18/2025,08:00 (ET),MEM@SAS,San Antonio Spurs,"Wembanyama, Victor",Out,Injury/Illness - Left Calf; Strain,2025-11-18
11/19/2025,07:00 (ET),TOR@PHI,Toronto Raptors,"Agbaji, Ochai",Probable,Injury/Illness - Back; Lumbar - Strain,2025-11-18
11/19/2025,07:00 (ET),TOR@PHI,Toronto Raptors,"Hepburn, Chucky",Out,G League - Two-Way,2025-11-18
11/19/2025,07:00 (ET),TOR@PHI,Toronto Raptors,"Lawson, A.J.",Out,G League - Two-Way,2025-11-18
11/19/2025,07:00 (ET),TOR@PHI,Toronto Raptors,"Martin, Alijah",Out,G League - Two-Way,2025-11-18
11/19/2025,07:00 (ET),TOR@PHI,Toronto Raptors,"Mogbo, Jonathan",Out,G League - On Assignment,2025-11-18
11/19/2025,07:00 (ET),TOR@PHI,Toronto Raptors,"Murray-Boyles, Collin",Questionable,Injury/Illness - Right Knee; Soreness,2025-11-18
11/18/2025,10:30 (ET),UTA@LAL,Utah Jazz,"Anderson, Kyle",Questionable,Injury/Illness - Right Low Back; Injury Management,2025-11-18
11/18/2025,10:30 (ET),UTA@LAL,Utah Jazz,"Filipowski, Kyle",Questionable,Injury/Illness - Right Wrist; Sprain,2025-11-18
11/18/2025,10:30 (ET),UTA@LAL,Utah Jazz,"Hendricks, Taylor",Questionable,Injury/Illness - Right Hamstring; Strain,2025-11-18
11/18/2025,10:30 (ET),UTA@LAL,Utah Jazz,"Kessler, Walker",Out,Injury/Illness - Left Shoulder; Injury Recovery,2025-11-18
11/18/2025,10:30 (ET),UTA@LAL,Utah Jazz,"Niang, Georges",Out,Injury/Illness - Left Foot; Fourth Metatarsal Stress Reaction,2025-11-18
11/18/2025,10:30 (ET),UTA@LAL,Utah Jazz,"Tonje, John",Out,G League - Two-Way,2025-11-18
11/18/2025,10:30 (ET),UTA@LAL,Utah Jazz,"Tshiebwe, Oscar",Out,G League - Two-Way,2025-11-18
11/19/2025,08:00 (ET),WAS@MIN,Washington Wizards,"Sarr, Alex",Questionable,Injury/Illness - Left Big toe; Soreness,2025-11-18
11/20/2025,08:00 (ET),ATL@SAS,Atlanta Hawks,,,NOT YET SUBMITTED,2025-11-19
11/19/2025,07:00 (ET),CHA@IND,Charlotte Hornets,"Green, Josh",Out,Injury/Illness - Left Shoulder; Surgery,2025-11-19
11/19/2025,07:00 (ET),CHA@IND,Charlotte Hornets,"Mann, Tre",Doubtful,Injury/Illness - Left Ankle; Soreness,2025-11-19
11/19/2025,07:00 (ET),CHA@IND,Charlotte Hornets,"McNeeley, Liam",Out,Injury/Illness - N/a; Illness,2025-11-19
11/19/2025,07:00 (ET),CHA@IND,Charlotte Hornets,"Miller, Brandon",Out,Injury/Illness - Left Shoulder; Subluxation,2025-11-19
11/19/2025,07:00 (ET),CHA@IND,Charlotte Hornets,"Salaun, Tidjane",Out,G League - On Assignment,2025-11-19
11/19/2025,07:00 (ET),CHA@IND,Charlotte Hornets,"Williams, Grant",Out,Injury/Illness - Right Knee; Surgery,2025-11-19
11/19/2025,10:00 (ET),CHI@POR,Chicago Bulls,"Collins, Zach",Out,Injury/Illness - Left Scaphoid; Fracture,2025-11-19
11/19/2025,10:00 (ET),CHI@POR,Chicago Bulls,"Flowers, Trentyn",Out,G League - Two-Way,2025-11-19
11/19/2025,10:00 (ET),CHI@POR,Chicago Bulls,"Jones, Tre",Questionable,Injury/Illness - Left Ankle; Impingement,2025-11-19
11/19/2025,10:00 (ET),CHI@POR,Chicago Bulls,"Miller, Emanuel",Out,G League - Two-Way,2025-11-19
11/19/2025,10:00 (ET),CHI@POR,Chicago Bulls,"Olbrich, Lachlan",Out,G League - Two-Way,2025-11-19
11/19/2025,10:00 (ET),CHI@POR,Chicago Bulls,"Smith, Jalen",Probable,Injury/Illness - Right Pectoralis; Strain,2025-11-19
11/19/2025,07:00 (ET),HOU@CLE,Cleveland Cavaliers,"Garland, Darius",Out,Injury/Illness - Left Great Toe; Injury Management,2025-11-19
11/19/2025,07:00 (ET),HOU@CLE,Cleveland Cavaliers,"Livingston, Chris",Out,G League - Two-Way,2025-11-19
11/19/2025,07:00 (ET),HOU@CLE,Cleveland Cavaliers,"Merrill, Sam",Questionable,Injury/Illness - Right Hand; Sprain,2025-11-19
11/19/2025,07:00 (ET),HOU@CLE,Cleveland Cavaliers,"Strus, Max",Out,Injury/Illness - Left Foot; Surgery - Jones Fracture,2025-11-19
11/19/2025,07:00 (ET),HOU@CLE,Cleveland Cavaliers,"Tyson, Jaylon",Out,Injury/Illness - Head; Concussion,2025-11-19
11/19/2025,09:30 (ET),NYK@DAL,Dallas Mavericks,"Davis, Anthony",Out,Injury/Illness - Left Calf; Strain,2025-11-19
11/19/2025,09:30 (ET),NYK@DAL,Dallas Mavericks,"Exum, Dante",Out,Injury/Illness - Right Knee; Injury Management,2025-11-19
11/19/2025,09:30 (ET),NYK@DAL,Dallas Mavericks,"Flagg, Cooper",Questionable,Injury/Illness - Illness; Illness,2025-11-19
11/19/2025,09:30 (ET),NYK@DAL,Dallas Mavericks,"Gafford, Daniel",Probable,Injury/Illness - Right Ankle; Injury Management,2025-11-19
11/19/2025,09:30 (ET),NYK@DAL,Dallas Mavericks,"Irving, Kyrie",Out,Injury/Illness - Left Knee; Surgery,2025-11-19
11/19/2025,09:30 (ET),NYK@DAL,Dallas Mavericks,"Lively II, Dereck",Probable,Injury/Illness - Right Knee; Injury Management,2025-11-19
11/19/2025,09:30 (ET),NYK@DAL,Dallas Mavericks,"Martin, Caleb",Questionable,Injury/Illness - Illness; Illness,2025-11-19
11/19/2025,09:30 (ET),NYK@DAL,Dallas Mavericks,"Nembhard, Ryan",Out,Injury/Illness - Left Knee; Sprain,2025-11-19
11/19/2025,08:00 (ET),DEN@NOP,Denver Nuggets,"Bates, Tamar",Out,G League - Two-Way,2025-11-19
11/19/2025,08:00 (ET),DEN@NOP,Denver Nuggets,"Braun, Christian",Out,Injury/Illness - Left Ankle; Sprain,2025-11-19
11/19/2025,08:00 (ET),DEN@NOP,Denver Nuggets,"Gordon, Aaron",Questionable,Injury/Illness - Bilateral Hamstring; Injury Management,2025-11-19
11/19/2025,08:00 (ET),DEN@NOP,Denver Nuggets,"Holmes II, DaRon",Out,G League - On Assignment,2025-11-19
11/19/2025,08:00 (ET),DEN@NOP,Denver Nuggets,"Jones, Curtis",Out,G League - Two-Way,2025-11-19
11/19/2025,08:00 (ET),DEN@NOP,Denver Nuggets,"Strawther, Julian",Out,Injury/Illness - Low Back; Pain,2025-11-19
11/19/2025,07:30 (ET),GSW@MIA,Golden State Warriors,"Butler III, Jimmy",Out,Injury/Illness - Right Low Back; Strain,2025-11-19
11/19/2025,07:30 (ET),GSW@MIA,Golden State Warriors,"Curry, Stephen",Out,Injury/Illness - Right Ankle; Soreness,2025-11-19
11/19/2025,07:30 (ET),GSW@MIA,Golden State Warriors,"Green, Draymond",Out,Injury/Illness - General; Illness,2025-11-19
11/19/2025,07:30 (ET),GSW@MIA,Golden State Warriors,"Hield, Buddy",Available,Injury/Illness - General; Illness,2025-11-19
11/19/2025,07:30 (ET),GSW@MIA,Golden State Warriors,"Horford, Al",Out,Injury/Illness - Left Toe; Injury Management,2025-11-19
11/19/2025,07:30 (ET),GSW@MIA,Golden State Warriors,"Kuminga, Jonathan",Out,Injury/Illness - Bilateral Knee; Patellar Tendonitis,2025-11-19
11/19/2025,07:30 (ET),GSW@MIA,Golden State Warriors,"Melton, De'Anthony",Out,Injury/Illness - Left ACL; Surgery,2025-11-19
11/19/2025,07:00 (ET),HOU@CLE,Houston Rockets,"Crawford, Isaiah",Out,G League - Two-Way,2025-11-19
11/19/2025,07:00 (ET),HOU@CLE,Houston Rockets,"Eason, Tari",Out,Injury/Illness - Right Oblique; Strain,2025-11-19
11/19/2025,07:00 (ET),HOU@CLE,Houston Rockets,"Finney-Smith, Dorian",Out,Injury/Illness - Left Ankle; Surgery,2025-11-19
11/19/2025,07:00 (ET),HOU@CLE,Houston Rockets,"Harris, Kevon",Out,G League - Two-Way,2025-11-19
11/19/2025,07:00 (ET),HOU@CLE,Houston Rockets,"Smith Jr., Jabari",Questionable,Injury/Illness - Right Knee; Tendinopathy,2025-11-19
11/19/2025,07:00 (ET),HOU@CLE,Houston Rockets,"VanVleet, Fred",Out,Injury/Illness - Right Knee; ACL Repair,2025-11-19
11/19/2025,07:00 (ET),CHA@IND,Indiana Pacers,"Furphy, Johnny",Out,Injury/Illness - Left Ankle; Sprain,2025-11-19
11/19/2025,07:00 (ET),CHA@IND,Indiana Pacers,"Haliburton, Tyrese",Out,Injury/Illness - Right Achilles Tendon; Tear,2025-11-19
11/19/2025,07:00 (ET),CHA@IND,Indiana Pacers,"Jackson, Quenton",Out,Injury/Illness - Right Hamstring; Strain,2025-11-19
11/19/2025,07:00 (ET),CHA@IND,Indiana Pacers,"Jones, Kam",Out,Injury/Illness - Lower Back; Stress Reaction,2025-11-19
11/19/2025,07:00 (ET),CHA@IND,Indiana Pacers,"Nesmith, Aaron",Out,Injury/Illness - Left Knee; MCL Sprain,2025-11-19
11/19/2025,07:00 (ET),CHA@IND,Indiana Pacers,"Toppin, Obi",Out,Injury/Illness - Right Foot; Stress Fracture,2025-11-19
11/20/2025,07:00 (ET),LAC@ORL,LA Clippers,,,NOT YET SUBMITTED,2025-11-19
11/20/2025,08:00 (ET),SAC@MEM,Memphis Grizzlies,,,NOT YET SUBMITTED,2025-11-19
11/19/2025,07:30 (ET),GSW@MIA,Miami Heat,"Adebayo, Bam",Available,Injury/Illness - Left Big Toe; Sprain,2025-11-19
11/19/2025,07:30 (ET),GSW@MIA,Miami Heat,"Gardner, Myron",Out,G League - Two-Way,2025-11-19
11/19/2025,07:30 (ET),GSW@MIA,Miami Heat,"Herro, Tyler",Out,Injury/Illness - Left Ankle; Surgery,2025-11-19
11/19/2025,07:30 (ET),GSW@MIA,Miami Heat,"Jakucionis, Kasparas",Out,G League - On Assignment,2025-11-19
11/19/2025,07:30 (ET),GSW@MIA,Miami Heat,"Jovic, Nikola",Out,Injury/Illness - Right Hip; Impingement,2025-11-19
11/19/2025,07:30 (ET),GSW@MIA,Miami Heat,"Rozier, Terry",Out,Not With Team,2025-11-19
11/19/2025,07:30 (ET),GSW@MIA,Miami Heat,"Smith, Dru",Available,Injury/Illness - Right Knee; Contusion,2025-11-19
11/20/2025,08:00 (ET),PHI@MIL,Milwaukee Bucks,"Antetokounmpo, Alex",Out,G League - Two-Way,2025-11-19
11/20/2025,08:00 (ET),PHI@MIL,Milwaukee Bucks,"Antetokounmpo, Giannis",Out,Injury/Illness - Left Adductor; Strain,2025-11-19
11/20/2025,08:00 (ET),PHI@MIL,Milwaukee Bucks,"Porter Jr., Kevin",Out,Injury/Illness - Right Knee; Meniscus Surgery,2025-11-19
11/20/2025,08:00 (ET),PHI@MIL,Milwaukee Bucks,"Prince, Taurean",Out,Injury/Illness - Neck; Surgery,2025-11-19
11/19/2025,08:00 (ET),WAS@MIN,Minnesota Timberwolves,"DiVincenzo, Donte",Available,Injury/Illness - Face; Face Mask,2025-11-19
11/19/2025,08:00 (ET),WAS@MIN,Minnesota Timberwolves,"Freeman, Enrique",Out,G League - Two-Way,2025-11-19
11/19/2025,08:00 (ET),WAS@MIN,Minnesota Timberwolves,"McDaniels, Jaden",Out,Injury/Illness - Left Wrist; Sprain,2025-11-19
11/19/2025,08:00 (ET),WAS@MIN,Minnesota Timberwolves,"Shannon Jr., Terrence",Out,Injury/Illness - Left Fifth Metatarsal; Bone Bruise,2025-11-19
11/19/2025,08:00 (ET),WAS@MIN,Minnesota Timberwolves,"Zikarsky, Rocco",Out,G League - Two-Way,2025-11-19
11/19/2025,08:00 (ET),DEN@NOP,New Orleans Pelicans,"Alexander, Trey",Out,G League - Two-Way,2025-11-19
11/19/2025,08:00 (ET),DEN@NOP,New Orleans Pelicans,"Bey, Saddiq",Questionable,Injury/Illness - Left Ankle; Sprain,2025-11-19
11/19/2025,08:00 (ET),DEN@NOP,New Orleans Pelicans,"Dickinson, Hunter",Out,G League - Two-Way,2025-11-19
11/19/2025,08:00 (ET),DEN@NOP,New Orleans Pelicans,"Matkovic, Karlo",Out,Injury/Illness - Right Calf; Strain,2025-11-19
11/19/2025,08:00 (ET),DEN@NOP,New Orleans Pelicans,"Murray, Dejounte",Out,Injury/Illness - Right Achilles; Rupture,2025-11-19
11/19/2025,08:00 (ET),DEN@NOP,New Orleans Pelicans,"Poole, Jordan",Out,Injury/Illness - Left Quad; Strain,2025-11-19
11/19/2025,08:00 (ET),DEN@NOP,New Orleans Pelicans,"Williamson, Zion",Questionable,Injury/Illness - Left Hamstring; Strain,2025-11-19
11/19/2025,09:30 (ET),NYK@DAL,New York Knicks,"Anunoby, OG",Out,Injury/Illness - Left Hamstring; Strained,2025-11-19
11/19/2025,09:30 (ET),NYK@DAL,New York Knicks,"Brunson, Jalen",Questionable,Injury/Illness - Right Ankle; Sprained,2025-11-19
11/19/2025,08:00 (ET),SAC@OKC,Oklahoma City Thunder,"Carlson, Branden",Available,Injury/Illness - N/a; Nasal Fracture,2025-11-19
11/19/2025,08:00 (ET),SAC@OKC,Oklahoma City Thunder,"Sorber, Thomas",Out,Injury/Illness - Right ACL; Surgical Recovery,2025-11-19
11/19/2025,08:00 (ET),SAC@OKC,Oklahoma City Thunder,"Topic, Nikola",Out,Injury/Illness - N/a; Surgical Recovery,2025-11-19
11/19/2025,08:00 (ET),SAC@OKC,Oklahoma City Thunder,"Wiggins, Aaron",Out,Injury/Illness - Left Adductor; Strain,2025-11-19
11/19/2025,08:00 (ET),SAC@OKC,Oklahoma City Thunder,"Williams, Jalen",Out,Injury/Illness - Right Wrist; Surgical Recovery,2025-11-19
11/19/2025,08:00 (ET),SAC@OKC,Oklahoma City Thunder,"Williams, Kenrich",Out,Injury/Illness - Left Knee; Surgical Recovery,2025-11-19
11/20/2025,07:00 (ET),LAC@ORL,Orlando Magic,"Banchero, Paolo",Out,Injury/Illness - Left Groin; Strain,2025-11-19
11/20/2025,07:00 (ET),LAC@ORL,Orlando Magic,"Castleton, Colin",Out,G League - Two-Way,2025-11-19
11/20/2025,07:00 (ET),LAC@ORL,Orlando Magic,"Penda, Noah",Out,G League - On Assignment,2025-11-19
11/20/2025,07:00 (ET),LAC@ORL,Orlando Magic,"Robinson, Orlando",Out,G League - Two-Way,2025-11-19
11/20/2025,07:00 (ET),LAC@ORL,Orlando Magic,"Wagner, Franz",Available,Injury/Illness - N/A; Face mask,2025-11-19
11/20/2025,07:00 (ET),LAC@ORL,Orlando Magic,"Wagner, Moritz",Out,Injury/Illness - Left Knee; Injury recovery,2025-11-19
11/19/2025,07:00 (ET),TOR@PHI,Philadelphia 76ers,"Bona, Adem",Out,Injury/Illness - Right Ankle; Sprain,2025-11-19
11/19/2025,07:00 (ET),TOR@PHI,Philadelphia 76ers,"Embiid, Joel",Out,Injury/Illness - Right Knee; Injury Management,2025-11-19
11/19/2025,07:00 (ET),TOR@PHI,Philadelphia 76ers,"George, Paul",Out,Injury/Illness - Left Knee; Injury Recovery,2025-11-19
11/19/2025,07:00 (ET),TOR@PHI,Philadelphia 76ers,"McCain, Jared",Available,Injury/Illness - Right Thumb; Surgery Recovery - Splint,2025-11-19
11/19/2025,07:00 (ET),TOR@PHI,Philadelphia 76ers,"Oubre Jr., Kelly",Out,Injury/Illness - Left Knee; Sprain,2025-11-19
11/20/2025,08:00 (ET),PHI@MIL,Philadelphia 76ers,,,NOT YET SUBMITTED,2025-11-19
11/19/2025,10:00 (ET),CHI@POR,Portland Trail Blazers,"Grant, Jerami",Questionable,Injury/Illness - Illness; .,2025-11-19
11/19/2025,10:00 (ET),CHI@POR,Portland Trail Blazers,"Henderson, Scoot",Out,Injury/Illness - Right Hamstring; Tear,2025-11-19
11/19/2025,10:00 (ET),CHI@POR,Portland Trail Blazers,"Holiday, Jrue",Out,Injury/Illness - Right Calf; Strain,2025-11-19
11/19/2025,10:00 (ET),CHI@POR,Portland Trail Blazers,"Lillard, Damian",Out,Injury/Illness - Left Achilles Tendon; Injury Management,2025-11-19
11/19/2025,10:00 (ET),CHI@POR,Portland Trail Blazers,"Sharpe, Shaedon",Doubtful,Injury/Illness - Right Calf; Soreness,2025-11-19
11/19/2025,10:00 (ET),CHI@POR,Portland Trail Blazers,"Thybulle, Matisse",Out,Injury/Illness - Left Thumb; Ligament Tear,2025-11-19
11/19/2025,10:00 (ET),CHI@POR,Portland Trail Blazers,"Wesley, Blake",Out,Injury/Illness - Right Foot; Fracture,2025-11-19
11/19/2025,10:00 (ET),CHI@POR,Portland Trail Blazers,"Williams III, Robert",Out,Injury/Illness - Left Knee; Injury Management,2025-11-19
11/19/2025,08:00 (ET),SAC@OKC,Sacramento Kings,"Cardwell, Dylan",Out,G League - Two-Way,2025-11-19
11/19/2025,08:00 (ET),SAC@OKC,Sacramento Kings,"Murray, Keegan",Out,Injury/Illness - Left Thumb; UCL Injury Recovery,2025-11-19
11/19/2025,08:00 (ET),SAC@OKC,Sacramento Kings,"Plowden, Daeqwon",Out,G League - Two-Way,2025-11-19
11/19/2025,08:00 (ET),SAC@OKC,Sacramento Kings,"Sabonis, Domantas",Out,Injury/Illness - Left Knee; Soreness,2025-11-19
11/19/2025,08:00 (ET),SAC@OKC,Sacramento Kings,"Stevens, Isaiah",Out,G League - Two-Way,2025-11-19
11/20/2025,08:00 (ET),SAC@MEM,Sacramento Kings,,,NOT YET SUBMITTED,2025-11-19
11/20/2025,08:00 (ET),ATL@SAS,San Antonio Spurs,,,NOT YET SUBMITTED,2025-11-19
11/19/2025,07:00 (ET),TOR@PHI,Toronto Raptors,"Agbaji, Ochai",Probable,Injury/Illness - Back; Lumbar - Strain,2025-11-19
11/19/2025,07:00 (ET),TOR@PHI,Toronto Raptors,"Hepburn, Chucky",Out,G League - Two-Way,2025-11-19
11/19/2025,07:00 (ET),TOR@PHI,Toronto Raptors,"Lawson, A.J.",Out,G League - Two-Way,2025-11-19
11/19/2025,07:00 (ET),TOR@PHI,Toronto Raptors,"Martin, Alijah",Out,G League - Two-Way,2025-11-19
11/19/2025,07:00 (ET),TOR@PHI,Toronto Raptors,"Mogbo, Jonathan",Out,G League - On Assignment,2025-11-19
11/19/2025,07:00 (ET),TOR@PHI,Toronto Raptors,"Murray-Boyles, Collin",Doubtful,Injury/Illness - Right Knee; MCL Sprain,2025-11-19
11/19/2025,08:00 (ET),WAS@MIN,Washington Wizards,"Sarr, Alex",Out,Injury/Illness - Left Big toe; Soreness,2025-11-19
11/20/2025,08:00 (ET),ATL@SAS,Atlanta Hawks,"Dante, N'Faly",Out,G League - On Assignment,2025-11-20
11/20/2025,08:00 (ET),ATL@SAS,Atlanta Hawks,"Djurisic, Nikola",Out,G League - On Assignment,2025-11-20
11/20/2025,08:00 (ET),ATL@SAS,Atlanta Hawks,"Ndiaye, Eli John",Out,G League - Two-Way,2025-11-20
11/20/2025,08:00 (ET),ATL@SAS,Atlanta Hawks,"Porzingis, Kristaps",Questionable,Injury/Illness - Right Knee; Soreness,2025-11-20
11/20/2025,08:00 (ET),ATL@SAS,Atlanta Hawks,"Risacher, Zaccharie",Questionable,Injury/Illness - Left Hip; Contusion,2025-11-20
11/20/2025,08:00 (ET),ATL@SAS,Atlanta Hawks,"Young, Trae",Out,Injury/Illness - Right Knee; MCL Sprain,2025-11-20
11/21/2025,07:30 (ET),BKN@BOS,Boston Celtics,"Harper Jr., Ron",Out,G League - Two-Way,2025-11-20
11/21/2025,07:30 (ET),BKN@BOS,Boston Celtics,"Shulga, Max",Out,G League - Two-Way,2025-11-20
11/21/2025,07:30 (ET),BKN@BOS,Boston Celtics,"Tatum, Jayson",Out,Injury/Illness - Right Achilles; Repair,2025-11-20
11/21/2025,07:30 (ET),BKN@BOS,Boston Celtics,"Williams, Amari",Out,G League - Two-Way,2025-11-20
11/21/2025,07:30 (ET),BKN@BOS,Brooklyn Nets,"Highsmith, Haywood",Out,"Injury/Illness - Right Knee; Surgery, Injury Recovery",2025-11-20
11/21/2025,07:30 (ET),BKN@BOS,Brooklyn Nets,"Saraf, Ben",Out,Injury/Illness - Left Ankle; Sprain,2025-11-20
11/21/2025,07:30 (ET),BKN@BOS,Brooklyn Nets,"Thomas, Cam",Out,Injury/Illness - Left Hamstring; Strain,2025-11-20
11/21/2025,07:30 (ET),BKN@BOS,Brooklyn Nets,"Traore, Nolan",Out,G League - On Assignment,2025-11-20
11/21/2025,07:30 (ET),BKN@BOS,Brooklyn Nets,"Wolf, Danny",Out,G League - On Assignment,2025-11-20
11/21/2025,08:00 (ET),MIA@CHI,Chicago Bulls,"Collins, Zach",Out,Injury/Illness - Left Scaphoid; Fracture,2025-11-20
11/21/2025,08:00 (ET),MIA@CHI,Chicago Bulls,"Flowers, Trentyn",Out,G League - Two-Way,2025-11-20
11/21/2025,08:00 (ET),MIA@CHI,Chicago Bulls,"Jones, Tre",Questionable,Injury/Illness - Left Ankle; Impingement,2025-11-20
11/21/2025,08:00 (ET),MIA@CHI,Chicago Bulls,"Miller, Emanuel",Out,G League - Two-Way,2025-11-20
11/21/2025,08:00 (ET),MIA@CHI,Chicago Bulls,"Olbrich, Lachlan",Out,G League - Two-Way,2025-11-20
11/21/2025,08:00 (ET),MIA@CHI,Chicago Bulls,"Smith, Jalen",Probable,Injury/Illness - Right Pectoralis; Strain,2025-11-20
11/21/2025,08:00 (ET),MIA@CHI,Chicago Bulls,"White, Coby",Questionable,Injury/Illness - Right Calf; Strain; Injury Management,2025-11-20
11/21/2025,07:00 (ET),IND@CLE,Cleveland Cavaliers,"Allen, Jarrett",Questionable,Injury/Illness - Right 3rd Finger; Strain,2025-11-20
11/21/2025,07:00 (ET),IND@CLE,Cleveland Cavaliers,"Garland, Darius",Questionable,Injury/Illness - Left Great Toe; Injury Management,2025-11-20
11/21/2025,07:00 (ET),IND@CLE,Cleveland Cavaliers,"Livingston, Chris",Out,G League - Two-Way,2025-11-20
11/21/2025,07:00 (ET),IND@CLE,Cleveland Cavaliers,"Merrill, Sam",Out,Injury/Illness - Right Hand; Sprain,2025-11-20
11/21/2025,07:00 (ET),IND@CLE,Cleveland Cavaliers,"Strus, Max",Out,Injury/Illness - Left Foot; Surgery - Jones Fracture,2025-11-20
11/21/2025,07:00 (ET),IND@CLE,Cleveland Cavaliers,"Travers, Luke",Out,G League - Two-Way,2025-11-20
11/21/2025,07:00 (ET),IND@CLE,Cleveland Cavaliers,"Tyson, Jaylon",Questionable,Injury/Illness - Head; Concussion,2025-11-20
11/21/2025,08:30 (ET),NOP@DAL,Dallas Mavericks,"Davis, Anthony",Out,Injury/Illness - Left Calf; Strain,2025-11-20
11/21/2025,08:30 (ET),NOP@DAL,Dallas Mavericks,"Exum, Dante",Out,Injury/Illness - Right Knee; Injury Management,2025-11-20
11/21/2025,08:30 (ET),NOP@DAL,Dallas Mavericks,"Flagg, Cooper",Available,Injury/Illness - Right Thumb; Splint,2025-11-20
11/21/2025,08:30 (ET),NOP@DAL,Dallas Mavericks,"Irving, Kyrie",Out,Injury/Illness - Left Knee; Surgery,2025-11-20
11/21/2025,08:30 (ET),NOP@DAL,Dallas Mavericks,"Nembhard, Ryan",Out,Injury/Illness - Left Knee; Sprain,2025-11-20
11/21/2025,09:30 (ET),DEN@HOU,Denver Nuggets,,,NOT YET SUBMITTED,2025-11-20
11/21/2025,10:00 (ET),POR@GSW,Golden State Warriors,,,NOT YET SUBMITTED,2025-11-20
11/21/2025,09:30 (ET),DEN@HOU,Houston Rockets,"Adams, Steven",Questionable,Injury/Illness - Right Ankle; Tendinopathy,2025-11-20
11/21/2025,09:30 (ET),DEN@HOU,Houston Rockets,"Crawford, Isaiah",Out,G League - Two-Way,2025-11-20
11/21/2025,09:30 (ET),DEN@HOU,Houston Rockets,"Eason, Tari",Out,Injury/Illness - Right Oblique; Strain,2025-11-20
11/21/2025,09:30 (ET),DEN@HOU,Houston Rockets,"Finney-Smith, Dorian",Out,Injury/Illness - Left Ankle; Surgery,2025-11-20
11/21/2025,09:30 (ET),DEN@HOU,Houston Rockets,"Harris, Kevon",Out,G League - Two-Way,2025-11-20
11/21/2025,09:30 (ET),DEN@HOU,Houston Rockets,"Smith Jr., Jabari",Questionable,Injury/Illness - Right Knee; Tendinopathy,2025-11-20
11/21/2025,09:30 (ET),DEN@HOU,Houston Rockets,"VanVleet, Fred",Out,Injury/Illness - Right Knee; ACL Repair,2025-11-20
11/21/2025,07:00 (ET),IND@CLE,Indiana Pacers,"Furphy, Johnny",Out,Injury/Illness - Left Ankle; Sprain,2025-11-20
11/21/2025,07:00 (ET),IND@CLE,Indiana Pacers,"Haliburton, Tyrese",Out,Injury/Illness - Right Achilles Tendon; Torn,2025-11-20
11/21/2025,07:00 (ET),IND@CLE,Indiana Pacers,"Jackson, Quenton",Out,Injury/Illness - Right Hamstring; Strain,2025-11-20
11/21/2025,07:00 (ET),IND@CLE,Indiana Pacers,"Jones, Kam",Out,Injury/Illness - Lower Back; Stress Reaction,2025-11-20
11/21/2025,07:00 (ET),IND@CLE,Indiana Pacers,"Nesmith, Aaron",Out,Injury/Illness - Left Knee; MCL Sprain,2025-11-20
11/21/2025,07:00 (ET),IND@CLE,Indiana Pacers,"Toppin, Obi",Out,Injury/Illness - Right Foot; Stress Fracture,2025-11-20
11/20/2025,07:00 (ET),LAC@ORL,LA Clippers,"Beal, Bradley",Out,Injury/Illness - Left Hip; Fracture,2025-11-20
11/20/2025,07:00 (ET),LAC@ORL,LA Clippers,"Jones Jr., Derrick",Out,Injury/Illness - Right Knee; Sprain,2025-11-20
11/20/2025,07:00 (ET),LAC@ORL,LA Clippers,"Leonard, Kawhi",Out,Injury/Illness - Right Ankle; Sprain,2025-11-20
11/20/2025,07:00 (ET),LAC@ORL,LA Clippers,"Miller, Jordan",Out,Injury/Illness - Left Hamstring; Soreness,2025-11-20
11/20/2025,08:00 (ET),SAC@MEM,Memphis Grizzlies,"Clarke, Brandon",Out,Injury/Illness - Right Knee; Surgery Recovery,2025-11-20
11/20/2025,08:00 (ET),SAC@MEM,Memphis Grizzlies,"Jackson Jr., Jaren",Doubtful,Injury/Illness - Right Ankle; Sprain,2025-11-20
11/20/2025,08:00 (ET),SAC@MEM,Memphis Grizzlies,"Jerome, Ty",Out,Injury/Illness - Right Calf; Strain,2025-11-20
11/20/2025,08:00 (ET),SAC@MEM,Memphis Grizzlies,"Morant, Ja",Out,Injury/Illness - Right Calf; Strain,2025-11-20
11/20/2025,08:00 (ET),SAC@MEM,Memphis Grizzlies,"Pippen Jr., Scotty",Out,Injury/Illness - Left Great Toe; Surgery Recovery,2025-11-20
11/20/2025,08:00 (ET),SAC@MEM,Memphis Grizzlies,"Small, Javon",Out,Injury/Illness - Left Toe; Turf Toe,2025-11-20
11/21/2025,08:00 (ET),MIA@CHI,Miami Heat,"Gardner, Myron",Questionable,G League - Two-Way,2025-11-20
11/21/2025,08:00 (ET),MIA@CHI,Miami Heat,"Goldin, Vladislav",Out,G League - Two-Way,2025-11-20
11/21/2025,08:00 (ET),MIA@CHI,Miami Heat,"Herro, Tyler",Out,Injury/Illness - Left Ankle; Surgery,2025-11-20
11/21/2025,08:00 (ET),MIA@CHI,Miami Heat,"Jakucionis, Kasparas",Out,G League - On Assignment,2025-11-20
11/21/2025,08:00 (ET),MIA@CHI,Miami Heat,"Jovic, Nikola",Out,Injury/Illness - Right Hip; Impingement,2025-11-20
11/21/2025,08:00 (ET),MIA@CHI,Miami Heat,"Rozier, Terry",Out,Not With Team,2025-11-20
11/21/2025,08:00 (ET),MIA@CHI,Miami Heat,"Smith, Dru",Available,Injury/Illness - Right Knee; Contusion,2025-11-20
11/21/2025,08:00 (ET),MIA@CHI,Miami Heat,"Wiggins, Andrew",Out,Injury/Illness - Left Hip Flexor; Strain,2025-11-20
11/20/2025,08:00 (ET),PHI@MIL,Milwaukee Bucks,"Antetokounmpo, Alex",Out,G League - Two-Way,2025-11-20
11/20/2025,08:00 (ET),PHI@MIL,Milwaukee Bucks,"Antetokounmpo, Giannis",Out,Injury/Illness - Left Adductor; Strain,2025-11-20
11/20/2025,08:00 (ET),PHI@MIL,Milwaukee Bucks,"Harris, Gary",Questionable,Injury/Illness - N/a; Illness,2025-11-20
11/20/2025,08:00 (ET),PHI@MIL,Milwaukee Bucks,"Porter Jr., Kevin",Out,Injury/Illness - Right Knee; Meniscus Surgery,2025-11-20
11/20/2025,08:00 (ET),PHI@MIL,Milwaukee Bucks,"Prince, Taurean",Out,Injury/Illness - Neck; Surgery,2025-11-20
11/21/2025,09:00 (ET),MIN@PHX,Minnesota Timberwolves,,,NOT YET SUBMITTED,2025-11-20
11/21/2025,08:30 (ET),NOP@DAL,New Orleans Pelicans,"Alexander, Trey",Out,G League - Two-Way,2025-11-20
11/21/2025,08:30 (ET),NOP@DAL,New Orleans Pelicans,"Dickinson, Hunter",Out,G League - Two-Way,2025-11-20
11/21/2025,08:30 (ET),NOP@DAL,New Orleans Pelicans,"Matkovic, Karlo",Out,Injury/Illness - Right Calf; Strain,2025-11-20
11/21/2025,08:30 (ET),NOP@DAL,New Orleans Pelicans,"Murray, Dejounte",Out,Injury/Illness - Right Achilles; Rupture,2025-11-20
11/21/2025,08:30 (ET),NOP@DAL,New Orleans Pelicans,"Poole, Jordan",Out,Injury/Illness - Left Quad; Strain,2025-11-20
11/21/2025,10:00 (ET),OKC@UTA,Oklahoma City Thunder,,,NOT YET SUBMITTED,2025-11-20
11/20/2025,07:00 (ET),LAC@ORL,Orlando Magic,"Banchero, Paolo",Out,Injury/Illness - Left Groin; Strain,2025-11-20
11/20/2025,07:00 (ET),LAC@ORL,Orlando Magic,"Castleton, Colin",Out,G League - Two-Way,2025-11-20
11/20/2025,07:00 (ET),LAC@ORL,Orlando Magic,"Penda, Noah",Out,G League - On Assignment,2025-11-20
11/20/2025,07:00 (ET),LAC@ORL,Orlando Magic,"Robinson, Orlando",Out,G League - Two-Way,2025-11-20
11/20/2025,07:00 (ET),LAC@ORL,Orlando Magic,"Wagner, Franz",Available,Injury/Illness - N/A; Face mask,2025-11-20
11/20/2025,07:00 (ET),LAC@ORL,Orlando Magic,"Wagner, Moritz",Out,Injury/Illness - Left Knee; Injury recovery,2025-11-20
11/20/2025,08:00 (ET),PHI@MIL,Philadelphia 76ers,"Bona, Adem",Out,Injury/Illness - Right Ankle; Sprain,2025-11-20
11/20/2025,08:00 (ET),PHI@MIL,Philadelphia 76ers,"Embiid, Joel",Out,Injury/Illness - Right Knee; Injury Management,2025-11-20
11/20/2025,08:00 (ET),PHI@MIL,Philadelphia 76ers,"Maxey, Tyrese",Probable,Injury/Illness - Right Quadricep; Contusion,2025-11-20
11/20/2025,08:00 (ET),PHI@MIL,Philadelphia 76ers,"McCain, Jared",Available,Injury/Illness - Right Thumb; Surgery Recovery - Splint,2025-11-20
11/20/2025,08:00 (ET),PHI@MIL,Philadelphia 76ers,"Oubre Jr., Kelly",Out,Injury/Illness - Left Knee; Sprain,2025-11-20
11/20/2025,08:00 (ET),PHI@MIL,Philadelphia 76ers,"Sallis, Hunter",Out,G League - Two-Way,2025-11-20
11/21/2025,09:00 (ET),MIN@PHX,Phoenix Suns,,,NOT YET SUBMITTED,2025-11-20
11/21/2025,10:00 (ET),POR@GSW,Portland Trail Blazers,,,NOT YET SUBMITTED,2025-11-20
11/20/2025,08:00 (ET),SAC@MEM,Sacramento Kings,"Cardwell, Dylan",Out,G League - Two-Way,2025-11-20
11/20/2025,08:00 (ET),SAC@MEM,Sacramento Kings,"Plowden, Daeqwon",Out,G League - Two-Way,2025-11-20
11/20/2025,08:00 (ET),SAC@MEM,Sacramento Kings,"Sabonis, Domantas",Out,Injury/Illness - Left Knee; Soreness,2025-11-20
11/20/2025,08:00 (ET),SAC@MEM,Sacramento Kings,"Stevens, Isaiah",Out,G League - Two-Way,2025-11-20
11/20/2025,08:00 (ET),ATL@SAS,San Antonio Spurs,"Castle, Stephon",Out,Injury/Illness - Left Hip Flexor; Strain,2025-11-20
11/20/2025,08:00 (ET),ATL@SAS,San Antonio Spurs,"Harper, Dylan",Out,Injury/Illness - Left Calf; Strain,2025-11-20
11/20/2025,08:00 (ET),ATL@SAS,San Antonio Spurs,"McLaughlin, Jordan",Out,Injury/Illness - Left Hamstring; Strain,2025-11-20
11/20/2025,08:00 (ET),ATL@SAS,San Antonio Spurs,"Wembanyama, Victor",Out,Injury/Illness - Left Calf; Strain,2025-11-20
11/21/2025,07:30 (ET),WAS@TOR,Toronto Raptors,"Hepburn, Chucky",Out,G League - Two-Way,2025-11-20
11/21/2025,07:30 (ET),WAS@TOR,Toronto Raptors,"Lawson, A.J.",Out,G League - Two-Way,2025-11-20
11/21/2025,07:30 (ET),WAS@TOR,Toronto Raptors,"Martin, Alijah",Out,G League - Two-Way,2025-11-20
11/21/2025,07:30 (ET),WAS@TOR,Toronto Raptors,"Mogbo, Jonathan",Out,G League - On Assignment,2025-11-20
11/21/2025,07:30 (ET),WAS@TOR,Toronto Raptors,"Murray-Boyles, Collin",Out,Injury/Illness - Right Knee; MCL Sprain,2025-11-20
11/21/2025,10:00 (ET),OKC@UTA,Utah Jazz,,,NOT YET SUBMITTED,2025-11-20
11/21/2025,07:30 (ET),WAS@TOR,Washington Wizards,"Bagley III, Marvin",Doubtful,Injury/Illness - Right Hip; Contusion,2025-11-20
11/21/2025,07:30 (ET),WAS@TOR,Washington Wizards,"Sarr, Alex",Questionable,Injury/Illness - Left Big Toe; Soreness,2025-11-20
11/22/2025,07:00 (ET),ATL@NOP,Atlanta Hawks,,,NOT YET SUBMITTED,2025-11-21
11/21/2025,07:30 (ET),BKN@BOS,Boston Celtics,"Harper Jr., Ron",Out,G League - Two-Way,2025-11-21
11/21/2025,07:30 (ET),BKN@BOS,Boston Celtics,"Shulga, Max",Out,G League - Two-Way,2025-11-21
11/21/2025,07:30 (ET),BKN@BOS,Boston Celtics,"Tatum, Jayson",Out,Injury/Illness - Right Achilles; Repair,2025-11-21
11/21/2025,07:30 (ET),BKN@BOS,Boston Celtics,"Williams, Amari",Out,G League - Two-Way,2025-11-21
11/21/2025,07:30 (ET),BKN@BOS,Brooklyn Nets,"Highsmith, Haywood",Out,"Injury/Illness - Right Knee; Surgery, Injury Recovery",2025-11-21
11/21/2025,07:30 (ET),BKN@BOS,Brooklyn Nets,"Saraf, Ben",Out,Injury/Illness - Left Ankle; Sprain,2025-11-21
11/21/2025,07:30 (ET),BKN@BOS,Brooklyn Nets,"Thomas, Cam",Out,Injury/Illness - Left Hamstring; Strain,2025-11-21
11/21/2025,07:30 (ET),BKN@BOS,Brooklyn Nets,"Traore, Nolan",Out,G League - On Assignment,2025-11-21
11/21/2025,07:30 (ET),BKN@BOS,Brooklyn Nets,"Wolf, Danny",Out,G League - On Assignment,2025-11-21
11/22/2025,01:00 (ET),LAC@CHA,Charlotte Hornets,"Green, Josh",Out,Injury/Illness - Left Shoulder; Surgery,2025-11-21
11/22/2025,01:00 (ET),LAC@CHA,Charlotte Hornets,"James, Sion",Probable,Injury/Illness - Left Groin; Soreness,2025-11-21
11/22/2025,01:00 (ET),LAC@CHA,Charlotte Hornets,"Mann, Tre",Questionable,Injury/Illness - Left Ankle; Soreness,2025-11-21
11/22/2025,01:00 (ET),LAC@CHA,Charlotte Hornets,"Salaun, Tidjane",Out,G League - On Assignment,2025-11-21
11/22/2025,01:00 (ET),LAC@CHA,Charlotte Hornets,"Williams, Grant",Out,Injury/Illness - Right Knee; Surgery,2025-11-21
11/21/2025,08:00 (ET),MIA@CHI,Chicago Bulls,"Collins, Zach",Out,Injury/Illness - Left Scaphoid; Fracture,2025-11-21
11/21/2025,08:00 (ET),MIA@CHI,Chicago Bulls,"Essengue, Noa",Out,G League - On Assignment,2025-11-21
11/21/2025,08:00 (ET),MIA@CHI,Chicago Bulls,"Flowers, Trentyn",Out,Injury/Illness - N/a; Illness,2025-11-21
11/21/2025,08:00 (ET),MIA@CHI,Chicago Bulls,"Jones, Tre",Questionable,Injury/Illness - Left Ankle; Impingement,2025-11-21
11/21/2025,08:00 (ET),MIA@CHI,Chicago Bulls,"Miller, Emanuel",Out,G League - Two-Way,2025-11-21
11/21/2025,08:00 (ET),MIA@CHI,Chicago Bulls,"Olbrich, Lachlan",Out,G League - Two-Way,2025-11-21
11/21/2025,08:00 (ET),MIA@CHI,Chicago Bulls,"Smith, Jalen",Probable,Injury/Illness - Right Pectoralis; Strain,2025-11-21
11/21/2025,08:00 (ET),MIA@CHI,Chicago Bulls,"White, Coby",Questionable,Injury/Illness - Right Calf; Strain; Injury Management,2025-11-21
11/22/2025,08:00 (ET),WAS@CHI,Chicago Bulls,,,NOT YET SUBMITTED,2025-11-21
11/21/2025,07:00 (ET),IND@CLE,Cleveland Cavaliers,"Allen, Jarrett",Questionable,Injury/Illness - Right 3rd Finger; Strain,2025-11-21
11/21/2025,07:00 (ET),IND@CLE,Cleveland Cavaliers,"Garland, Darius",Questionable,Injury/Illness - Left Great Toe; Injury Management,2025-11-21
11/21/2025,07:00 (ET),IND@CLE,Cleveland Cavaliers,"Livingston, Chris",Out,G League - Two-Way,2025-11-21
11/21/2025,07:00 (ET),IND@CLE,Cleveland Cavaliers,"Merrill, Sam",Out,Injury/Illness - Right Hand; Sprain,2025-11-21
11/21/2025,07:00 (ET),IND@CLE,Cleveland Cavaliers,"Strus, Max",Out,Injury/Illness - Left Foot; Surgery - Jones Fracture,2025-11-21
11/21/2025,07:00 (ET),IND@CLE,Cleveland Cavaliers,"Travers, Luke",Out,G League - Two-Way,2025-11-21
11/21/2025,07:00 (ET),IND@CLE,Cleveland Cavaliers,"Tyson, Jaylon",Questionable,Injury/Illness - Head; Concussion,2025-11-21
11/21/2025,08:30 (ET),NOP@DAL,Dallas Mavericks,"Davis, Anthony",Out,Injury/Illness - Left Calf; Strain,2025-11-21
11/21/2025,08:30 (ET),NOP@DAL,Dallas Mavericks,"Exum, Dante",Out,Injury/Illness - Right Knee; Injury Management,2025-11-21
11/21/2025,08:30 (ET),NOP@DAL,Dallas Mavericks,"Flagg, Cooper",Available,Injury/Illness - Right Thumb; Splint,2025-11-21
11/21/2025,08:30 (ET),NOP@DAL,Dallas Mavericks,"Irving, Kyrie",Out,Injury/Illness - Left Knee; Surgery,2025-11-21
11/21/2025,08:30 (ET),NOP@DAL,Dallas Mavericks,"Nembhard, Ryan",Out,Injury/Illness - Left Knee; Sprain,2025-11-21
11/21/2025,08:30 (ET),NOP@DAL,Dallas Mavericks,"Russell, D'Angelo",Questionable,Injury/Illness - Illness; Illness,2025-11-21
11/22/2025,08:30 (ET),MEM@DAL,Dallas Mavericks,,,NOT YET SUBMITTED,2025-11-21
11/21/2025,09:30 (ET),DEN@HOU,Denver Nuggets,"Bates, Tamar",Out,G League - Two-Way,2025-11-21
11/21/2025,09:30 (ET),DEN@HOU,Denver Nuggets,"Braun, Christian",Out,Injury/Illness - Left Ankle; Sprain,2025-11-21
11/21/2025,09:30 (ET),DEN@HOU,Denver Nuggets,"Gordon, Aaron",Probable,Injury/Illness - Bilateral Hamstring; Injury Management,2025-11-21
11/21/2025,09:30 (ET),DEN@HOU,Denver Nuggets,"Holmes II, DaRon",Out,G League - On Assignment,2025-11-21
11/21/2025,09:30 (ET),DEN@HOU,Denver Nuggets,"Jones, Curtis",Out,G League - Two-Way,2025-11-21
11/21/2025,09:30 (ET),DEN@HOU,Denver Nuggets,"Strawther, Julian",Out,Injury/Illness - Lower Back; Injury Management,2025-11-21
11/22/2025,10:00 (ET),SAC@DEN,Denver Nuggets,,,NOT YET SUBMITTED,2025-11-21
11/22/2025,08:00 (ET),DET@MIL,Detroit Pistons,,,NOT YET SUBMITTED,2025-11-21
11/21/2025,10:00 (ET),POR@GSW,Golden State Warriors,"Butler III, Jimmy",Probable,Injury/Illness - Right Low Back; Strain,2025-11-21
11/21/2025,10:00 (ET),POR@GSW,Golden State Warriors,"Green, Draymond",Probable,Injury/Illness - General; Illness,2025-11-21
11/21/2025,10:00 (ET),POR@GSW,Golden State Warriors,"Hield, Buddy",Probable,Injury/Illness - General; Illness,2025-11-21
11/21/2025,10:00 (ET),POR@GSW,Golden State Warriors,"Kuminga, Jonathan",Out,Injury/Illness - Bilateral Knee; Patellar Tendonitis,2025-11-21
11/21/2025,10:00 (ET),POR@GSW,Golden State Warriors,"Melton, De'Anthony",Out,Injury/Illness - Left ACL; Surgery,2025-11-21
11/21/2025,09:30 (ET),DEN@HOU,Houston Rockets,"Adams, Steven",Questionable,Injury/Illness - Right Ankle; Tendinopathy,2025-11-21
11/21/2025,09:30 (ET),DEN@HOU,Houston Rockets,"Crawford, Isaiah",Out,G League - Two-Way,2025-11-21
11/21/2025,09:30 (ET),DEN@HOU,Houston Rockets,"Eason, Tari",Out,Injury/Illness - Right Oblique; Strain,2025-11-21
11/21/2025,09:30 (ET),DEN@HOU,Houston Rockets,"Finney-Smith, Dorian",Out,Injury/Illness - Left Ankle; Surgery,2025-11-21
11/21/2025,09:30 (ET),DEN@HOU,Houston Rockets,"Harris, Kevon",Out,G League - Two-Way,2025-11-21
11/21/2025,09:30 (ET),DEN@HOU,Houston Rockets,"Smith Jr., Jabari",Questionable,Injury/Illness - Right Knee; Tendinopathy,2025-11-21
11/21/2025,09:30 (ET),DEN@HOU,Houston Rockets,"VanVleet, Fred",Out,Injury/Illness - Right Knee; ACL Repair,2025-11-21
11/21/2025,07:00 (ET),IND@CLE,Indiana Pacers,"Furphy, Johnny",Out,Injury/Illness - Left Ankle; Sprain,2025-11-21
11/21/2025,07:00 (ET),IND@CLE,Indiana Pacers,"Haliburton, Tyrese",Out,Injury/Illness - Right Achilles Tendon; Torn,2025-11-21
11/21/2025,07:00 (ET),IND@CLE,Indiana Pacers,"Jackson, Quenton",Out,Injury/Illness - Right Hamstring; Strain,2025-11-21
11/21/2025,07:00 (ET),IND@CLE,Indiana Pacers,"Jones, Kam",Out,Injury/Illness - Lower Back; Stress Reaction,2025-11-21
11/21/2025,07:00 (ET),IND@CLE,Indiana Pacers,"Nesmith, Aaron",Out,Injury/Illness - Left Knee; MCL Sprain,2025-11-21
11/21/2025,07:00 (ET),IND@CLE,Indiana Pacers,"Toppin, Obi",Out,Injury/Illness - Right Foot; Stress Fracture,2025-11-21
11/22/2025,01:00 (ET),LAC@CHA,LA Clippers,"Beal, Bradley",Out,Injury/Illness - Left Hip; Fracture,2025-11-21
11/22/2025,01:00 (ET),LAC@CHA,LA Clippers,"Jones Jr., Derrick",Out,Injury/Illness - Right Knee; Sprain,2025-11-21
11/22/2025,01:00 (ET),LAC@CHA,LA Clippers,"Leonard, Kawhi",Out,Injury/Illness - Right Ankle; Sprain,2025-11-21
11/22/2025,01:00 (ET),LAC@CHA,LA Clippers,"Miller, Jordan",Out,Injury/Illness - Left Hamstring; Injury Management,2025-11-21
11/22/2025,08:30 (ET),MEM@DAL,Memphis Grizzlies,,,NOT YET SUBMITTED,2025-11-21
11/21/2025,08:00 (ET),MIA@CHI,Miami Heat,"Gardner, Myron",Available,G League - Two-Way,2025-11-21
11/21/2025,08:00 (ET),MIA@CHI,Miami Heat,"Goldin, Vladislav",Out,G League - Two-Way,2025-11-21
11/21/2025,08:00 (ET),MIA@CHI,Miami Heat,"Herro, Tyler",Out,Injury/Illness - Left Ankle; Surgery,2025-11-21
11/21/2025,08:00 (ET),MIA@CHI,Miami Heat,"Jakucionis, Kasparas",Out,G League - On Assignment,2025-11-21
11/21/2025,08:00 (ET),MIA@CHI,Miami Heat,"Jovic, Nikola",Out,Injury/Illness - Right Hip; Impingement,2025-11-21
11/21/2025,08:00 (ET),MIA@CHI,Miami Heat,"Rozier, Terry",Out,Not With Team,2025-11-21
11/21/2025,08:00 (ET),MIA@CHI,Miami Heat,"Smith, Dru",Available,Injury/Illness - Right Knee; Contusion,2025-11-21
11/21/2025,08:00 (ET),MIA@CHI,Miami Heat,"Wiggins, Andrew",Out,Injury/Illness - Left Hip Flexor; Strain,2025-11-21
11/22/2025,08:00 (ET),DET@MIL,Milwaukee Bucks,,,NOT YET SUBMITTED,2025-11-21
11/21/2025,09:00 (ET),MIN@PHX,Minnesota Timberwolves,"Freeman, Enrique",Out,G League - Two-Way,2025-11-21
11/21/2025,09:00 (ET),MIN@PHX,Minnesota Timberwolves,"Ingles, Joe",Questionable,Injury/Illness - Left Groin; Soreness,2025-11-21
11/21/2025,09:00 (ET),MIN@PHX,Minnesota Timberwolves,"McDaniels, Jaden",Questionable,Injury/Illness - Left Wrist; Sprain,2025-11-21
11/21/2025,09:00 (ET),MIN@PHX,Minnesota Timberwolves,"Shannon Jr., Terrence",Out,Injury/Illness - Left Fifth Metatarsal; Bone Bruise,2025-11-21
11/21/2025,09:00 (ET),MIN@PHX,Minnesota Timberwolves,"Zikarsky, Rocco",Out,G League - Two-Way,2025-11-21
11/21/2025,08:30 (ET),NOP@DAL,New Orleans Pelicans,"Alexander, Trey",Out,G League - Two-Way,2025-11-21
11/21/2025,08:30 (ET),NOP@DAL,New Orleans Pelicans,"Dickinson, Hunter",Out,G League - Two-Way,2025-11-21
11/21/2025,08:30 (ET),NOP@DAL,New Orleans Pelicans,"Matkovic, Karlo",Out,Injury/Illness - Right Calf; Strain,2025-11-21
11/21/2025,08:30 (ET),NOP@DAL,New Orleans Pelicans,"Murray, Dejounte",Out,Injury/Illness - Right Achilles; Rupture,2025-11-21
11/21/2025,08:30 (ET),NOP@DAL,New Orleans Pelicans,"Poole, Jordan",Out,Injury/Illness - Left Quad; Strain,2025-11-21
11/22/2025,07:00 (ET),ATL@NOP,New Orleans Pelicans,,,NOT YET SUBMITTED,2025-11-21
11/22/2025,05:00 (ET),NYK@ORL,New York Knicks,"Anunoby, OG",Out,Injury/Illness - Left Hamstring; Strained,2025-11-21
11/22/2025,05:00 (ET),NYK@ORL,New York Knicks,"Brunson, Jalen",Probable,Injury/Illness - Right Ankle; Sprained,2025-11-21
11/21/2025,10:00 (ET),OKC@UTA,Oklahoma City Thunder,"Barnhizer, Brooks",Out,G League - Two-Way,2025-11-21
11/21/2025,10:00 (ET),OKC@UTA,Oklahoma City Thunder,"Carlson, Branden",Available,Injury/Illness - N/a; Nasal Fracture,2025-11-21
11/21/2025,10:00 (ET),OKC@UTA,Oklahoma City Thunder,"Sorber, Thomas",Out,Injury/Illness - Right ACL; Surgical Recovery,2025-11-21
11/21/2025,10:00 (ET),OKC@UTA,Oklahoma City Thunder,"Topic, Nikola",Out,Injury/Illness - N/a; Surgical Recovery,2025-11-21
11/21/2025,10:00 (ET),OKC@UTA,Oklahoma City Thunder,"Wiggins, Aaron",Out,Injury/Illness - Left Adductor; Strain,2025-11-21
11/21/2025,10:00 (ET),OKC@UTA,Oklahoma City Thunder,"Williams, Jalen",Out,Injury/Illness - Right Wrist; Surgical Recovery,2025-11-21
11/21/2025,10:00 (ET),OKC@UTA,Oklahoma City Thunder,"Williams, Kenrich",Out,Injury/Illness - Left Knee; Surgical Recovery,2025-11-21
11/22/2025,05:00 (ET),NYK@ORL,Orlando Magic,"Banchero, Paolo",Out,Injury/Illness - Left Groin; Strain,2025-11-21
11/22/2025,05:00 (ET),NYK@ORL,Orlando Magic,"Castleton, Colin",Out,G League - Two-Way,2025-11-21
11/22/2025,05:00 (ET),NYK@ORL,Orlando Magic,"Robinson, Orlando",Out,G League - Two-Way,2025-11-21
11/22/2025,05:00 (ET),NYK@ORL,Orlando Magic,"Wagner, Franz",Available,Injury/Illness - N/A; Face mask,2025-11-21
11/22/2025,05:00 (ET),NYK@ORL,Orlando Magic,"Wagner, Moritz",Out,Injury/Illness - Left Knee; Injury recovery,2025-11-21
11/21/2025,09:00 (ET),MIN@PHX,Phoenix Suns,"Allen, Grayson",Out,Injury/Illness - Right Quadriceps; Contusion,2025-11-21
11/21/2025,09:00 (ET),MIN@PHX,Phoenix Suns,"Fleming, Rasheer",Out,Injury/Illness - Left Ankle; Sprain,2025-11-21
11/21/2025,09:00 (ET),MIN@PHX,Phoenix Suns,"Green, Jalen",Out,Injury/Illness - Right Hamstring; Strain,2025-11-21
11/21/2025,10:00 (ET),POR@GSW,Portland Trail Blazers,"Grant, Jerami",Probable,Injury/Illness - Illness; .,2025-11-21
11/21/2025,10:00 (ET),POR@GSW,Portland Trail Blazers,"Henderson, Scoot",Out,Injury/Illness - Left Hamstring; Tear,2025-11-21
11/21/2025,10:00 (ET),POR@GSW,Portland Trail Blazers,"Holiday, Jrue",Out,Injury/Illness - Right Calf; Strain,2025-11-21
11/21/2025,10:00 (ET),POR@GSW,Portland Trail Blazers,"Lillard, Damian",Out,Injury/Illness - Left Achilles Tendon; Injury Management,2025-11-21
11/21/2025,10:00 (ET),POR@GSW,Portland Trail Blazers,"Sharpe, Shaedon",Out,Injury/Illness - Right Calf; Strain,2025-11-21
11/21/2025,10:00 (ET),POR@GSW,Portland Trail Blazers,"Thybulle, Matisse",Out,Injury/Illness - Left Thumb; Ligament Tear,2025-11-21
11/21/2025,10:00 (ET),POR@GSW,Portland Trail Blazers,"Wesley, Blake",Out,Injury/Illness - Right Foot; Fracture,2025-11-21
11/21/2025,10:00 (ET),POR@GSW,Portland Trail Blazers,"Williams III, Robert",Questionable,Injury/Illness - Right Knee; Injury Management,2025-11-21
11/22/2025,10:00 (ET),SAC@DEN,Sacramento Kings,,,NOT YET SUBMITTED,2025-11-21
11/21/2025,07:30 (ET),WAS@TOR,Toronto Raptors,"Hepburn, Chucky",Out,G League - Two-Way,2025-11-21
11/21/2025,07:30 (ET),WAS@TOR,Toronto Raptors,"Lawson, A.J.",Out,G League - Two-Way,2025-11-21
11/21/2025,07:30 (ET),WAS@TOR,Toronto Raptors,"Martin, Alijah",Out,G League - Two-Way,2025-11-21
11/21/2025,07:30 (ET),WAS@TOR,Toronto Raptors,"Mogbo, Jonathan",Out,G League - On Assignment,2025-11-21
11/21/2025,07:30 (ET),WAS@TOR,Toronto Raptors,"Murray-Boyles, Collin",Out,Injury/Illness - Right Knee; MCL Sprain,2025-11-21
11/21/2025,10:00 (ET),OKC@UTA,Utah Jazz,"Filipowski, Kyle",Available,Injury/Illness - Right Wrist; Sprain,2025-11-21
11/21/2025,10:00 (ET),OKC@UTA,Utah Jazz,"Kessler, Walker",Out,Injury/Illness - Left Shoulder; Injury Recovery,2025-11-21
11/21/2025,10:00 (ET),OKC@UTA,Utah Jazz,"Niang, Georges",Out,Injury/Illness - Left Foot; Fourth Metatarsal Stress Reaction,2025-11-21
11/21/2025,10:00 (ET),OKC@UTA,Utah Jazz,"Tonje, John",Out,G League - Two-Way,2025-11-21
11/21/2025,10:00 (ET),OKC@UTA,Utah Jazz,"Tshiebwe, Oscar",Out,G League - Two-Way,2025-11-21
11/21/2025,07:30 (ET),WAS@TOR,Washington Wizards,"Bagley III, Marvin",Out,Injury/Illness - Right Hip; Contusion,2025-11-21
11/21/2025,07:30 (ET),WAS@TOR,Washington Wizards,"Johnson, AJ",Out,Injury/Illness - Right Ankle; Contusion,2025-11-21
11/21/2025,07:30 (ET),WAS@TOR,Washington Wizards,"Sarr, Alex",Out,Injury/Illness - Left Big Toe; Soreness,2025-11-21
11/22/2025,08:00 (ET),WAS@CHI,Washington Wizards,,,NOT YET SUBMITTED,2025-11-21
11/22/2025,07:00 (ET),ATL@NOP,Atlanta Hawks,"Dante, N'Faly",Out,G League - On Assignment,2025-11-22
11/22/2025,07:00 (ET),ATL@NOP,Atlanta Hawks,"Djurisic, Nikola",Out,G League - On Assignment,2025-11-22
11/22/2025,07:00 (ET),ATL@NOP,Atlanta Hawks,"Ndiaye, Eli John",Out,G League - Two-Way,2025-11-22
11/22/2025,07:00 (ET),ATL@NOP,Atlanta Hawks,"Okongwu, Onyeka",Out,Injury/Illness - Left Ankle; Inflammation,2025-11-22
11/22/2025,07:00 (ET),ATL@NOP,Atlanta Hawks,"Wallace, Keaton",Out,Personal Reasons,2025-11-22
11/22/2025,07:00 (ET),ATL@NOP,Atlanta Hawks,"Young, Trae",Out,Injury/Illness - Right Knee; MCL Sprain,2025-11-22
11/23/2025,06:00 (ET),CHA@ATL,Atlanta Hawks,,,NOT YET SUBMITTED,2025-11-22
11/23/2025,06:00 (ET),ORL@BOS,Boston Celtics,"Harper Jr., Ron",Out,G League - Two-Way,2025-11-22
11/23/2025,06:00 (ET),ORL@BOS,Boston Celtics,"Shulga, Max",Out,G League - Two-Way,2025-11-22
11/23/2025,06:00 (ET),ORL@BOS,Boston Celtics,"Tatum, Jayson",Out,Injury/Illness - Right Achilles; Repair,2025-11-22
11/23/2025,06:00 (ET),ORL@BOS,Boston Celtics,"Williams, Amari",Out,G League - Two-Way,2025-11-22
11/23/2025,06:00 (ET),BKN@TOR,Brooklyn Nets,"Claxton, Nic",Probable,Injury/Illness - Left Elbow; Sprain,2025-11-22
11/23/2025,06:00 (ET),BKN@TOR,Brooklyn Nets,"Demin, Egor",Probable,Injury/Illness - Neck/Jaw; Soreness,2025-11-22
11/23/2025,06:00 (ET),BKN@TOR,Brooklyn Nets,"Highsmith, Haywood",Out,"Injury/Illness - Right Knee; Surgery, Injury Recovery",2025-11-22
11/23/2025,06:00 (ET),BKN@TOR,Brooklyn Nets,"Saraf, Ben",Out,Injury/Illness - Left Ankle; Sprain,2025-11-22
11/23/2025,06:00 (ET),BKN@TOR,Brooklyn Nets,"Thomas, Cam",Out,Injury/Illness - Left Hamstring; Strain,2025-11-22
11/23/2025,06:00 (ET),BKN@TOR,Brooklyn Nets,"Traore, Nolan",Out,G League - On Assignment,2025-11-22
11/23/2025,06:00 (ET),BKN@TOR,Brooklyn Nets,"Wolf, Danny",Out,G League - On Assignment,2025-11-22
11/22/2025,01:00 (ET),LAC@CHA,Charlotte Hornets,"Green, Josh",Out,Injury/Illness - Left Shoulder; Surgery,2025-11-22
11/22/2025,01:00 (ET),LAC@CHA,Charlotte Hornets,"James, Sion",Available,Injury/Illness - Left Groin; Soreness,2025-11-22
11/22/2025,01:00 (ET),LAC@CHA,Charlotte Hornets,"Mann, Tre",Out,Injury/Illness - Left Ankle; Soreness,2025-11-22
11/22/2025,01:00 (ET),LAC@CHA,Charlotte Hornets,"Salaun, Tidjane",Out,G League - On Assignment,2025-11-22
11/22/2025,01:00 (ET),LAC@CHA,Charlotte Hornets,"Williams, Grant",Out,Injury/Illness - Right Knee; Surgery,2025-11-22
11/23/2025,06:00 (ET),CHA@ATL,Charlotte Hornets,,,NOT YET SUBMITTED,2025-11-22
11/22/2025,08:00 (ET),WAS@CHI,Chicago Bulls,"Buzelis, Matas",Questionable,Injury/Illness - Right Ankle; Sprain,2025-11-22
11/22/2025,08:00 (ET),WAS@CHI,Chicago Bulls,"Collins, Zach",Out,Injury/Illness - Left Scaphoid; Fracture,2025-11-22
11/22/2025,08:00 (ET),WAS@CHI,Chicago Bulls,"Flowers, Trentyn",Out,Injury/Illness - N/a; Illness,2025-11-22
11/22/2025,08:00 (ET),WAS@CHI,Chicago Bulls,"Huerter, Kevin",Questionable,Injury/Illness - N/a; Illness,2025-11-22
11/22/2025,08:00 (ET),WAS@CHI,Chicago Bulls,"Jones, Tre",Probable,Injury/Illness - Left Ankle; Impingement,2025-11-22
11/22/2025,08:00 (ET),WAS@CHI,Chicago Bulls,"Okoro, Isaac",Questionable,Injury/Illness - Left Lumbar; Radiculopathy,2025-11-22
11/22/2025,08:00 (ET),WAS@CHI,Chicago Bulls,"Terry, Dalen",Doubtful,Injury/Illness - Left Calf; Strain,2025-11-22
11/22/2025,08:00 (ET),WAS@CHI,Chicago Bulls,"Williams, Patrick",Questionable,Injury/Illness - Left Wrist; Sprain,2025-11-22
11/23/2025,06:00 (ET),LAC@CLE,Cleveland Cavaliers,"Allen, Jarrett",Out,Injury/Illness - Right 3rd Finger; Strain,2025-11-22
11/23/2025,06:00 (ET),LAC@CLE,Cleveland Cavaliers,"Ball, Lonzo",Out,Rest - Left Knee Injury Management,2025-11-22
11/23/2025,06:00 (ET),LAC@CLE,Cleveland Cavaliers,"Merrill, Sam",Out,Injury/Illness - Right Hand; Sprain,2025-11-22
11/23/2025,06:00 (ET),LAC@CLE,Cleveland Cavaliers,"Porter Jr., Craig",Out,Injury/Illness - Left Hamstring; Strain,2025-11-22
11/23/2025,06:00 (ET),LAC@CLE,Cleveland Cavaliers,"Strus, Max",Out,Injury/Illness - Left Foot; Surgery - Jones Fracture,2025-11-22
11/22/2025,08:30 (ET),MEM@DAL,Dallas Mavericks,"Davis, Anthony",Out,Injury/Illness - Left Calf; Strain,2025-11-22
11/22/2025,08:30 (ET),MEM@DAL,Dallas Mavericks,"Exum, Dante",Out,Injury/Illness - Right Knee; Injury Management,2025-11-22
11/22/2025,08:30 (ET),MEM@DAL,Dallas Mavericks,"Flagg, Cooper",Available,Injury/Illness - Right Thumb; Splint,2025-11-22
11/22/2025,08:30 (ET),MEM@DAL,Dallas Mavericks,"Irving, Kyrie",Out,Injury/Illness - Left Knee; Surgery,2025-11-22
11/22/2025,08:30 (ET),MEM@DAL,Dallas Mavericks,"Lively II, Dereck",Out,Injury/Illness - Right Knee; Injury Management,2025-11-22
11/22/2025,08:30 (ET),MEM@DAL,Dallas Mavericks,"Nembhard, Ryan",Doubtful,Injury/Illness - Left Knee; Sprain,2025-11-22
11/22/2025,08:30 (ET),MEM@DAL,Dallas Mavericks,"Russell, D'Angelo",Questionable,Injury/Illness - Illness; Illness,2025-11-22
11/22/2025,10:00 (ET),SAC@DEN,Denver Nuggets,"Bates, Tamar",Out,G League - Two-Way,2025-11-22
11/22/2025,10:00 (ET),SAC@DEN,Denver Nuggets,"Braun, Christian",Out,Injury/Illness - Left Ankle; Sprain,2025-11-22
11/22/2025,10:00 (ET),SAC@DEN,Denver Nuggets,"Gordon, Aaron",Out,Injury/Illness - Right Hamstring; Strain,2025-11-22
11/22/2025,10:00 (ET),SAC@DEN,Denver Nuggets,"Jones, Curtis",Out,G League - Two-Way,2025-11-22
11/22/2025,10:00 (ET),SAC@DEN,Denver Nuggets,"Strawther, Julian",Out,Injury/Illness - Lower Back; Injury Management,2025-11-22
11/22/2025,08:00 (ET),DET@MIL,Detroit Pistons,"Harris, Tobias",Questionable,Injury/Illness - Right Ankle; Sprain,2025-11-22
11/22/2025,08:00 (ET),DET@MIL,Detroit Pistons,"Ivey, Jaden",Questionable,Return to Competition Reconditioning,2025-11-22
11/22/2025,08:00 (ET),DET@MIL,Detroit Pistons,"Jones, Isaac",Out,G League - On Assignment,2025-11-22
11/22/2025,08:00 (ET),DET@MIL,Detroit Pistons,"Klintman, Bobi",Out,Injury/Illness - Left Ankle; Sprain,2025-11-22
11/22/2025,08:00 (ET),DET@MIL,Detroit Pistons,"Moore Jr., Wendell",Out,G League - Two-Way,2025-11-22
11/22/2025,08:00 (ET),DET@MIL,Detroit Pistons,"Sasser, Marcus",Out,Injury/Illness - Right Hip; Impingement,2025-11-22
11/22/2025,08:00 (ET),DET@MIL,Detroit Pistons,"Smith, Tolu",Out,G League - Two-Way,2025-11-22
11/22/2025,01:00 (ET),LAC@CHA,LA Clippers,"Beal, Bradley",Out,Injury/Illness - Left Hip; Fracture,2025-11-22
11/22/2025,01:00 (ET),LAC@CHA,LA Clippers,"Bogdanovic, Bogdan",Out,Injury/Illness - Left Hip; Soreness,2025-11-22
11/22/2025,01:00 (ET),LAC@CHA,LA Clippers,"Jones Jr., Derrick",Out,Injury/Illness - Right Knee; Sprain,2025-11-22
11/22/2025,01:00 (ET),LAC@CHA,LA Clippers,"Leonard, Kawhi",Out,Injury/Illness - Right Ankle; Sprain,2025-11-22
11/22/2025,01:00 (ET),LAC@CHA,LA Clippers,"Miller, Jordan",Out,Injury/Illness - Left Hamstring; Injury Management,2025-11-22
11/23/2025,06:00 (ET),LAC@CLE,LA Clippers,,,NOT YET SUBMITTED,2025-11-22
11/23/2025,08:00 (ET),LAL@UTA,Los Angeles Lakers,,,NOT YET SUBMITTED,2025-11-22
11/22/2025,08:30 (ET),MEM@DAL,Memphis Grizzlies,"Clarke, Brandon",Out,Injury/Illness - Right Knee; Surgery Recovery,2025-11-22
11/22/2025,08:30 (ET),MEM@DAL,Memphis Grizzlies,"Jackson Jr., Jaren",Doubtful,Injury/Illness - Right Ankle; Sprain,2025-11-22
11/22/2025,08:30 (ET),MEM@DAL,Memphis Grizzlies,"Jerome, Ty",Out,Injury/Illness - Right Calf; Strain,2025-11-22
11/22/2025,08:30 (ET),MEM@DAL,Memphis Grizzlies,"Morant, Ja",Out,Injury/Illness - Right Calf; Strain,2025-11-22
11/22/2025,08:30 (ET),MEM@DAL,Memphis Grizzlies,"Pippen Jr., Scotty",Out,Injury/Illness - Left Great Toe; Surgery Recovery,2025-11-22
11/22/2025,08:30 (ET),MEM@DAL,Memphis Grizzlies,"Small, Javon",Out,Injury/Illness - Left Toe; Turf Toe,2025-11-22
11/23/2025,01:00 (ET),MIA@PHI,Miami Heat,"Goldin, Vladislav",Out,G League - Two-Way,2025-11-22
11/23/2025,01:00 (ET),MIA@PHI,Miami Heat,"Herro, Tyler",Out,Injury/Illness - Left Ankle; Surgery,2025-11-22
11/23/2025,01:00 (ET),MIA@PHI,Miami Heat,"Jakucionis, Kasparas",Out,G League - On Assignment,2025-11-22
11/23/2025,01:00 (ET),MIA@PHI,Miami Heat,"Jovic, Nikola",Out,Injury/Illness - Right Hip; Impingement,2025-11-22
11/23/2025,01:00 (ET),MIA@PHI,Miami Heat,"Powell, Norman",Probable,Injury/Illness - Left Hip; Irritation,2025-11-22
11/23/2025,01:00 (ET),MIA@PHI,Miami Heat,"Rozier, Terry",Out,Not With Team,2025-11-22
11/23/2025,01:00 (ET),MIA@PHI,Miami Heat,"Smith, Dru",Available,Injury/Illness - Right Knee; Contusion,2025-11-22
11/23/2025,01:00 (ET),MIA@PHI,Miami Heat,"Wiggins, Andrew",Out,Injury/Illness - Left Hip Flexor; Strain,2025-11-22
11/22/2025,08:00 (ET),DET@MIL,Milwaukee Bucks,"Antetokounmpo, Alex",Out,G League - Two-Way,2025-11-22
11/22/2025,08:00 (ET),DET@MIL,Milwaukee Bucks,"Antetokounmpo, Giannis",Out,Injury/Illness - Left Adductor; Strain,2025-11-22
11/22/2025,08:00 (ET),DET@MIL,Milwaukee Bucks,"Kuzma, Kyle",Available,Injury/Illness - N/a; Illness,2025-11-22
11/22/2025,08:00 (ET),DET@MIL,Milwaukee Bucks,"Porter Jr., Kevin",Out,Injury/Illness - Right Knee; Meniscus Surgery,2025-11-22
11/22/2025,08:00 (ET),DET@MIL,Milwaukee Bucks,"Prince, Taurean",Out,Injury/Illness - Neck; Surgery,2025-11-22
11/22/2025,07:00 (ET),ATL@NOP,New Orleans Pelicans,"Alexander, Trey",Out,G League - Two-Way,2025-11-22
11/22/2025,07:00 (ET),ATL@NOP,New Orleans Pelicans,"Jones, Herbert",Questionable,Injury/Illness - Low Back; Spasms,2025-11-22
11/22/2025,07:00 (ET),ATL@NOP,New Orleans Pelicans,"Matkovic, Karlo",Out,Injury/Illness - Right Calf; Strain,2025-11-22
11/22/2025,07:00 (ET),ATL@NOP,New Orleans Pelicans,"Murray, Dejounte",Out,Injury/Illness - Right Achilles; Rupture,2025-11-22
11/22/2025,07:00 (ET),ATL@NOP,New Orleans Pelicans,"Poole, Jordan",Out,Injury/Illness - Left Quad; Strain,2025-11-22
11/22/2025,07:00 (ET),ATL@NOP,New Orleans Pelicans,"Williamson, Zion",Out,Injury/Illness - Left Hamstring; Injury Management,2025-11-22
11/22/2025,05:00 (ET),NYK@ORL,New York Knicks,"Anunoby, OG",Out,Injury/Illness - Left Hamstring; Strained,2025-11-22
11/22/2025,05:00 (ET),NYK@ORL,New York Knicks,"Brunson, Jalen",Available,Injury/Illness - Right Ankle; Sprained,2025-11-22
11/22/2025,05:00 (ET),NYK@ORL,New York Knicks,"McBride, Miles",Available,Injury/Illness - Illness; Illness,2025-11-22
11/23/2025,07:00 (ET),POR@OKC,Oklahoma City Thunder,,,NOT YET SUBMITTED,2025-11-22
11/22/2025,05:00 (ET),NYK@ORL,Orlando Magic,"Banchero, Paolo",Out,Injury/Illness - Left Groin; Strain,2025-11-22
11/22/2025,05:00 (ET),NYK@ORL,Orlando Magic,"Castleton, Colin",Out,G League - Two-Way,2025-11-22
11/22/2025,05:00 (ET),NYK@ORL,Orlando Magic,"Robinson, Orlando",Out,G League - Two-Way,2025-11-22
11/22/2025,05:00 (ET),NYK@ORL,Orlando Magic,"Wagner, Franz",Available,Injury/Illness - N/A; Face mask,2025-11-22
11/22/2025,05:00 (ET),NYK@ORL,Orlando Magic,"Wagner, Moritz",Out,Injury/Illness - Left Knee; Injury recovery,2025-11-22
11/23/2025,06:00 (ET),ORL@BOS,Orlando Magic,,,NOT YET SUBMITTED,2025-11-22
11/23/2025,01:00 (ET),MIA@PHI,Philadelphia 76ers,"Bona, Adem",Out,Injury/Illness - Right Ankle; Sprain,2025-11-22
11/23/2025,01:00 (ET),MIA@PHI,Philadelphia 76ers,"Edgecombe, VJ",Questionable,Injury/Illness - Left Calf; Tightness,2025-11-22
11/23/2025,01:00 (ET),MIA@PHI,Philadelphia 76ers,"Embiid, Joel",Out,Injury/Illness - Right Knee; Injury Management,2025-11-22
11/23/2025,01:00 (ET),MIA@PHI,Philadelphia 76ers,"McCain, Jared",Available,Injury/Illness - Right Thumb; Surgery Recovery - Splint,2025-11-22
11/23/2025,01:00 (ET),MIA@PHI,Philadelphia 76ers,"Oubre Jr., Kelly",Out,Injury/Illness - Left Knee; Sprain,2025-11-22
11/23/2025,08:00 (ET),SAS@PHX,Phoenix Suns,,,NOT YET SUBMITTED,2025-11-22
11/23/2025,07:00 (ET),POR@OKC,Portland Trail Blazers,,,NOT YET SUBMITTED,2025-11-22
11/22/2025,10:00 (ET),SAC@DEN,Sacramento Kings,"Cardwell, Dylan",Out,G League - Two-Way,2025-11-22
11/22/2025,10:00 (ET),SAC@DEN,Sacramento Kings,"Plowden, Daeqwon",Out,G League - Two-Way,2025-11-22
11/22/2025,10:00 (ET),SAC@DEN,Sacramento Kings,"Sabonis, Domantas",Out,Injury/Illness - Left Knee; Partial Meniscus Tear,2025-11-22
11/22/2025,10:00 (ET),SAC@DEN,Sacramento Kings,"Stevens, Isaiah",Out,G League - Two-Way,2025-11-22
11/23/2025,08:00 (ET),SAS@PHX,San Antonio Spurs,,,NOT YET SUBMITTED,2025-11-22
11/23/2025,06:00 (ET),BKN@TOR,Toronto Raptors,"Murray-Boyles, Collin",Questionable,Injury/Illness - Right Knee; MCL Sprain,2025-11-22
11/23/2025,06:00 (ET),BKN@TOR,Toronto Raptors,"Poeltl, Jakob",Out,Injury/Illness - Lower Back; Injury Management,2025-11-22
11/23/2025,08:00 (ET),LAL@UTA,Utah Jazz,,,NOT YET SUBMITTED,2025-11-22
11/22/2025,08:00 (ET),WAS@CHI,Washington Wizards,"Bagley III, Marvin",Out,Injury/Illness - Right Hip; Contusion,2025-11-22
11/22/2025,08:00 (ET),WAS@CHI,Washington Wizards,"Johnson, AJ",Out,Injury/Illness - Right Ankle; Contusion,2025-11-22
11/22/2025,08:00 (ET),WAS@CHI,Washington Wizards,"Johnson, Tre",Questionable,Injury/Illness - Left Hip; Flexor soreness,2025-11-22
11/22/2025,08:00 (ET),WAS@CHI,Washington Wizards,"Middleton, Khris",Out,Injury/Illness - Right Knee; Injury management,2025-11-22
11/23/2025,06:00 (ET),CHA@ATL,Atlanta Hawks,"Dante, N'Faly",Out,Injury/Illness - Left Knee; MCL Sprain,2025-11-23
11/23/2025,06:00 (ET),CHA@ATL,Atlanta Hawks,"Djurisic, Nikola",Out,Injury/Illness - Right Elbow; Sprain,2025-11-23
11/23/2025,06:00 (ET),CHA@ATL,Atlanta Hawks,"Kennard, Luke",Out,Injury/Illness - Left Hip; Inflammation,2025-11-23
11/23/2025,06:00 (ET),CHA@ATL,Atlanta Hawks,"Ndiaye, Eli John",Out,G League - Two-Way,2025-11-23
11/23/2025,06:00 (ET),CHA@ATL,Atlanta Hawks,"Okongwu, Onyeka",Available,Injury/Illness - Left Ankle; Inflammation,2025-11-23
11/23/2025,06:00 (ET),CHA@ATL,Atlanta Hawks,"Porzingis, Kristaps",Out,Rest,2025-11-23
11/23/2025,06:00 (ET),CHA@ATL,Atlanta Hawks,"Young, Trae",Out,Injury/Illness - Right Knee; MCL Sprain,2025-11-23
11/23/2025,06:00 (ET),ORL@BOS,Boston Celtics,"Harper Jr., Ron",Out,G League - Two-Way,2025-11-23
11/23/2025,06:00 (ET),ORL@BOS,Boston Celtics,"Shulga, Max",Out,G League - Two-Way,2025-11-23
11/23/2025,06:00 (ET),ORL@BOS,Boston Celtics,"Tatum, Jayson",Out,Injury/Illness - Right Achilles; Repair,2025-11-23
11/23/2025,06:00 (ET),ORL@BOS,Boston Celtics,"Williams, Amari",Out,G League - Two-Way,2025-11-23
11/23/2025,06:00 (ET),BKN@TOR,Brooklyn Nets,"Claxton, Nic",Available,Injury/Illness - Left Elbow; Sprain,2025-11-23
11/23/2025,06:00 (ET),BKN@TOR,Brooklyn Nets,"Demin, Egor",Available,Injury/Illness - Neck/Jaw; Soreness,2025-11-23
11/23/2025,06:00 (ET),BKN@TOR,Brooklyn Nets,"Highsmith, Haywood",Out,"Injury/Illness - Right Knee; Surgery, Injury Recovery",2025-11-23
11/23/2025,06:00 (ET),BKN@TOR,Brooklyn Nets,"Saraf, Ben",Out,Injury/Illness - Left Ankle; Sprain,2025-11-23
11/23/2025,06:00 (ET),BKN@TOR,Brooklyn Nets,"Thomas, Cam",Out,Injury/Illness - Left Hamstring; Strain,2025-11-23
11/23/2025,06:00 (ET),BKN@TOR,Brooklyn Nets,"Traore, Nolan",Out,G League - On Assignment,2025-11-23
11/23/2025,06:00 (ET),BKN@TOR,Brooklyn Nets,"Wolf, Danny",Out,G League - On Assignment,2025-11-23
11/24/2025,07:30 (ET),NYK@BKN,Brooklyn Nets,,,NOT YET SUBMITTED,2025-11-23
11/23/2025,06:00 (ET),CHA@ATL,Charlotte Hornets,"Ball, LaMelo",Out,Injury/Illness - Right Ankle; Injury Management,2025-11-23
11/23/2025,06:00 (ET),CHA@ATL,Charlotte Hornets,"Connaughton, Pat",Out,Injury/Illness - Right Calf; Strain,2025-11-23
11/23/2025,06:00 (ET),CHA@ATL,Charlotte Hornets,"Green, Josh",Out,Injury/Illness - Left Shoulder; Surgery,2025-11-23
11/23/2025,06:00 (ET),CHA@ATL,Charlotte Hornets,"Kalkbrenner, Ryan",Out,Injury/Illness - Left Ankle; Sprain,2025-11-23
11/23/2025,06:00 (ET),CHA@ATL,Charlotte Hornets,"Mann, Tre",Available,Injury/Illness - Left Ankle; Soreness,2025-11-23
11/23/2025,06:00 (ET),CHA@ATL,Charlotte Hornets,"Miller, Brandon",Out,Injury/Illness - Left Shoulder; Injury Management,2025-11-23
11/23/2025,06:00 (ET),CHA@ATL,Charlotte Hornets,"Salaun, Tidjane",Out,G League - On Assignment,2025-11-23
11/23/2025,06:00 (ET),CHA@ATL,Charlotte Hornets,"Williams, Grant",Out,Injury/Illness - Right Knee; Surgery,2025-11-23
11/24/2025,08:00 (ET),CHI@NOP,Chicago Bulls,"Collins, Zach",Out,Injury/Illness - Left Scaphoid; Fracture,2025-11-23
11/24/2025,08:00 (ET),CHI@NOP,Chicago Bulls,"Flowers, Trentyn",Out,Injury/Illness - N/a; Illness,2025-11-23
11/24/2025,08:00 (ET),CHI@NOP,Chicago Bulls,"Huerter, Kevin",Questionable,Injury/Illness - N/a; Illness,2025-11-23
11/24/2025,08:00 (ET),CHI@NOP,Chicago Bulls,"Okoro, Isaac",Out,Injury/Illness - Left Lumbar; Radiculopathy,2025-11-23
11/24/2025,08:00 (ET),CHI@NOP,Chicago Bulls,"Terry, Dalen",Out,Injury/Illness - Left Calf; Strain,2025-11-23
11/24/2025,08:00 (ET),CHI@NOP,Chicago Bulls,"Williams, Patrick",Questionable,Injury/Illness - Left Wrist; Sprain,2025-11-23
11/23/2025,06:00 (ET),LAC@CLE,Cleveland Cavaliers,"Allen, Jarrett",Out,Injury/Illness - Right 3rd Finger; Strain,2025-11-23
11/23/2025,06:00 (ET),LAC@CLE,Cleveland Cavaliers,"Ball, Lonzo",Out,Rest - Left Knee Injury Management,2025-11-23
11/23/2025,06:00 (ET),LAC@CLE,Cleveland Cavaliers,"Merrill, Sam",Out,Injury/Illness - Right Hand; Sprain,2025-11-23
11/23/2025,06:00 (ET),LAC@CLE,Cleveland Cavaliers,"Porter Jr., Craig",Out,Injury/Illness - Left Hamstring; Strain,2025-11-23
11/23/2025,06:00 (ET),LAC@CLE,Cleveland Cavaliers,"Strus, Max",Out,Injury/Illness - Left Foot; Surgery - Jones Fracture,2025-11-23
11/24/2025,07:00 (ET),CLE@TOR,Cleveland Cavaliers,,,NOT YET SUBMITTED,2025-11-23
11/24/2025,07:30 (ET),DAL@MIA,Dallas Mavericks,"Davis, Anthony",Doubtful,Injury/Illness - Left Calf; Strain,2025-11-23
11/24/2025,07:30 (ET),DAL@MIA,Dallas Mavericks,"Exum, Dante",Out,Injury/Illness - Right Knee; Injury Management,2025-11-23
11/24/2025,07:30 (ET),DAL@MIA,Dallas Mavericks,"Flagg, Cooper",Available,Injury/Illness - Right Thumb; Splint,2025-11-23
11/24/2025,07:30 (ET),DAL@MIA,Dallas Mavericks,"Irving, Kyrie",Out,Injury/Illness - Left Knee; Surgery,2025-11-23
11/24/2025,07:30 (ET),DAL@MIA,Dallas Mavericks,"Lively II, Dereck",Out,Injury/Illness - Right Foot; Injury Management,2025-11-23
11/24/2025,07:30 (ET),DAL@MIA,Dallas Mavericks,"Nembhard, Ryan",Questionable,Injury/Illness - Left Knee; Sprain,2025-11-23
11/24/2025,07:30 (ET),DAL@MIA,Dallas Mavericks,"Williams, Brandon",Questionable,Injury/Illness - Low Back; Tightness,2025-11-23
11/24/2025,08:00 (ET),DEN@MEM,Denver Nuggets,"Braun, Christian",Out,Injury/Illness - Left Ankle; Sprain,2025-11-23
11/24/2025,08:00 (ET),DEN@MEM,Denver Nuggets,"Gordon, Aaron",Out,Injury/Illness - Right Hamstring; Strain,2025-11-23
11/24/2025,08:00 (ET),DEN@MEM,Denver Nuggets,"Strawther, Julian",Out,Injury/Illness - Lower Back; Injury Management,2025-11-23
11/24/2025,07:00 (ET),DET@IND,Detroit Pistons,"Ivey, Jaden",Probable,Return to Competition Reconditioning,2025-11-23
11/24/2025,07:00 (ET),DET@IND,Detroit Pistons,"Jones, Isaac",Out,G League - On Assignment,2025-11-23
11/24/2025,07:00 (ET),DET@IND,Detroit Pistons,"Klintman, Bobi",Out,Injury/Illness - Left Ankle; Sprain,2025-11-23
11/24/2025,07:00 (ET),DET@IND,Detroit Pistons,"LeVert, Caris",Probable,Injury/Illness - Left Foot; Soreness,2025-11-23
11/24/2025,07:00 (ET),DET@IND,Detroit Pistons,"Moore Jr., Wendell",Out,G League - Two-Way,2025-11-23
11/24/2025,07:00 (ET),DET@IND,Detroit Pistons,"Sasser, Marcus",Out,Injury/Illness - Right Hip; Impingement,2025-11-23
11/24/2025,07:00 (ET),DET@IND,Detroit Pistons,"Smith, Tolu",Out,G League - Two-Way,2025-11-23
11/24/2025,10:00 (ET),UTA@GSW,Golden State Warriors,,,NOT YET SUBMITTED,2025-11-23
11/24/2025,09:30 (ET),HOU@PHX,Houston Rockets,,,NOT YET SUBMITTED,2025-11-23
11/24/2025,07:00 (ET),DET@IND,Indiana Pacers,"Furphy, Johnny",Out,Injury/Illness - Left Ankle; Sprain,2025-11-23
11/24/2025,07:00 (ET),DET@IND,Indiana Pacers,"Haliburton, Tyrese",Out,Injury/Illness - Right Achilles Tendon; Tear,2025-11-23
11/24/2025,07:00 (ET),DET@IND,Indiana Pacers,"Jackson, Quenton",Out,Injury/Illness - Right Hamstring; Strain,2025-11-23
11/24/2025,07:00 (ET),DET@IND,Indiana Pacers,"Jones, Kam",Out,Injury/Illness - Lower Back; Stress Reaction,2025-11-23
11/24/2025,07:00 (ET),DET@IND,Indiana Pacers,"Nesmith, Aaron",Out,Injury/Illness - Left Knee; MCL Sprain,2025-11-23
11/24/2025,07:00 (ET),DET@IND,Indiana Pacers,"Toppin, Obi",Out,Injury/Illness - Right Foot; Stress Fracture,2025-11-23
11/23/2025,06:00 (ET),LAC@CLE,LA Clippers,"Beal, Bradley",Out,Injury/Illness - Left Hip; Fracture,2025-11-23
11/23/2025,06:00 (ET),LAC@CLE,LA Clippers,"Bogdanovic, Bogdan",Out,Injury/Illness - Left Hip; Contusion,2025-11-23
11/23/2025,06:00 (ET),LAC@CLE,LA Clippers,"Jones Jr., Derrick",Out,Injury/Illness - Right Knee; Sprain,2025-11-23
11/23/2025,06:00 (ET),LAC@CLE,LA Clippers,"Miller, Jordan",Out,Injury/Illness - Left Hamstring; Injury Management,2025-11-23
11/23/2025,08:00 (ET),LAL@UTA,Los Angeles Lakers,"James, Bronny",Out,G League - On Assignment,2025-11-23
11/23/2025,08:00 (ET),LAL@UTA,Los Angeles Lakers,"Thiero, Adou",Out,G League - On Assignment,2025-11-23
11/24/2025,08:00 (ET),DEN@MEM,Memphis Grizzlies,,,NOT YET SUBMITTED,2025-11-23
11/23/2025,01:00 (ET),MIA@PHI,Miami Heat,"Goldin, Vladislav",Out,G League - Two-Way,2025-11-23
11/23/2025,01:00 (ET),MIA@PHI,Miami Heat,"Herro, Tyler",Out,Injury/Illness - Left Ankle; Surgery,2025-11-23
11/23/2025,01:00 (ET),MIA@PHI,Miami Heat,"Jakucionis, Kasparas",Out,G League - On Assignment,2025-11-23
11/23/2025,01:00 (ET),MIA@PHI,Miami Heat,"Jovic, Nikola",Out,Injury/Illness - Right Hip; Impingement,2025-11-23
11/23/2025,01:00 (ET),MIA@PHI,Miami Heat,"Powell, Norman",Available,Injury/Illness - Left Hip; Irritation,2025-11-23
11/23/2025,01:00 (ET),MIA@PHI,Miami Heat,"Rozier, Terry",Out,Not With Team,2025-11-23
11/23/2025,01:00 (ET),MIA@PHI,Miami Heat,"Smith, Dru",Available,Injury/Illness - Right Knee; Contusion,2025-11-23
11/23/2025,01:00 (ET),MIA@PHI,Miami Heat,"Wiggins, Andrew",Out,Injury/Illness - Left Hip Flexor; Strain,2025-11-23
11/24/2025,07:30 (ET),DAL@MIA,Miami Heat,,,NOT YET SUBMITTED,2025-11-23
11/24/2025,08:00 (ET),POR@MIL,Milwaukee Bucks,"Antetokounmpo, Alex",Out,G League - Two-Way,2025-11-23
11/24/2025,08:00 (ET),POR@MIL,Milwaukee Bucks,"Antetokounmpo, Giannis",Out,Injury/Illness - Left Adductor; Strain,2025-11-23
11/24/2025,08:00 (ET),POR@MIL,Milwaukee Bucks,"Porter Jr., Kevin",Out,Injury/Illness - Right Knee; Meniscus Surgery,2025-11-23
11/24/2025,08:00 (ET),POR@MIL,Milwaukee Bucks,"Prince, Taurean",Out,Injury/Illness - Neck; Surgery,2025-11-23
11/24/2025,10:00 (ET),MIN@SAC,Minnesota Timberwolves,,,NOT YET SUBMITTED,2025-11-23
11/24/2025,08:00 (ET),CHI@NOP,New Orleans Pelicans,"Alexander, Trey",Out,G League - Two-Way,2025-11-23
11/24/2025,08:00 (ET),CHI@NOP,New Orleans Pelicans,"Jones, Herbert",Out,Injury/Illness - Right Calf; Strain,2025-11-23
11/24/2025,08:00 (ET),CHI@NOP,New Orleans Pelicans,"Looney, Kevon",Questionable,Injury/Illness - Right Heel; Contusion,2025-11-23
11/24/2025,08:00 (ET),CHI@NOP,New Orleans Pelicans,"Matkovic, Karlo",Out,Injury/Illness - Right Calf; Strain,2025-11-23
11/24/2025,08:00 (ET),CHI@NOP,New Orleans Pelicans,"Murray, Dejounte",Out,Injury/Illness - Right Achilles; Rupture,2025-11-23
11/24/2025,08:00 (ET),CHI@NOP,New Orleans Pelicans,"Poole, Jordan",Out,Injury/Illness - Left Quad; Strain,2025-11-23
11/24/2025,07:30 (ET),NYK@BKN,New York Knicks,"Anunoby, OG",Out,Injury/Illness - Left Hamstring; Strained,2025-11-23
11/24/2025,07:30 (ET),NYK@BKN,New York Knicks,"Shamet, Landry",Out,Injury/Illness - Right Shoulder; Sprained,2025-11-23
11/23/2025,07:00 (ET),POR@OKC,Oklahoma City Thunder,"Carlson, Branden",Available,Injury/Illness - N/a; Nasal Fracture,2025-11-23
11/23/2025,07:00 (ET),POR@OKC,Oklahoma City Thunder,"Sorber, Thomas",Out,Injury/Illness - Right ACL; Surgical Recovery,2025-11-23
11/23/2025,07:00 (ET),POR@OKC,Oklahoma City Thunder,"Topic, Nikola",Out,Injury/Illness - N/a; Surgical Recovery,2025-11-23
11/23/2025,07:00 (ET),POR@OKC,Oklahoma City Thunder,"Wiggins, Aaron",Out,Injury/Illness - Left Adductor; Strain,2025-11-23
11/23/2025,07:00 (ET),POR@OKC,Oklahoma City Thunder,"Williams, Jalen",Out,Injury/Illness - Right Wrist; Surgical Recovery,2025-11-23
11/23/2025,07:00 (ET),POR@OKC,Oklahoma City Thunder,"Williams, Kenrich",Out,Injury/Illness - Left Knee; Surgical Recovery,2025-11-23
11/23/2025,06:00 (ET),ORL@BOS,Orlando Magic,"Banchero, Paolo",Out,Injury/Illness - Left Groin; Strain,2025-11-23
11/23/2025,06:00 (ET),ORL@BOS,Orlando Magic,"Carter Jr., Wendell",Out,Injury/Illness - Left Ankle; Sprain,2025-11-23
11/23/2025,06:00 (ET),ORL@BOS,Orlando Magic,"Castleton, Colin",Out,G League - Two-Way,2025-11-23
11/23/2025,06:00 (ET),ORL@BOS,Orlando Magic,"Suggs, Jalen",Out,Injury/Illness - Left Knee; Injury management,2025-11-23
11/23/2025,06:00 (ET),ORL@BOS,Orlando Magic,"Wagner, Franz",Available,Injury/Illness - N/A; Face mask,2025-11-23
11/23/2025,06:00 (ET),ORL@BOS,Orlando Magic,"Wagner, Moritz",Out,Injury/Illness - Left Knee; Injury recovery,2025-11-23
11/23/2025,01:00 (ET),MIA@PHI,Philadelphia 76ers,"Bona, Adem",Out,Injury/Illness - Right Ankle; Sprain,2025-11-23
11/23/2025,01:00 (ET),MIA@PHI,Philadelphia 76ers,"Edgecombe, VJ",Out,Injury/Illness - Left Calf; Tightness,2025-11-23
11/23/2025,01:00 (ET),MIA@PHI,Philadelphia 76ers,"Embiid, Joel",Out,Injury/Illness - Right Knee; Injury Management,2025-11-23
11/23/2025,01:00 (ET),MIA@PHI,Philadelphia 76ers,"McCain, Jared",Available,Injury/Illness - Right Thumb; Surgery Recovery - Splint,2025-11-23
11/23/2025,01:00 (ET),MIA@PHI,Philadelphia 76ers,"Oubre Jr., Kelly",Out,Injury/Illness - Left Knee; Sprain,2025-11-23
11/23/2025,08:00 (ET),SAS@PHX,Phoenix Suns,"Allen, Grayson",Out,Injury/Illness - Right Quadriceps; Contusion,2025-11-23
11/23/2025,08:00 (ET),SAS@PHX,Phoenix Suns,"Dunn, Ryan",Questionable,Injury/Illness - Right Wrist; Sprain,2025-11-23
11/23/2025,08:00 (ET),SAS@PHX,Phoenix Suns,"Fleming, Rasheer",Questionable,Injury/Illness - Left Ankle; Sprain,2025-11-23
11/23/2025,08:00 (ET),SAS@PHX,Phoenix Suns,"Green, Jalen",Out,Injury/Illness - Right Hamstring; Strain,2025-11-23
11/24/2025,09:30 (ET),HOU@PHX,Phoenix Suns,,,NOT YET SUBMITTED,2025-11-23
11/23/2025,07:00 (ET),POR@OKC,Portland Trail Blazers,"Clingan, Donovan",Questionable,Injury/Illness - Left Ankle; Sprain,2025-11-23
11/23/2025,07:00 (ET),POR@OKC,Portland Trail Blazers,"Henderson, Scoot",Out,Injury/Illness - Left Hamstring; Tear,2025-11-23
11/23/2025,07:00 (ET),POR@OKC,Portland Trail Blazers,"Holiday, Jrue",Out,Injury/Illness - Right Calf; Strain,2025-11-23
11/23/2025,07:00 (ET),POR@OKC,Portland Trail Blazers,"Lillard, Damian",Out,Injury/Illness - Left Achilles Tendon; Injury Management,2025-11-23
11/23/2025,07:00 (ET),POR@OKC,Portland Trail Blazers,"Sharpe, Shaedon",Out,Injury/Illness - Right Calf; Strain,2025-11-23
11/23/2025,07:00 (ET),POR@OKC,Portland Trail Blazers,"Thybulle, Matisse",Out,Injury/Illness - Left Thumb; Ligament Tear,2025-11-23
11/23/2025,07:00 (ET),POR@OKC,Portland Trail Blazers,"Wesley, Blake",Out,Injury/Illness - Right Foot; Fracture,2025-11-23
11/23/2025,07:00 (ET),POR@OKC,Portland Trail Blazers,"Williams III, Robert",Questionable,Injury/Illness - Left Knee; Injury Management,2025-11-23
11/24/2025,08:00 (ET),POR@MIL,Portland Trail Blazers,,,NOT YET SUBMITTED,2025-11-23
11/24/2025,10:00 (ET),MIN@SAC,Sacramento Kings,,,NOT YET SUBMITTED,2025-11-23
11/23/2025,08:00 (ET),SAS@PHX,San Antonio Spurs,"Castle, Stephon",Out,Injury/Illness - Left Hip Flexor; Strain,2025-11-23
11/23/2025,08:00 (ET),SAS@PHX,San Antonio Spurs,"Harper, Dylan",Out,Injury/Illness - Left Calf; Strain,2025-11-23
11/23/2025,08:00 (ET),SAS@PHX,San Antonio Spurs,"Ingram, Harrison",Questionable,G League - Two-Way,2025-11-23
11/23/2025,08:00 (ET),SAS@PHX,San Antonio Spurs,"McLaughlin, Jordan",Out,Injury/Illness - Left Hamstring; Strain,2025-11-23
11/23/2025,08:00 (ET),SAS@PHX,San Antonio Spurs,"Minix, Riley",Questionable,G League - On Assignment,2025-11-23
11/23/2025,08:00 (ET),SAS@PHX,San Antonio Spurs,"Wembanyama, Victor",Out,Injury/Illness - Left Calf; Strain,2025-11-23
11/23/2025,06:00 (ET),BKN@TOR,Toronto Raptors,"Murray-Boyles, Collin",Available,Injury/Illness - Right Knee; MCL Sprain,2025-11-23
11/23/2025,06:00 (ET),BKN@TOR,Toronto Raptors,"Poeltl, Jakob",Out,Injury/Illness - Lower Back; Injury Management,2025-11-23
11/24/2025,07:00 (ET),CLE@TOR,Toronto Raptors,,,NOT YET SUBMITTED,2025-11-23
11/23/2025,08:00 (ET),LAL@UTA,Utah Jazz,"Harkless, Elijah",Out,G League - Two-Way,2025-11-23
11/23/2025,08:00 (ET),LAL@UTA,Utah Jazz,"Kessler, Walker",Out,Injury/Illness - Left Shoulder; Injury Recovery,2025-11-23
11/23/2025,08:00 (ET),LAL@UTA,Utah Jazz,"Niang, Georges",Out,Injury/Illness - Left Foot; Fourth Metatarsal Stress Reaction,2025-11-23
11/23/2025,08:00 (ET),LAL@UTA,Utah Jazz,"Tonje, John",Out,G League - Two-Way,2025-11-23
11/23/2025,08:00 (ET),LAL@UTA,Utah Jazz,"Tshiebwe, Oscar",Out,G League - Two-Way,2025-11-23
11/24/2025,10:00 (ET),UTA@GSW,Utah Jazz,,,NOT YET SUBMITTED,2025-11-23
