FROM,TO,N_GAMES,MAE,RMSE,MAPE
,,61,16.807772776373724,20.680661553389605,7.258847112942995
